Blender 4.3.2
Read blend: "/workspace/his-office-pinterest/variants/c-ink-studio/model/his-office-design.blend"
Fra:1 Mem:152.58M (Peak 152.58M) | Time:00:00.08 | Mem:0.00M, Peak:0.00M | Scene, ViewLayer | Synchronizing object | architecture_ceiling — his-office
Fra:1 Mem:152.59M (Peak 152.59M) | Time:00:00.08 | Mem:0.00M, Peak:0.00M | Scene, ViewLayer | Synchronizing object | architecture_floor — his-office
Fra:1 Mem:152.59M (Peak 152.59M) | Time:00:00.08 | Mem:0.00M, Peak:0.00M | Scene, ViewLayer | Synchronizing object | his-office wall0 segment
Fra:1 Mem:152.59M (Peak 152.59M) | Time:00:00.08 | Mem:0.00M, Peak:0.00M | Scene, ViewLayer | Synchronizing object | his-office wall2 segment
Fra:1 Mem:152.59M (Peak 152.59M) | Time:00:00.08 | Mem:0.00M, Peak:0.00M | Scene, ViewLayer | Synchronizing object | his-office wall4 segment
Fra:1 Mem:152.59M (Peak 152.59M) | Time:00:00.08 | Mem:0.00M, Peak:0.00M | Scene, ViewLayer | Synchronizing object | his-office wall5 corrected solid 0
Fra:1 Mem:152.59M (Peak 152.59M) | Time:00:00.08 | Mem:0.00M, Peak:0.00M | Scene, ViewLayer | Synchronizing object | his-office wall5 corrected bottom 1
Fra:1 Mem:152.59M (Peak 152.59M) | Time:00:00.08 | Mem:0.00M, Peak:0.00M | Scene, ViewLayer | Synchronizing object | his-office wall5 corrected head 1
Fra:1 Mem:152.59M (Peak 152.59M) | Time:00:00.08 | Mem:0.00M, Peak:0.00M | Scene, ViewLayer | Synchronizing object | his-office wall5 corrected solid 2
Fra:1 Mem:152.60M (Peak 152.60M) | Time:00:00.08 | Mem:0.00M, Peak:0.00M | Scene, ViewLayer | Synchronizing object | his-office wall5 corrected bottom 3
Fra:1 Mem:152.60M (Peak 152.60M) | Time:00:00.08 | Mem:0.00M, Peak:0.00M | Scene, ViewLayer | Synchronizing object | his-office wall5 corrected head 3
Fra:1 Mem:152.60M (Peak 152.60M) | Time:00:00.08 | Mem:0.00M, Peak:0.00M | Scene, ViewLayer | Synchronizing object | his-office wall5 corrected solid 4
Fra:1 Mem:152.60M (Peak 152.60M) | Time:00:00.08 | Mem:0.00M, Peak:0.00M | Scene, ViewLayer | Synchronizing object | his-office wall3 — lower-Y side
Fra:1 Mem:152.60M (Peak 152.60M) | Time:00:00.08 | Mem:0.00M, Peak:0.00M | Scene, ViewLayer | Synchronizing object | his-office wall3 — upper-Y side
Fra:1 Mem:152.60M (Peak 152.60M) | Time:00:00.08 | Mem:0.00M, Peak:0.00M | Scene, ViewLayer | Synchronizing object | his-office wall3 — head continuation
Fra:1 Mem:152.60M (Peak 152.60M) | Time:00:00.08 | Mem:0.00M, Peak:0.00M | Scene, ViewLayer | Synchronizing object | his-office wall3 — below floor continuation
Fra:1 Mem:152.60M (Peak 152.60M) | Time:00:00.08 | Mem:0.00M, Peak:0.00M | Scene, ViewLayer | Synchronizing object | his-office wall1 — lower-Y side
Fra:1 Mem:152.60M (Peak 152.60M) | Time:00:00.08 | Mem:0.00M, Peak:0.00M | Scene, ViewLayer | Synchronizing object | his-office wall1 — upper-Y side
Fra:1 Mem:152.61M (Peak 152.61M) | Time:00:00.08 | Mem:0.00M, Peak:0.00M | Scene, ViewLayer | Synchronizing object | his-office wall1 — head continuation
Fra:1 Mem:152.61M (Peak 152.61M) | Time:00:00.08 | Mem:0.00M, Peak:0.00M | Scene, ViewLayer | Synchronizing object | his-office wall1 — below floor continuation
Fra:1 Mem:152.61M (Peak 152.61M) | Time:00:00.08 | Mem:0.00M, Peak:0.00M | Scene, ViewLayer | Synchronizing object | Observed brick chimney projection
Fra:1 Mem:152.62M (Peak 152.62M) | Time:00:00.08 | Mem:0.00M, Peak:0.00M | Scene, ViewLayer | Synchronizing object | Local floor continuation to observed brick face
Fra:1 Mem:152.62M (Peak 152.62M) | Time:00:00.08 | Mem:0.00M, Peak:0.00M | Scene, ViewLayer | Synchronizing object | Observed single-window glazing
Fra:1 Mem:152.64M (Peak 152.64M) | Time:00:00.08 | Mem:0.00M, Peak:0.00M | Scene, ViewLayer | Synchronizing object | Observed single-window vertical trim
Fra:1 Mem:152.65M (Peak 152.65M) | Time:00:00.08 | Mem:0.00M, Peak:0.00M | Scene, ViewLayer | Synchronizing object | Observed single-window vertical trim.001
Fra:1 Mem:152.67M (Peak 152.67M) | Time:00:00.08 | Mem:0.00M, Peak:0.00M | Scene, ViewLayer | Synchronizing object | Observed single-window horizontal trim
Fra:1 Mem:152.68M (Peak 152.68M) | Time:00:00.08 | Mem:0.00M, Peak:0.00M | Scene, ViewLayer | Synchronizing object | Observed single-window horizontal trim.001
Fra:1 Mem:152.70M (Peak 152.70M) | Time:00:00.08 | Mem:0.00M, Peak:0.00M | Scene, ViewLayer | Synchronizing object | Observed single-window horizontal trim.002
Fra:1 Mem:152.71M (Peak 152.71M) | Time:00:00.08 | Mem:0.00M, Peak:0.00M | Scene, ViewLayer | Synchronizing object | Observed single-window projecting sill
Fra:1 Mem:152.72M (Peak 152.72M) | Time:00:00.08 | Mem:0.00M, Peak:0.00M | Scene, ViewLayer | Synchronizing object | Observed single-window sill apron
Fra:1 Mem:152.74M (Peak 152.74M) | Time:00:00.08 | Mem:0.00M, Peak:0.00M | Scene, ViewLayer | Synchronizing object | Existing closet frame jamb
Fra:1 Mem:152.75M (Peak 152.75M) | Time:00:00.08 | Mem:0.00M, Peak:0.00M | Scene, ViewLayer | Synchronizing object | Existing closet frame jamb.001
Fra:1 Mem:152.77M (Peak 152.77M) | Time:00:00.08 | Mem:0.00M, Peak:0.00M | Scene, ViewLayer | Synchronizing object | Existing closet frame header
Fra:1 Mem:152.78M (Peak 152.78M) | Time:00:00.08 | Mem:0.00M, Peak:0.00M | Scene, ViewLayer | Synchronizing object | Existing closet transom
Fra:1 Mem:152.80M (Peak 152.80M) | Time:00:00.08 | Mem:0.00M, Peak:0.00M | Scene, ViewLayer | Synchronizing object | Existing overhead cupboard frame jamb
Fra:1 Mem:152.81M (Peak 152.81M) | Time:00:00.08 | Mem:0.00M, Peak:0.00M | Scene, ViewLayer | Synchronizing object | Existing overhead cupboard frame jamb.001
Fra:1 Mem:152.83M (Peak 152.83M) | Time:00:00.08 | Mem:0.00M, Peak:0.00M | Scene, ViewLayer | Synchronizing object | Existing overhead cupboard frame header
Fra:1 Mem:152.84M (Peak 152.84M) | Time:00:00.08 | Mem:0.00M, Peak:0.00M | Scene, ViewLayer | Synchronizing object | Existing overhead cupboard panel
Fra:1 Mem:152.86M (Peak 152.86M) | Time:00:00.08 | Mem:0.00M, Peak:0.00M | Scene, ViewLayer | Synchronizing object | Existing cupboard metal latch
Fra:1 Mem:152.87M (Peak 152.87M) | Time:00:00.08 | Mem:0.00M, Peak:0.00M | Scene, ViewLayer | Synchronizing object | Existing living-entry frame jamb
Fra:1 Mem:152.89M (Peak 152.89M) | Time:00:00.08 | Mem:0.00M, Peak:0.00M | Scene, ViewLayer | Synchronizing object | Existing living-entry frame jamb.001
Fra:1 Mem:152.90M (Peak 152.90M) | Time:00:00.08 | Mem:0.00M, Peak:0.00M | Scene, ViewLayer | Synchronizing object | Existing living-entry frame header
Fra:1 Mem:152.92M (Peak 152.92M) | Time:00:00.08 | Mem:0.00M, Peak:0.00M | Scene, ViewLayer | Synchronizing object | Existing exterior-door frame jamb
Fra:1 Mem:152.93M (Peak 152.93M) | Time:00:00.08 | Mem:0.00M, Peak:0.00M | Scene, ViewLayer | Synchronizing object | Existing exterior-door frame jamb.001
Fra:1 Mem:152.94M (Peak 152.94M) | Time:00:00.08 | Mem:0.00M, Peak:0.00M | Scene, ViewLayer | Synchronizing object | Existing exterior-door frame header
Fra:1 Mem:152.96M (Peak 152.96M) | Time:00:00.08 | Mem:0.00M, Peak:0.00M | Scene, ViewLayer | Synchronizing object | Existing cast-iron radiator section
Fra:1 Mem:152.97M (Peak 152.97M) | Time:00:00.08 | Mem:0.00M, Peak:0.00M | Scene, ViewLayer | Synchronizing object | Existing cast-iron radiator section.001
Fra:1 Mem:152.99M (Peak 152.99M) | Time:00:00.08 | Mem:0.00M, Peak:0.00M | Scene, ViewLayer | Synchronizing object | Existing cast-iron radiator section.002
Fra:1 Mem:153.00M (Peak 153.00M) | Time:00:00.08 | Mem:0.00M, Peak:0.00M | Scene, ViewLayer | Synchronizing object | Existing cast-iron radiator section.003
Fra:1 Mem:153.02M (Peak 153.02M) | Time:00:00.08 | Mem:0.00M, Peak:0.00M | Scene, ViewLayer | Synchronizing object | Existing cast-iron radiator section.004
Fra:1 Mem:153.03M (Peak 153.03M) | Time:00:00.08 | Mem:0.00M, Peak:0.00M | Scene, ViewLayer | Synchronizing object | Existing cast-iron radiator section.005
Fra:1 Mem:153.05M (Peak 153.05M) | Time:00:00.08 | Mem:0.00M, Peak:0.00M | Scene, ViewLayer | Synchronizing object | Existing cast-iron radiator section.006
Fra:1 Mem:153.06M (Peak 153.06M) | Time:00:00.09 | Mem:0.00M, Peak:0.00M | Scene, ViewLayer | Synchronizing object | Existing cast-iron radiator section.007
Fra:1 Mem:153.08M (Peak 153.08M) | Time:00:00.09 | Mem:0.00M, Peak:0.00M | Scene, ViewLayer | Synchronizing object | Existing cast-iron radiator section.008
Fra:1 Mem:153.09M (Peak 153.09M) | Time:00:00.09 | Mem:0.00M, Peak:0.00M | Scene, ViewLayer | Synchronizing object | Existing radiator foot
Fra:1 Mem:153.11M (Peak 153.11M) | Time:00:00.09 | Mem:0.00M, Peak:0.00M | Scene, ViewLayer | Synchronizing object | Existing radiator foot.001
Fra:1 Mem:153.12M (Peak 153.12M) | Time:00:00.09 | Mem:0.00M, Peak:0.00M | Scene, ViewLayer | Synchronizing object | Existing radiator horizontal connection
Fra:1 Mem:153.14M (Peak 153.14M) | Time:00:00.09 | Mem:0.00M, Peak:0.00M | Scene, ViewLayer | Synchronizing object | Existing radiator horizontal connection.001
Fra:1 Mem:153.15M (Peak 153.15M) | Time:00:00.09 | Mem:0.00M, Peak:0.00M | Scene, ViewLayer | Synchronizing object | Existing built-in shelf white back
Fra:1 Mem:153.17M (Peak 153.17M) | Time:00:00.09 | Mem:0.00M, Peak:0.00M | Scene, ViewLayer | Synchronizing object | Existing built-in shelf board
Fra:1 Mem:153.18M (Peak 153.18M) | Time:00:00.09 | Mem:0.00M, Peak:0.00M | Scene, ViewLayer | Synchronizing object | Existing built-in shelf board.001
Fra:1 Mem:153.20M (Peak 153.20M) | Time:00:00.09 | Mem:0.00M, Peak:0.00M | Scene, ViewLayer | Synchronizing object | Existing built-in shelf board.002
Fra:1 Mem:153.21M (Peak 153.21M) | Time:00:00.09 | Mem:0.00M, Peak:0.00M | Scene, ViewLayer | Synchronizing object | Existing built-in shelf board.003
Fra:1 Mem:153.23M (Peak 153.23M) | Time:00:00.09 | Mem:0.00M, Peak:0.00M | Scene, ViewLayer | Synchronizing object | Existing built-in shelf board.004
Fra:1 Mem:153.24M (Peak 153.24M) | Time:00:00.09 | Mem:0.00M, Peak:0.00M | Scene, ViewLayer | Synchronizing object | Existing built-in shelf board.005
Fra:1 Mem:153.26M (Peak 153.26M) | Time:00:00.09 | Mem:0.00M, Peak:0.00M | Scene, ViewLayer | Synchronizing object | Existing rear vertical white pipe
Fra:1 Mem:153.27M (Peak 153.27M) | Time:00:00.09 | Mem:0.00M, Peak:0.00M | Scene, ViewLayer | Synchronizing object | Observed recessed white arched fireplace infill
Fra:1 Mem:153.28M (Peak 153.28M) | Time:00:00.09 | Mem:0.00M, Peak:0.00M | Scene, ViewLayer | Synchronizing object | Existing entry thermostat
Fra:1 Mem:153.29M (Peak 153.29M) | Time:00:00.09 | Mem:0.00M, Peak:0.00M | Scene, ViewLayer | Synchronizing object | Existing entry small wall control
Fra:1 Mem:153.31M (Peak 153.31M) | Time:00:00.09 | Mem:0.00M, Peak:0.00M | Scene, ViewLayer | Synchronizing object | Sky outside window
Fra:1 Mem:153.31M (Peak 153.31M) | Time:00:00.09 | Mem:0.00M, Peak:0.00M | Scene, ViewLayer | Synchronizing object | secondary-workspace::official alex-drawers part0
Fra:1 Mem:157.27M (Peak 157.34M) | Time:00:00.09 | Mem:0.00M, Peak:0.00M | Scene, ViewLayer | Synchronizing object | primary-felt-mat::MediumPlus darkgray wool felt
Fra:1 Mem:157.28M (Peak 157.34M) | Time:00:00.09 | Mem:0.00M, Peak:0.00M | Scene, ViewLayer | Synchronizing object | dresser::illustrative tray rim.003
Fra:1 Mem:157.30M (Peak 157.34M) | Time:00:00.09 | Mem:0.00M, Peak:0.00M | Scene, ViewLayer | Synchronizing object | dresser::illustrative tray rim.002
Fra:1 Mem:157.31M (Peak 157.34M) | Time:00:00.09 | Mem:0.00M, Peak:0.00M | Scene, ViewLayer | Synchronizing object | dresser::illustrative tray rim.001
Fra:1 Mem:157.33M (Peak 157.34M) | Time:00:00.09 | Mem:0.00M, Peak:0.00M | Scene, ViewLayer | Synchronizing object | dresser::illustrative tray rim
Fra:1 Mem:157.34M (Peak 157.34M) | Time:00:00.09 | Mem:0.00M, Peak:0.00M | Scene, ViewLayer | Synchronizing object | dresser::illustrative tray base
Fra:1 Mem:157.36M (Peak 157.36M) | Time:00:00.09 | Mem:0.00M, Peak:0.00M | Scene, ViewLayer | Synchronizing object | dresser-parlor-palm::representative leaflet.097
Fra:1 Mem:157.36M (Peak 157.36M) | Time:00:00.09 | Mem:0.00M, Peak:0.00M | Scene, ViewLayer | Synchronizing object | dresser-parlor-palm::representative leaflet.096
Fra:1 Mem:157.36M (Peak 157.36M) | Time:00:00.09 | Mem:0.00M, Peak:0.00M | Scene, ViewLayer | Synchronizing object | dresser-parlor-palm::representative leaflet.095
Fra:1 Mem:157.36M (Peak 157.36M) | Time:00:00.09 | Mem:0.00M, Peak:0.00M | Scene, ViewLayer | Synchronizing object | dresser-parlor-palm::representative leaflet.094
Fra:1 Mem:157.36M (Peak 157.36M) | Time:00:00.09 | Mem:0.00M, Peak:0.00M | Scene, ViewLayer | Synchronizing object | dresser-parlor-palm::representative leaflet.093
Fra:1 Mem:157.36M (Peak 157.36M) | Time:00:00.09 | Mem:0.00M, Peak:0.00M | Scene, ViewLayer | Synchronizing object | dresser-parlor-palm::representative leaflet.092
Fra:1 Mem:157.36M (Peak 157.36M) | Time:00:00.09 | Mem:0.00M, Peak:0.00M | Scene, ViewLayer | Synchronizing object | dresser-parlor-palm::representative leaflet.091
Fra:1 Mem:157.36M (Peak 157.36M) | Time:00:00.09 | Mem:0.00M, Peak:0.00M | Scene, ViewLayer | Synchronizing object | dresser-parlor-palm::representative leaflet.090
Fra:1 Mem:157.36M (Peak 157.36M) | Time:00:00.09 | Mem:0.00M, Peak:0.00M | Scene, ViewLayer | Synchronizing object | dresser-parlor-palm::representative leaflet.089
Fra:1 Mem:157.36M (Peak 157.36M) | Time:00:00.09 | Mem:0.00M, Peak:0.00M | Scene, ViewLayer | Synchronizing object | dresser-parlor-palm::representative leaflet.088
Fra:1 Mem:157.36M (Peak 157.36M) | Time:00:00.09 | Mem:0.00M, Peak:0.00M | Scene, ViewLayer | Synchronizing object | dresser-parlor-palm::representative leaflet.087
Fra:1 Mem:157.36M (Peak 157.36M) | Time:00:00.09 | Mem:0.00M, Peak:0.00M | Scene, ViewLayer | Synchronizing object | dresser-parlor-palm::representative leaflet.086
Fra:1 Mem:157.36M (Peak 157.36M) | Time:00:00.09 | Mem:0.00M, Peak:0.00M | Scene, ViewLayer | Synchronizing object | dresser-parlor-palm::representative leaflet.085
Fra:1 Mem:157.36M (Peak 157.36M) | Time:00:00.09 | Mem:0.00M, Peak:0.00M | Scene, ViewLayer | Synchronizing object | dresser-parlor-palm::representative leaflet.084
Fra:1 Mem:157.36M (Peak 157.36M) | Time:00:00.09 | Mem:0.00M, Peak:0.00M | Scene, ViewLayer | Synchronizing object | dresser-parlor-palm::thin palm rachis6
Fra:1 Mem:157.36M (Peak 157.36M) | Time:00:00.09 | Mem:0.00M, Peak:0.00M | Scene, ViewLayer | Synchronizing object | dresser-parlor-palm::representative leaflet.083
Fra:1 Mem:157.36M (Peak 157.36M) | Time:00:00.09 | Mem:0.00M, Peak:0.00M | Scene, ViewLayer | Synchronizing object | dresser-parlor-palm::representative leaflet.082
Fra:1 Mem:157.36M (Peak 157.36M) | Time:00:00.09 | Mem:0.00M, Peak:0.00M | Scene, ViewLayer | Synchronizing object | dresser-parlor-palm::representative leaflet.081
Fra:1 Mem:157.36M (Peak 157.36M) | Time:00:00.09 | Mem:0.00M, Peak:0.00M | Scene, ViewLayer | Synchronizing object | dresser-parlor-palm::representative leaflet.080
Fra:1 Mem:157.36M (Peak 157.36M) | Time:00:00.09 | Mem:0.00M, Peak:0.00M | Scene, ViewLayer | Synchronizing object | dresser-parlor-palm::representative leaflet.079
Fra:1 Mem:157.36M (Peak 157.36M) | Time:00:00.09 | Mem:0.00M, Peak:0.00M | Scene, ViewLayer | Synchronizing object | dresser-parlor-palm::representative leaflet.078
Fra:1 Mem:157.36M (Peak 157.36M) | Time:00:00.09 | Mem:0.00M, Peak:0.00M | Scene, ViewLayer | Synchronizing object | dresser-parlor-palm::representative leaflet.077
Fra:1 Mem:157.36M (Peak 157.36M) | Time:00:00.09 | Mem:0.00M, Peak:0.00M | Scene, ViewLayer | Synchronizing object | dresser-parlor-palm::representative leaflet.076
Fra:1 Mem:157.36M (Peak 157.36M) | Time:00:00.09 | Mem:0.00M, Peak:0.00M | Scene, ViewLayer | Synchronizing object | dresser-parlor-palm::representative leaflet.075
Fra:1 Mem:157.36M (Peak 157.36M) | Time:00:00.09 | Mem:0.00M, Peak:0.00M | Scene, ViewLayer | Synchronizing object | dresser-parlor-palm::representative leaflet.074
Fra:1 Mem:157.36M (Peak 157.36M) | Time:00:00.09 | Mem:0.00M, Peak:0.00M | Scene, ViewLayer | Synchronizing object | dresser-parlor-palm::representative leaflet.073
Fra:1 Mem:157.36M (Peak 157.36M) | Time:00:00.09 | Mem:0.00M, Peak:0.00M | Scene, ViewLayer | Synchronizing object | dresser-parlor-palm::representative leaflet.072
Fra:1 Mem:157.36M (Peak 157.36M) | Time:00:00.09 | Mem:0.00M, Peak:0.00M | Scene, ViewLayer | Synchronizing object | dresser-parlor-palm::representative leaflet.071
Fra:1 Mem:157.36M (Peak 157.36M) | Time:00:00.09 | Mem:0.00M, Peak:0.00M | Scene, ViewLayer | Synchronizing object | dresser-parlor-palm::representative leaflet.070
Fra:1 Mem:157.36M (Peak 157.36M) | Time:00:00.09 | Mem:0.00M, Peak:0.00M | Scene, ViewLayer | Synchronizing object | dresser-parlor-palm::thin palm rachis5
Fra:1 Mem:157.37M (Peak 157.37M) | Time:00:00.09 | Mem:0.00M, Peak:0.00M | Scene, ViewLayer | Synchronizing object | dresser-parlor-palm::representative leaflet.069
Fra:1 Mem:157.37M (Peak 157.37M) | Time:00:00.09 | Mem:0.00M, Peak:0.00M | Scene, ViewLayer | Synchronizing object | dresser-parlor-palm::representative leaflet.068
Fra:1 Mem:157.37M (Peak 157.37M) | Time:00:00.09 | Mem:0.00M, Peak:0.00M | Scene, ViewLayer | Synchronizing object | dresser-parlor-palm::representative leaflet.067
Fra:1 Mem:157.37M (Peak 157.37M) | Time:00:00.09 | Mem:0.00M, Peak:0.00M | Scene, ViewLayer | Synchronizing object | dresser-parlor-palm::representative leaflet.066
Fra:1 Mem:157.37M (Peak 157.37M) | Time:00:00.09 | Mem:0.00M, Peak:0.00M | Scene, ViewLayer | Synchronizing object | dresser-parlor-palm::representative leaflet.065
Fra:1 Mem:157.37M (Peak 157.37M) | Time:00:00.09 | Mem:0.00M, Peak:0.00M | Scene, ViewLayer | Synchronizing object | dresser-parlor-palm::representative leaflet.064
Fra:1 Mem:157.37M (Peak 157.37M) | Time:00:00.09 | Mem:0.00M, Peak:0.00M | Scene, ViewLayer | Synchronizing object | dresser-parlor-palm::representative leaflet.063
Fra:1 Mem:157.37M (Peak 157.37M) | Time:00:00.09 | Mem:0.00M, Peak:0.00M | Scene, ViewLayer | Synchronizing object | dresser-parlor-palm::representative leaflet.062
Fra:1 Mem:157.37M (Peak 157.37M) | Time:00:00.09 | Mem:0.00M, Peak:0.00M | Scene, ViewLayer | Synchronizing object | dresser-parlor-palm::representative leaflet.061
Fra:1 Mem:157.37M (Peak 157.37M) | Time:00:00.09 | Mem:0.00M, Peak:0.00M | Scene, ViewLayer | Synchronizing object | dresser-parlor-palm::representative leaflet.060
Fra:1 Mem:157.37M (Peak 157.37M) | Time:00:00.09 | Mem:0.00M, Peak:0.00M | Scene, ViewLayer | Synchronizing object | dresser-parlor-palm::representative leaflet.059
Fra:1 Mem:157.37M (Peak 157.37M) | Time:00:00.09 | Mem:0.00M, Peak:0.00M | Scene, ViewLayer | Synchronizing object | dresser-parlor-palm::representative leaflet.058
Fra:1 Mem:157.37M (Peak 157.37M) | Time:00:00.09 | Mem:0.00M, Peak:0.00M | Scene, ViewLayer | Synchronizing object | dresser-parlor-palm::representative leaflet.057
Fra:1 Mem:157.37M (Peak 157.37M) | Time:00:00.09 | Mem:0.00M, Peak:0.00M | Scene, ViewLayer | Synchronizing object | dresser-parlor-palm::representative leaflet.056
Fra:1 Mem:157.37M (Peak 157.37M) | Time:00:00.09 | Mem:0.00M, Peak:0.00M | Scene, ViewLayer | Synchronizing object | dresser-parlor-palm::thin palm rachis4
Fra:1 Mem:157.37M (Peak 157.37M) | Time:00:00.09 | Mem:0.00M, Peak:0.00M | Scene, ViewLayer | Synchronizing object | dresser-parlor-palm::representative leaflet.055
Fra:1 Mem:157.37M (Peak 157.37M) | Time:00:00.09 | Mem:0.00M, Peak:0.00M | Scene, ViewLayer | Synchronizing object | dresser-parlor-palm::representative leaflet.054
Fra:1 Mem:157.37M (Peak 157.37M) | Time:00:00.09 | Mem:0.00M, Peak:0.00M | Scene, ViewLayer | Synchronizing object | dresser-parlor-palm::representative leaflet.053
Fra:1 Mem:157.37M (Peak 157.37M) | Time:00:00.09 | Mem:0.00M, Peak:0.00M | Scene, ViewLayer | Synchronizing object | dresser-parlor-palm::representative leaflet.052
Fra:1 Mem:157.37M (Peak 157.37M) | Time:00:00.09 | Mem:0.00M, Peak:0.00M | Scene, ViewLayer | Synchronizing object | dresser-parlor-palm::representative leaflet.051
Fra:1 Mem:157.37M (Peak 157.37M) | Time:00:00.09 | Mem:0.00M, Peak:0.00M | Scene, ViewLayer | Synchronizing object | dresser-parlor-palm::representative leaflet.050
Fra:1 Mem:157.37M (Peak 157.37M) | Time:00:00.09 | Mem:0.00M, Peak:0.00M | Scene, ViewLayer | Synchronizing object | dresser-parlor-palm::representative leaflet.049
Fra:1 Mem:157.37M (Peak 157.37M) | Time:00:00.09 | Mem:0.00M, Peak:0.00M | Scene, ViewLayer | Synchronizing object | dresser-parlor-palm::representative leaflet.048
Fra:1 Mem:157.37M (Peak 157.37M) | Time:00:00.09 | Mem:0.00M, Peak:0.00M | Scene, ViewLayer | Synchronizing object | dresser-parlor-palm::representative leaflet.047
Fra:1 Mem:157.37M (Peak 157.37M) | Time:00:00.09 | Mem:0.00M, Peak:0.00M | Scene, ViewLayer | Synchronizing object | dresser-parlor-palm::representative leaflet.046
Fra:1 Mem:157.37M (Peak 157.37M) | Time:00:00.09 | Mem:0.00M, Peak:0.00M | Scene, ViewLayer | Synchronizing object | dresser-parlor-palm::representative leaflet.045
Fra:1 Mem:157.37M (Peak 157.37M) | Time:00:00.09 | Mem:0.00M, Peak:0.00M | Scene, ViewLayer | Synchronizing object | dresser-parlor-palm::representative leaflet.044
Fra:1 Mem:157.38M (Peak 157.38M) | Time:00:00.09 | Mem:0.00M, Peak:0.00M | Scene, ViewLayer | Synchronizing object | dresser-parlor-palm::representative leaflet.043
Fra:1 Mem:157.38M (Peak 157.38M) | Time:00:00.09 | Mem:0.00M, Peak:0.00M | Scene, ViewLayer | Synchronizing object | dresser-parlor-palm::representative leaflet.042
Fra:1 Mem:157.38M (Peak 157.38M) | Time:00:00.09 | Mem:0.00M, Peak:0.00M | Scene, ViewLayer | Synchronizing object | dresser-parlor-palm::thin palm rachis3
Fra:1 Mem:157.38M (Peak 157.38M) | Time:00:00.09 | Mem:0.00M, Peak:0.00M | Scene, ViewLayer | Synchronizing object | dresser-parlor-palm::representative leaflet.041
Fra:1 Mem:157.38M (Peak 157.38M) | Time:00:00.09 | Mem:0.00M, Peak:0.00M | Scene, ViewLayer | Synchronizing object | dresser-parlor-palm::representative leaflet.040
Fra:1 Mem:157.38M (Peak 157.38M) | Time:00:00.09 | Mem:0.00M, Peak:0.00M | Scene, ViewLayer | Synchronizing object | dresser-parlor-palm::representative leaflet.039
Fra:1 Mem:157.38M (Peak 157.38M) | Time:00:00.09 | Mem:0.00M, Peak:0.00M | Scene, ViewLayer | Synchronizing object | dresser-parlor-palm::representative leaflet.038
Fra:1 Mem:157.38M (Peak 157.38M) | Time:00:00.09 | Mem:0.00M, Peak:0.00M | Scene, ViewLayer | Synchronizing object | dresser-parlor-palm::representative leaflet.037
Fra:1 Mem:157.38M (Peak 157.38M) | Time:00:00.09 | Mem:0.00M, Peak:0.00M | Scene, ViewLayer | Synchronizing object | dresser-parlor-palm::representative leaflet.036
Fra:1 Mem:157.38M (Peak 157.38M) | Time:00:00.09 | Mem:0.00M, Peak:0.00M | Scene, ViewLayer | Synchronizing object | dresser-parlor-palm::representative leaflet.035
Fra:1 Mem:157.38M (Peak 157.38M) | Time:00:00.09 | Mem:0.00M, Peak:0.00M | Scene, ViewLayer | Synchronizing object | dresser-parlor-palm::representative leaflet.034
Fra:1 Mem:157.38M (Peak 157.38M) | Time:00:00.09 | Mem:0.00M, Peak:0.00M | Scene, ViewLayer | Synchronizing object | dresser-parlor-palm::representative leaflet.033
Fra:1 Mem:157.38M (Peak 157.38M) | Time:00:00.09 | Mem:0.00M, Peak:0.00M | Scene, ViewLayer | Synchronizing object | dresser-parlor-palm::representative leaflet.032
Fra:1 Mem:157.38M (Peak 157.38M) | Time:00:00.09 | Mem:0.00M, Peak:0.00M | Scene, ViewLayer | Synchronizing object | dresser-parlor-palm::representative leaflet.031
Fra:1 Mem:157.38M (Peak 157.38M) | Time:00:00.09 | Mem:0.00M, Peak:0.00M | Scene, ViewLayer | Synchronizing object | dresser-parlor-palm::representative leaflet.030
Fra:1 Mem:157.38M (Peak 157.38M) | Time:00:00.09 | Mem:0.00M, Peak:0.00M | Scene, ViewLayer | Synchronizing object | dresser-parlor-palm::representative leaflet.029
Fra:1 Mem:157.38M (Peak 157.38M) | Time:00:00.09 | Mem:0.00M, Peak:0.00M | Scene, ViewLayer | Synchronizing object | dresser-parlor-palm::representative leaflet.028
Fra:1 Mem:157.38M (Peak 157.38M) | Time:00:00.09 | Mem:0.00M, Peak:0.00M | Scene, ViewLayer | Synchronizing object | dresser-parlor-palm::thin palm rachis2
Fra:1 Mem:157.38M (Peak 157.38M) | Time:00:00.09 | Mem:0.00M, Peak:0.00M | Scene, ViewLayer | Synchronizing object | dresser-parlor-palm::representative leaflet.027
Fra:1 Mem:157.38M (Peak 157.38M) | Time:00:00.09 | Mem:0.00M, Peak:0.00M | Scene, ViewLayer | Synchronizing object | dresser-parlor-palm::representative leaflet.026
Fra:1 Mem:157.38M (Peak 157.38M) | Time:00:00.09 | Mem:0.00M, Peak:0.00M | Scene, ViewLayer | Synchronizing object | dresser-parlor-palm::representative leaflet.025
Fra:1 Mem:157.38M (Peak 157.38M) | Time:00:00.09 | Mem:0.00M, Peak:0.00M | Scene, ViewLayer | Synchronizing object | dresser-parlor-palm::representative leaflet.024
Fra:1 Mem:157.38M (Peak 157.38M) | Time:00:00.09 | Mem:0.00M, Peak:0.00M | Scene, ViewLayer | Synchronizing object | dresser-parlor-palm::representative leaflet.023
Fra:1 Mem:157.38M (Peak 157.38M) | Time:00:00.09 | Mem:0.00M, Peak:0.00M | Scene, ViewLayer | Synchronizing object | dresser-parlor-palm::representative leaflet.022
Fra:1 Mem:157.38M (Peak 157.38M) | Time:00:00.09 | Mem:0.00M, Peak:0.00M | Scene, ViewLayer | Synchronizing object | dresser-parlor-palm::representative leaflet.021
Fra:1 Mem:157.38M (Peak 157.38M) | Time:00:00.09 | Mem:0.00M, Peak:0.00M | Scene, ViewLayer | Synchronizing object | dresser-parlor-palm::representative leaflet.020
Fra:1 Mem:157.39M (Peak 157.39M) | Time:00:00.09 | Mem:0.00M, Peak:0.00M | Scene, ViewLayer | Synchronizing object | dresser-parlor-palm::representative leaflet.019
Fra:1 Mem:157.39M (Peak 157.39M) | Time:00:00.09 | Mem:0.00M, Peak:0.00M | Scene, ViewLayer | Synchronizing object | dresser-parlor-palm::representative leaflet.018
Fra:1 Mem:157.39M (Peak 157.39M) | Time:00:00.09 | Mem:0.00M, Peak:0.00M | Scene, ViewLayer | Synchronizing object | dresser-parlor-palm::representative leaflet.017
Fra:1 Mem:157.39M (Peak 157.39M) | Time:00:00.09 | Mem:0.00M, Peak:0.00M | Scene, ViewLayer | Synchronizing object | dresser-parlor-palm::representative leaflet.016
Fra:1 Mem:157.39M (Peak 157.39M) | Time:00:00.09 | Mem:0.00M, Peak:0.00M | Scene, ViewLayer | Synchronizing object | dresser-parlor-palm::representative leaflet.015
Fra:1 Mem:157.39M (Peak 157.39M) | Time:00:00.09 | Mem:0.00M, Peak:0.00M | Scene, ViewLayer | Synchronizing object | dresser-parlor-palm::representative leaflet.014
Fra:1 Mem:157.39M (Peak 157.39M) | Time:00:00.09 | Mem:0.00M, Peak:0.00M | Scene, ViewLayer | Synchronizing object | dresser-parlor-palm::thin palm rachis1
Fra:1 Mem:157.39M (Peak 157.39M) | Time:00:00.09 | Mem:0.00M, Peak:0.00M | Scene, ViewLayer | Synchronizing object | dresser-parlor-palm::representative leaflet.013
Fra:1 Mem:157.39M (Peak 157.39M) | Time:00:00.09 | Mem:0.00M, Peak:0.00M | Scene, ViewLayer | Synchronizing object | dresser-parlor-palm::representative leaflet.012
Fra:1 Mem:157.39M (Peak 157.39M) | Time:00:00.09 | Mem:0.00M, Peak:0.00M | Scene, ViewLayer | Synchronizing object | dresser-parlor-palm::representative leaflet.011
Fra:1 Mem:157.39M (Peak 157.39M) | Time:00:00.09 | Mem:0.00M, Peak:0.00M | Scene, ViewLayer | Synchronizing object | dresser-parlor-palm::representative leaflet.010
Fra:1 Mem:157.39M (Peak 157.39M) | Time:00:00.09 | Mem:0.00M, Peak:0.00M | Scene, ViewLayer | Synchronizing object | dresser-parlor-palm::representative leaflet.009
Fra:1 Mem:157.39M (Peak 157.39M) | Time:00:00.09 | Mem:0.00M, Peak:0.00M | Scene, ViewLayer | Synchronizing object | dresser-parlor-palm::representative leaflet.008
Fra:1 Mem:157.39M (Peak 157.39M) | Time:00:00.09 | Mem:0.00M, Peak:0.00M | Scene, ViewLayer | Synchronizing object | dresser-parlor-palm::representative leaflet.007
Fra:1 Mem:157.39M (Peak 157.39M) | Time:00:00.09 | Mem:0.00M, Peak:0.00M | Scene, ViewLayer | Synchronizing object | dresser-parlor-palm::representative leaflet.006
Fra:1 Mem:157.39M (Peak 157.39M) | Time:00:00.09 | Mem:0.00M, Peak:0.00M | Scene, ViewLayer | Synchronizing object | dresser-parlor-palm::representative leaflet.005
Fra:1 Mem:157.39M (Peak 157.39M) | Time:00:00.09 | Mem:0.00M, Peak:0.00M | Scene, ViewLayer | Synchronizing object | dresser-parlor-palm::representative leaflet.004
Fra:1 Mem:157.39M (Peak 157.39M) | Time:00:00.09 | Mem:0.00M, Peak:0.00M | Scene, ViewLayer | Synchronizing object | dresser-parlor-palm::representative leaflet.003
Fra:1 Mem:157.39M (Peak 157.39M) | Time:00:00.09 | Mem:0.00M, Peak:0.00M | Scene, ViewLayer | Synchronizing object | dresser-parlor-palm::representative leaflet.002
Fra:1 Mem:157.39M (Peak 157.39M) | Time:00:00.09 | Mem:0.00M, Peak:0.00M | Scene, ViewLayer | Synchronizing object | dresser-parlor-palm::representative leaflet.001
Fra:1 Mem:157.39M (Peak 157.39M) | Time:00:00.09 | Mem:0.00M, Peak:0.00M | Scene, ViewLayer | Synchronizing object | dresser-parlor-palm::representative leaflet
Fra:1 Mem:157.39M (Peak 157.39M) | Time:00:00.09 | Mem:0.00M, Peak:0.00M | Scene, ViewLayer | Synchronizing object | dresser-parlor-palm::thin palm rachis0
Fra:1 Mem:157.39M (Peak 157.39M) | Time:00:00.09 | Mem:0.00M, Peak:0.00M | Scene, ViewLayer | Synchronizing object | dresser-parlor-palm::soil
Fra:1 Mem:157.41M (Peak 157.41M) | Time:00:00.09 | Mem:0.00M, Peak:0.00M | Scene, ViewLayer | Synchronizing object | dresser-parlor-palm::black Westcott pot proxy
Fra:1 Mem:157.43M (Peak 157.43M) | Time:00:00.09 | Mem:0.00M, Peak:0.00M | Scene, ViewLayer | Synchronizing object | dresser-parlor-palm::black saucer
Fra:1 Mem:157.44M (Peak 157.44M) | Time:00:00.09 | Mem:0.00M, Peak:0.00M | Scene, ViewLayer | Synchronizing object | dresser-fado::illustrative rear cord1
Fra:1 Mem:157.45M (Peak 157.45M) | Time:00:00.09 | Mem:0.00M, Peak:0.00M | Scene, ViewLayer | Synchronizing object | dresser-fado::illustrative rear cord0
Fra:1 Mem:157.46M (Peak 157.46M) | Time:00:00.09 | Mem:0.00M, Peak:0.00M | Scene, ViewLayer | Synchronizing object | dresser-fado::original body component3
Fra:1 Mem:157.80M (Peak 157.80M) | Time:00:00.09 | Mem:0.00M, Peak:0.00M | Scene, ViewLayer | Synchronizing object | dresser-fado::original body component2
Fra:1 Mem:159.19M (Peak 159.19M) | Time:00:00.09 | Mem:0.00M, Peak:0.00M | Scene, ViewLayer | Synchronizing object | dresser-fado::original body component1
Fra:1 Mem:159.34M (Peak 159.34M) | Time:00:00.09 | Mem:0.00M, Peak:0.00M | Scene, ViewLayer | Synchronizing object | dresser-fado::original body component0
Fra:1 Mem:160.61M (Peak 160.61M) | Time:00:00.10 | Mem:0.00M, Peak:0.00M | Scene, ViewLayer | Synchronizing object | primary-display-ledge::illustrative pocket journal2
Fra:1 Mem:160.62M (Peak 160.62M) | Time:00:00.10 | Mem:0.00M, Peak:0.00M | Scene, ViewLayer | Synchronizing object | primary-display-ledge::illustrative pocket journal1
Fra:1 Mem:160.63M (Peak 160.63M) | Time:00:00.10 | Mem:0.00M, Peak:0.00M | Scene, ViewLayer | Synchronizing object | primary-display-ledge::illustrative pocket journal0
Fra:1 Mem:160.65M (Peak 160.65M) | Time:00:00.10 | Mem:0.00M, Peak:0.00M | Scene, ViewLayer | Synchronizing object | primary-display-ledge::original supplier black ledge
Fra:1 Mem:160.78M (Peak 160.78M) | Time:00:00.10 | Mem:0.00M, Peak:0.00M | Scene, ViewLayer | Synchronizing object | project-display-ledge::illustrative pocket journal2
Fra:1 Mem:160.80M (Peak 160.80M) | Time:00:00.10 | Mem:0.00M, Peak:0.00M | Scene, ViewLayer | Synchronizing object | project-display-ledge::illustrative pocket journal1
Fra:1 Mem:160.81M (Peak 160.81M) | Time:00:00.10 | Mem:0.00M, Peak:0.00M | Scene, ViewLayer | Synchronizing object | project-display-ledge::illustrative pocket journal0
Fra:1 Mem:160.83M (Peak 160.83M) | Time:00:00.10 | Mem:0.00M, Peak:0.00M | Scene, ViewLayer | Synchronizing object | project-display-ledge::original supplier black ledge
Fra:1 Mem:160.96M (Peak 160.96M) | Time:00:00.10 | Mem:0.00M, Peak:0.00M | Scene, ViewLayer | Synchronizing object | richmond-art::full actual native landscape print
Fra:1 Mem:160.96M (Peak 160.96M) | Time:00:00.10 | Mem:0.00M, Peak:0.00M | Scene, ViewLayer | Synchronizing object | richmond-art::black wood frame right
Fra:1 Mem:160.98M (Peak 160.98M) | Time:00:00.10 | Mem:0.00M, Peak:0.00M | Scene, ViewLayer | Synchronizing object | richmond-art::black wood frame left
Fra:1 Mem:160.99M (Peak 160.99M) | Time:00:00.10 | Mem:0.00M, Peak:0.00M | Scene, ViewLayer | Synchronizing object | richmond-art::black wood frame bottom
Fra:1 Mem:161.01M (Peak 161.01M) | Time:00:00.10 | Mem:0.00M, Peak:0.00M | Scene, ViewLayer | Synchronizing object | richmond-art::black wood frame top
Fra:1 Mem:161.02M (Peak 161.02M) | Time:00:00.10 | Mem:0.00M, Peak:0.00M | Scene, ViewLayer | Synchronizing object | visitor-chair::rear walnut seat stretcher
Fra:1 Mem:161.03M (Peak 161.03M) | Time:00:00.10 | Mem:0.00M, Peak:0.00M | Scene, ViewLayer | Synchronizing object | visitor-chair::front walnut seat stretcher
Fra:1 Mem:161.05M (Peak 161.05M) | Time:00:00.10 | Mem:0.00M, Peak:0.00M | Scene, ViewLayer | Synchronizing object | visitor-chair::side seat rail.001
Fra:1 Mem:161.06M (Peak 161.06M) | Time:00:00.10 | Mem:0.00M, Peak:0.00M | Scene, ViewLayer | Synchronizing object | visitor-chair::rear walnut leg.001
Fra:1 Mem:161.06M (Peak 161.06M) | Time:00:00.10 | Mem:0.00M, Peak:0.00M | Scene, ViewLayer | Synchronizing object | visitor-chair::front walnut leg.001
Fra:1 Mem:161.07M (Peak 161.07M) | Time:00:00.10 | Mem:0.00M, Peak:0.00M | Scene, ViewLayer | Synchronizing object | visitor-chair::rounded walnut arm.001
Fra:1 Mem:161.08M (Peak 161.08M) | Time:00:00.10 | Mem:0.00M, Peak:0.00M | Scene, ViewLayer | Synchronizing object | visitor-chair::side seat rail
Fra:1 Mem:161.09M (Peak 161.09M) | Time:00:00.10 | Mem:0.00M, Peak:0.00M | Scene, ViewLayer | Synchronizing object | visitor-chair::rear walnut leg
Fra:1 Mem:161.10M (Peak 161.10M) | Time:00:00.10 | Mem:0.00M, Peak:0.00M | Scene, ViewLayer | Synchronizing object | visitor-chair::front walnut leg
Fra:1 Mem:161.10M (Peak 161.10M) | Time:00:00.10 | Mem:0.00M, Peak:0.00M | Scene, ViewLayer | Synchronizing object | visitor-chair::rounded walnut arm
Fra:1 Mem:161.12M (Peak 161.12M) | Time:00:00.10 | Mem:0.00M, Peak:0.00M | Scene, ViewLayer | Synchronizing object | visitor-chair::rounded sloping boucle back
Fra:1 Mem:161.13M (Peak 161.13M) | Time:00:00.10 | Mem:0.00M, Peak:0.00M | Scene, ViewLayer | Synchronizing object | visitor-chair::rounded boucle seat
Fra:1 Mem:161.15M (Peak 161.15M) | Time:00:00.10 | Mem:0.00M, Peak:0.00M | Scene, ViewLayer | Synchronizing object | standing-main-desk::frame_rail_front
Fra:1 Mem:161.11M (Peak 161.76M) | Time:00:00.10 | Mem:0.00M, Peak:0.00M | Scene, ViewLayer | Synchronizing object | secondary-workspace::black-brown tabletop
Fra:1 Mem:161.13M (Peak 161.76M) | Time:00:00.10 | Mem:0.00M, Peak:0.00M | Scene, ViewLayer | Synchronizing object | secondary-workspace::right black ADILS leg
Fra:1 Mem:161.14M (Peak 161.76M) | Time:00:00.10 | Mem:0.00M, Peak:0.00M | Scene, ViewLayer | Synchronizing object | secondary-workspace::black adjustment foot
Fra:1 Mem:161.16M (Peak 161.76M) | Time:00:00.10 | Mem:0.00M, Peak:0.00M | Scene, ViewLayer | Synchronizing object | secondary-workspace::right black ADILS leg.001
Fra:1 Mem:161.61M (Peak 161.76M) | Time:00:00.10 | Mem:0.00M, Peak:0.00M | Scene, ViewLayer | Synchronizing object | secondary-workspace::black adjustment foot.001
Fra:1 Mem:162.56M (Peak 162.56M) | Time:00:00.10 | Mem:0.00M, Peak:0.00M | Scene, ViewLayer | Synchronizing object | clothes-dresser::official storklinta-low-drawers part0
Fra:1 Mem:162.72M (Peak 162.72M) | Time:00:00.10 | Mem:0.00M, Peak:0.00M | Scene, ViewLayer | Synchronizing object | clothes-dresser::official storklinta-low-drawers part1
Fra:1 Mem:162.82M (Peak 162.82M) | Time:00:00.10 | Mem:0.00M, Peak:0.00M | Scene, ViewLayer | Synchronizing object | clothes-dresser::official storklinta-low-drawers part2
Fra:1 Mem:163.43M (Peak 163.43M) | Time:00:00.10 | Mem:0.00M, Peak:0.00M | Scene, ViewLayer | Synchronizing object | clothes-dresser::official storklinta-low-drawers part3
Fra:1 Mem:164.66M (Peak 164.66M) | Time:00:00.10 | Mem:0.00M, Peak:0.00M | Scene, ViewLayer | Synchronizing object | rug::Standard Pad support
Fra:1 Mem:164.66M (Peak 164.66M) | Time:00:00.10 | Mem:0.00M, Peak:0.00M | Scene, ViewLayer | Synchronizing object | rug::actual Rift Charcoal6x9 flatwoven textile
Fra:1 Mem:164.51M (Peak 164.66M) | Time:00:00.10 | Mem:0.00M, Peak:0.00M | Scene, ViewLayer | Synchronizing object | standing-main-desk::generic equipment assumption::monitor stand
Fra:1 Mem:164.55M (Peak 164.66M) | Time:00:00.10 | Mem:0.00M, Peak:0.00M | Scene, ViewLayer | Synchronizing object | standing-main-desk::generic equipment assumption::monitor stem
Fra:1 Mem:164.65M (Peak 164.66M) | Time:00:00.11 | Mem:0.00M, Peak:0.00M | Scene, ViewLayer | Synchronizing object | standing-main-desk::generic equipment assumption::monitor frame
Fra:1 Mem:164.66M (Peak 164.66M) | Time:00:00.11 | Mem:0.00M, Peak:0.00M | Scene, ViewLayer | Synchronizing object | standing-main-desk::generic equipment assumption::dark display
Fra:1 Mem:164.66M (Peak 164.66M) | Time:00:00.11 | Mem:0.00M, Peak:0.00M | Scene, ViewLayer | Synchronizing object | standing-main-desk::generic equipment assumption::keyboard
Fra:1 Mem:164.68M (Peak 164.68M) | Time:00:00.11 | Mem:0.00M, Peak:0.00M | Scene, ViewLayer | Synchronizing object | Existing full-height closet leaf
Fra:1 Mem:164.69M (Peak 164.69M) | Time:00:00.11 | Mem:0.00M, Peak:0.00M | Scene, ViewLayer | Synchronizing object | Existing closet metal knob
Fra:1 Mem:164.70M (Peak 164.70M) | Time:00:00.11 | Mem:0.00M, Peak:0.00M | Scene, ViewLayer | Synchronizing object | Existing living-entry flat white leaf
Fra:1 Mem:164.72M (Peak 164.72M) | Time:00:00.11 | Mem:0.00M, Peak:0.00M | Scene, ViewLayer | Synchronizing object | Existing living-entry silver lever
Fra:1 Mem:164.76M (Peak 164.76M) | Time:00:00.11 | Mem:0.00M, Peak:0.00M | Scene, ViewLayer | Synchronizing object | Existing exterior-door six-panel leaf
Fra:1 Mem:164.77M (Peak 164.77M) | Time:00:00.11 | Mem:0.00M, Peak:0.00M | Scene, ViewLayer | Synchronizing object | Existing exterior-door raised panel
Fra:1 Mem:165.31M (Peak 165.31M) | Time:00:00.11 | Mem:0.00M, Peak:0.00M | Scene, ViewLayer | Synchronizing object | Existing exterior-door raised panel.001
Fra:1 Mem:165.40M (Peak 165.40M) | Time:00:00.11 | Mem:0.00M, Peak:0.00M | Scene, ViewLayer | Synchronizing object | Existing exterior-door raised panel.002
Fra:1 Mem:163.12M (Peak 165.40M) | Time:00:00.11 | Mem:0.00M, Peak:0.00M | Scene, ViewLayer | Synchronizing object | Existing exterior-door raised panel.003
Fra:1 Mem:163.16M (Peak 165.40M) | Time:00:00.11 | Mem:0.00M, Peak:0.00M | Scene, ViewLayer | Synchronizing object | Existing exterior-door raised panel.004
Fra:1 Mem:163.18M (Peak 165.40M) | Time:00:00.11 | Mem:0.00M, Peak:0.00M | Scene, ViewLayer | Synchronizing object | Existing exterior-door raised panel.005
Fra:1 Mem:163.19M (Peak 165.40M) | Time:00:00.11 | Mem:0.00M, Peak:0.00M | Scene, ViewLayer | Synchronizing object | Existing exterior-door brass knob
Fra:1 Mem:163.20M (Peak 165.40M) | Time:00:00.11 | Mem:0.00M, Peak:0.00M | Scene, ViewLayer | Synchronizing object | Existing exterior-door brass deadbolt
Fra:1 Mem:164.97M (Peak 165.40M) | Time:00:00.11 | Mem:0.00M, Peak:0.00M | Scene, ViewLayer | Synchronizing object | grejig-1::folded steel leg
Fra:1 Mem:164.97M (Peak 165.40M) | Time:00:00.11 | Mem:0.00M, Peak:0.00M | Scene, ViewLayer | Synchronizing object | grejig-1::folded steel leg.001
Fra:1 Mem:164.98M (Peak 165.40M) | Time:00:00.11 | Mem:0.00M, Peak:0.00M | Scene, ViewLayer | Synchronizing object | grejig-1::folded steel leg.002
Fra:1 Mem:164.98M (Peak 165.40M) | Time:00:00.11 | Mem:0.00M, Peak:0.00M | Scene, ViewLayer | Synchronizing object | grejig-1::folded steel leg.003
Fra:1 Mem:164.98M (Peak 165.40M) | Time:00:00.11 | Mem:0.00M, Peak:0.00M | Scene, ViewLayer | Synchronizing object | grejig-1::top long rim
Fra:1 Mem:164.99M (Peak 165.40M) | Time:00:00.11 | Mem:0.00M, Peak:0.00M | Scene, ViewLayer | Synchronizing object | grejig-1::top long rim.001
Fra:1 Mem:164.99M (Peak 165.40M) | Time:00:00.11 | Mem:0.00M, Peak:0.00M | Scene, ViewLayer | Synchronizing object | grejig-1::top end rim
Fra:1 Mem:164.99M (Peak 165.40M) | Time:00:00.11 | Mem:0.00M, Peak:0.00M | Scene, ViewLayer | Synchronizing object | grejig-1::top end rim.001
Fra:1 Mem:165.00M (Peak 165.40M) | Time:00:00.11 | Mem:0.00M, Peak:0.00M | Scene, ViewLayer | Synchronizing object | grejig-1::wire lattice across
Fra:1 Mem:165.00M (Peak 165.40M) | Time:00:00.11 | Mem:0.00M, Peak:0.00M | Scene, ViewLayer | Synchronizing object | grejig-1::wire lattice across.001
Fra:1 Mem:165.00M (Peak 165.40M) | Time:00:00.11 | Mem:0.00M, Peak:0.00M | Scene, ViewLayer | Synchronizing object | grejig-1::wire lattice across.002
Fra:1 Mem:165.00M (Peak 165.40M) | Time:00:00.11 | Mem:0.00M, Peak:0.00M | Scene, ViewLayer | Synchronizing object | grejig-1::wire lattice across.003
Fra:1 Mem:165.00M (Peak 165.40M) | Time:00:00.11 | Mem:0.00M, Peak:0.00M | Scene, ViewLayer | Synchronizing object | grejig-1::wire lattice across.004
Fra:1 Mem:165.01M (Peak 165.40M) | Time:00:00.11 | Mem:0.00M, Peak:0.00M | Scene, ViewLayer | Synchronizing object | grejig-1::wire lattice across.005
Fra:1 Mem:165.01M (Peak 165.40M) | Time:00:00.11 | Mem:0.00M, Peak:0.00M | Scene, ViewLayer | Synchronizing object | grejig-1::wire lattice across.006
Fra:1 Mem:165.01M (Peak 165.40M) | Time:00:00.11 | Mem:0.00M, Peak:0.00M | Scene, ViewLayer | Synchronizing object | grejig-1::wire lattice across.007
Fra:1 Mem:165.01M (Peak 165.40M) | Time:00:00.11 | Mem:0.00M, Peak:0.00M | Scene, ViewLayer | Synchronizing object | grejig-1::wire lattice across.008
Fra:1 Mem:165.01M (Peak 165.40M) | Time:00:00.11 | Mem:0.00M, Peak:0.00M | Scene, ViewLayer | Synchronizing object | grejig-1::wire lattice across.009
Fra:1 Mem:165.02M (Peak 165.40M) | Time:00:00.11 | Mem:0.00M, Peak:0.00M | Scene, ViewLayer | Synchronizing object | grejig-1::wire lattice across.010
Fra:1 Mem:165.02M (Peak 165.40M) | Time:00:00.11 | Mem:0.00M, Peak:0.00M | Scene, ViewLayer | Synchronizing object | grejig-1::wire lattice lengthwise
Fra:1 Mem:165.02M (Peak 165.40M) | Time:00:00.11 | Mem:0.00M, Peak:0.00M | Scene, ViewLayer | Synchronizing object | grejig-1::wire lattice lengthwise.001
Fra:1 Mem:165.02M (Peak 165.40M) | Time:00:00.11 | Mem:0.00M, Peak:0.00M | Scene, ViewLayer | Synchronizing object | grejig-1::wire lattice lengthwise.002
Fra:1 Mem:165.03M (Peak 165.40M) | Time:00:00.11 | Mem:0.00M, Peak:0.00M | Scene, ViewLayer | Synchronizing object | grejig-1::wire lattice lengthwise.003
Fra:1 Mem:165.03M (Peak 165.40M) | Time:00:00.11 | Mem:0.00M, Peak:0.00M | Scene, ViewLayer | Synchronizing object | grejig-1::wire lattice lengthwise.004
Fra:1 Mem:165.03M (Peak 165.40M) | Time:00:00.11 | Mem:0.00M, Peak:0.00M | Scene, ViewLayer | Synchronizing object | grejig-2::folded steel leg
Fra:1 Mem:165.03M (Peak 165.40M) | Time:00:00.11 | Mem:0.00M, Peak:0.00M | Scene, ViewLayer | Synchronizing object | grejig-2::folded steel leg.001
Fra:1 Mem:165.04M (Peak 165.40M) | Time:00:00.11 | Mem:0.00M, Peak:0.00M | Scene, ViewLayer | Synchronizing object | grejig-2::folded steel leg.002
Fra:1 Mem:165.04M (Peak 165.40M) | Time:00:00.11 | Mem:0.00M, Peak:0.00M | Scene, ViewLayer | Synchronizing object | grejig-2::folded steel leg.003
Fra:1 Mem:165.04M (Peak 165.40M) | Time:00:00.11 | Mem:0.00M, Peak:0.00M | Scene, ViewLayer | Synchronizing object | grejig-2::top long rim
Fra:1 Mem:165.05M (Peak 165.40M) | Time:00:00.11 | Mem:0.00M, Peak:0.00M | Scene, ViewLayer | Synchronizing object | grejig-2::top long rim.001
Fra:1 Mem:165.05M (Peak 165.40M) | Time:00:00.11 | Mem:0.00M, Peak:0.00M | Scene, ViewLayer | Synchronizing object | grejig-2::top end rim
Fra:1 Mem:165.05M (Peak 165.40M) | Time:00:00.11 | Mem:0.00M, Peak:0.00M | Scene, ViewLayer | Synchronizing object | grejig-2::top end rim.001
Fra:1 Mem:165.06M (Peak 165.40M) | Time:00:00.11 | Mem:0.00M, Peak:0.00M | Scene, ViewLayer | Synchronizing object | grejig-2::wire lattice across
Fra:1 Mem:165.06M (Peak 165.40M) | Time:00:00.11 | Mem:0.00M, Peak:0.00M | Scene, ViewLayer | Synchronizing object | grejig-2::wire lattice across.001
Fra:1 Mem:165.06M (Peak 165.40M) | Time:00:00.11 | Mem:0.00M, Peak:0.00M | Scene, ViewLayer | Synchronizing object | grejig-2::wire lattice across.002
Fra:1 Mem:165.06M (Peak 165.40M) | Time:00:00.11 | Mem:0.00M, Peak:0.00M | Scene, ViewLayer | Synchronizing object | grejig-2::wire lattice across.003
Fra:1 Mem:165.06M (Peak 165.40M) | Time:00:00.11 | Mem:0.00M, Peak:0.00M | Scene, ViewLayer | Synchronizing object | grejig-2::wire lattice across.004
Fra:1 Mem:165.07M (Peak 165.40M) | Time:00:00.11 | Mem:0.00M, Peak:0.00M | Scene, ViewLayer | Synchronizing object | grejig-2::wire lattice across.005
Fra:1 Mem:165.07M (Peak 165.40M) | Time:00:00.11 | Mem:0.00M, Peak:0.00M | Scene, ViewLayer | Synchronizing object | grejig-2::wire lattice across.006
Fra:1 Mem:165.07M (Peak 165.40M) | Time:00:00.11 | Mem:0.00M, Peak:0.00M | Scene, ViewLayer | Synchronizing object | grejig-2::wire lattice across.007
Fra:1 Mem:165.07M (Peak 165.40M) | Time:00:00.11 | Mem:0.00M, Peak:0.00M | Scene, ViewLayer | Synchronizing object | grejig-2::wire lattice across.008
Fra:1 Mem:165.08M (Peak 165.40M) | Time:00:00.11 | Mem:0.00M, Peak:0.00M | Scene, ViewLayer | Synchronizing object | grejig-2::wire lattice across.009
Fra:1 Mem:165.08M (Peak 165.40M) | Time:00:00.11 | Mem:0.00M, Peak:0.00M | Scene, ViewLayer | Synchronizing object | grejig-2::wire lattice across.010
Fra:1 Mem:165.08M (Peak 165.40M) | Time:00:00.11 | Mem:0.00M, Peak:0.00M | Scene, ViewLayer | Synchronizing object | grejig-2::wire lattice lengthwise
Fra:1 Mem:165.22M (Peak 165.40M) | Time:00:00.11 | Mem:0.00M, Peak:0.00M | Scene, ViewLayer | Synchronizing object | grejig-2::wire lattice lengthwise.001
Fra:1 Mem:165.22M (Peak 165.40M) | Time:00:00.11 | Mem:0.00M, Peak:0.00M | Scene, ViewLayer | Synchronizing object | grejig-2::wire lattice lengthwise.002
Fra:1 Mem:165.22M (Peak 165.40M) | Time:00:00.11 | Mem:0.00M, Peak:0.00M | Scene, ViewLayer | Synchronizing object | grejig-2::wire lattice lengthwise.003
Fra:1 Mem:165.22M (Peak 165.40M) | Time:00:00.11 | Mem:0.00M, Peak:0.00M | Scene, ViewLayer | Synchronizing object | grejig-2::wire lattice lengthwise.004
Fra:1 Mem:165.23M (Peak 165.40M) | Time:00:00.11 | Mem:0.00M, Peak:0.00M | Scene, ViewLayer | Synchronizing object | grejig-3::folded steel leg
Fra:1 Mem:165.80M (Peak 165.80M) | Time:00:00.11 | Mem:0.00M, Peak:0.00M | Scene, ViewLayer | Synchronizing object | grejig-3::folded steel leg.001
Fra:1 Mem:165.81M (Peak 165.81M) | Time:00:00.11 | Mem:0.00M, Peak:0.00M | Scene, ViewLayer | Synchronizing object | grejig-3::folded steel leg.002
Fra:1 Mem:165.81M (Peak 165.81M) | Time:00:00.11 | Mem:0.00M, Peak:0.00M | Scene, ViewLayer | Synchronizing object | grejig-3::folded steel leg.003
Fra:1 Mem:165.81M (Peak 165.81M) | Time:00:00.11 | Mem:0.00M, Peak:0.00M | Scene, ViewLayer | Synchronizing object | grejig-3::top long rim
Fra:1 Mem:165.82M (Peak 165.82M) | Time:00:00.11 | Mem:0.00M, Peak:0.00M | Scene, ViewLayer | Synchronizing object | grejig-3::top long rim.001
Fra:1 Mem:165.82M (Peak 165.82M) | Time:00:00.11 | Mem:0.00M, Peak:0.00M | Scene, ViewLayer | Synchronizing object | grejig-3::top end rim
Fra:1 Mem:165.82M (Peak 165.82M) | Time:00:00.11 | Mem:0.00M, Peak:0.00M | Scene, ViewLayer | Synchronizing object | grejig-3::top end rim.001
Fra:1 Mem:165.83M (Peak 165.83M) | Time:00:00.11 | Mem:0.00M, Peak:0.00M | Scene, ViewLayer | Synchronizing object | grejig-3::wire lattice across
Fra:1 Mem:165.83M (Peak 165.83M) | Time:00:00.11 | Mem:0.00M, Peak:0.00M | Scene, ViewLayer | Synchronizing object | grejig-3::wire lattice across.001
Fra:1 Mem:165.83M (Peak 165.83M) | Time:00:00.11 | Mem:0.00M, Peak:0.00M | Scene, ViewLayer | Synchronizing object | grejig-3::wire lattice across.002
Fra:1 Mem:165.83M (Peak 165.83M) | Time:00:00.11 | Mem:0.00M, Peak:0.00M | Scene, ViewLayer | Synchronizing object | grejig-3::wire lattice across.003
Fra:1 Mem:165.84M (Peak 165.84M) | Time:00:00.11 | Mem:0.00M, Peak:0.00M | Scene, ViewLayer | Synchronizing object | grejig-3::wire lattice across.004
Fra:1 Mem:165.84M (Peak 165.84M) | Time:00:00.11 | Mem:0.00M, Peak:0.00M | Scene, ViewLayer | Synchronizing object | grejig-3::wire lattice across.005
Fra:1 Mem:165.84M (Peak 165.84M) | Time:00:00.11 | Mem:0.00M, Peak:0.00M | Scene, ViewLayer | Synchronizing object | grejig-3::wire lattice across.006
Fra:1 Mem:165.84M (Peak 165.84M) | Time:00:00.11 | Mem:0.00M, Peak:0.00M | Scene, ViewLayer | Synchronizing object | grejig-3::wire lattice across.007
Fra:1 Mem:165.85M (Peak 165.85M) | Time:00:00.11 | Mem:0.00M, Peak:0.00M | Scene, ViewLayer | Synchronizing object | grejig-3::wire lattice across.008
Fra:1 Mem:165.85M (Peak 165.85M) | Time:00:00.11 | Mem:0.00M, Peak:0.00M | Scene, ViewLayer | Synchronizing object | grejig-3::wire lattice across.009
Fra:1 Mem:165.85M (Peak 165.85M) | Time:00:00.11 | Mem:0.00M, Peak:0.00M | Scene, ViewLayer | Synchronizing object | grejig-3::wire lattice across.010
Fra:1 Mem:165.85M (Peak 165.85M) | Time:00:00.11 | Mem:0.00M, Peak:0.00M | Scene, ViewLayer | Synchronizing object | grejig-3::wire lattice lengthwise
Fra:1 Mem:165.85M (Peak 165.85M) | Time:00:00.11 | Mem:0.00M, Peak:0.00M | Scene, ViewLayer | Synchronizing object | grejig-3::wire lattice lengthwise.001
Fra:1 Mem:165.86M (Peak 165.86M) | Time:00:00.11 | Mem:0.00M, Peak:0.00M | Scene, ViewLayer | Synchronizing object | grejig-3::wire lattice lengthwise.002
Fra:1 Mem:165.86M (Peak 165.86M) | Time:00:00.11 | Mem:0.00M, Peak:0.00M | Scene, ViewLayer | Synchronizing object | grejig-3::wire lattice lengthwise.003
Fra:1 Mem:165.86M (Peak 165.86M) | Time:00:00.11 | Mem:0.00M, Peak:0.00M | Scene, ViewLayer | Synchronizing object | grejig-3::wire lattice lengthwise.004
Fra:1 Mem:165.86M (Peak 165.86M) | Time:00:00.11 | Mem:0.00M, Peak:0.00M | Scene, ViewLayer | Synchronizing object | Provisional rack floor support — closet unrecorded
Fra:1 Mem:165.86M (Peak 165.86M) | Time:00:00.11 | Mem:0.00M, Peak:0.00M | Scene, ViewLayer | Synchronizing object | U-base closed crossbar
Fra:1 Mem:165.88M (Peak 165.88M) | Time:00:00.11 | Mem:0.00M, Peak:0.00M | Scene, ViewLayer | Synchronizing object | U-base open prong
Fra:1 Mem:165.76M (Peak 165.88M) | Time:00:00.11 | Mem:0.00M, Peak:0.00M | Scene, ViewLayer | Synchronizing object | U-base open prong.001
Fra:1 Mem:166.18M (Peak 166.18M) | Time:00:00.11 | Mem:0.00M, Peak:0.00M | Scene, ViewLayer | Synchronizing object | Slim rectangular upright
Fra:1 Mem:166.19M (Peak 166.19M) | Time:00:00.11 | Mem:0.00M, Peak:0.00M | Scene, ViewLayer | Synchronizing object | Rotary dimming knob
Fra:1 Mem:166.20M (Peak 166.20M) | Time:00:00.11 | Mem:0.00M, Peak:0.00M | Scene, ViewLayer | Synchronizing object | Rectangular panel long rim
Fra:1 Mem:166.22M (Peak 166.22M) | Time:00:00.11 | Mem:0.00M, Peak:0.00M | Scene, ViewLayer | Synchronizing object | Rectangular panel long rim.001
Fra:1 Mem:166.23M (Peak 166.23M) | Time:00:00.11 | Mem:0.00M, Peak:0.00M | Scene, ViewLayer | Synchronizing object | Rectangular panel end rim
Fra:1 Mem:166.25M (Peak 166.25M) | Time:00:00.11 | Mem:0.00M, Peak:0.00M | Scene, ViewLayer | Synchronizing object | Rectangular panel end rim.001
Fra:1 Mem:166.26M (Peak 166.26M) | Time:00:00.11 | Mem:0.00M, Peak:0.00M | Scene, ViewLayer | Synchronizing object | Narrow parallel LED light bar
Fra:1 Mem:166.27M (Peak 166.27M) | Time:00:00.11 | Mem:0.00M, Peak:0.00M | Scene, ViewLayer | Synchronizing object | Narrow parallel LED light bar.001
Fra:1 Mem:166.29M (Peak 166.29M) | Time:00:00.11 | Mem:0.00M, Peak:0.00M | Scene, ViewLayer | Synchronizing object | Triple thickness brown fleece base
Fra:1 Mem:166.30M (Peak 166.30M) | Time:00:00.11 | Mem:0.00M, Peak:0.00M | Scene, ViewLayer | Synchronizing object | kept-muttros-cat-tree::arched hollow condo wall
Fra:1 Mem:166.80M (Peak 166.80M) | Time:00:00.11 | Mem:0.00M, Peak:0.00M | Scene, ViewLayer | Synchronizing object | Condo top plush cushion
Fra:1 Mem:166.81M (Peak 166.81M) | Time:00:00.11 | Mem:0.00M, Peak:0.00M | Scene, ViewLayer | Synchronizing object | Condo dark floor
Fra:1 Mem:166.82M (Peak 166.82M) | Time:00:00.11 | Mem:0.00M, Peak:0.00M | Scene, ViewLayer | Synchronizing object | Natural wood branch0-0
Fra:1 Mem:166.83M (Peak 166.83M) | Time:00:00.11 | Mem:0.00M, Peak:0.00M | Scene, ViewLayer | Synchronizing object | Natural wood branch0-1
Fra:1 Mem:166.84M (Peak 166.84M) | Time:00:00.11 | Mem:0.00M, Peak:0.00M | Scene, ViewLayer | Synchronizing object | Natural wood branch0-2
Fra:1 Mem:166.84M (Peak 166.84M) | Time:00:00.11 | Mem:0.00M, Peak:0.00M | Scene, ViewLayer | Synchronizing object | Natural wood branch0-3
Fra:1 Mem:166.85M (Peak 166.85M) | Time:00:00.11 | Mem:0.00M, Peak:0.00M | Scene, ViewLayer | Synchronizing object | Organic branch junction
Fra:1 Mem:166.92M (Peak 166.92M) | Time:00:00.11 | Mem:0.00M, Peak:0.00M | Scene, ViewLayer | Synchronizing object | Organic branch junction.001
Fra:1 Mem:167.00M (Peak 167.00M) | Time:00:00.11 | Mem:0.00M, Peak:0.00M | Scene, ViewLayer | Synchronizing object | Organic branch junction.002
Fra:1 Mem:167.07M (Peak 167.07M) | Time:00:00.11 | Mem:0.00M, Peak:0.00M | Scene, ViewLayer | Synchronizing object | Natural wood branch1-0
Fra:1 Mem:167.08M (Peak 167.08M) | Time:00:00.11 | Mem:0.00M, Peak:0.00M | Scene, ViewLayer | Synchronizing object | Natural wood branch1-1
Fra:1 Mem:167.08M (Peak 167.08M) | Time:00:00.11 | Mem:0.00M, Peak:0.00M | Scene, ViewLayer | Synchronizing object | Natural wood branch1-2
Fra:1 Mem:167.09M (Peak 167.09M) | Time:00:00.11 | Mem:0.00M, Peak:0.00M | Scene, ViewLayer | Synchronizing object | Organic branch junction.003
Fra:1 Mem:167.16M (Peak 167.16M) | Time:00:00.11 | Mem:0.00M, Peak:0.00M | Scene, ViewLayer | Synchronizing object | Organic branch junction.004
Fra:1 Mem:167.24M (Peak 167.24M) | Time:00:00.11 | Mem:0.00M, Peak:0.00M | Scene, ViewLayer | Synchronizing object | Natural wood branch2-0
Fra:1 Mem:167.24M (Peak 167.24M) | Time:00:00.11 | Mem:0.00M, Peak:0.00M | Scene, ViewLayer | Synchronizing object | Natural wood branch2-1
Fra:1 Mem:167.25M (Peak 167.25M) | Time:00:00.11 | Mem:0.00M, Peak:0.00M | Scene, ViewLayer | Synchronizing object | Organic branch junction.005
Fra:1 Mem:167.32M (Peak 167.32M) | Time:00:00.11 | Mem:0.00M, Peak:0.00M | Scene, ViewLayer | Synchronizing object | Natural wood branch3-0
Fra:1 Mem:167.33M (Peak 167.33M) | Time:00:00.11 | Mem:0.00M, Peak:0.00M | Scene, ViewLayer | Synchronizing object | Natural wood branch3-1
Fra:1 Mem:167.34M (Peak 167.34M) | Time:00:00.11 | Mem:0.00M, Peak:0.00M | Scene, ViewLayer | Synchronizing object | Organic branch junction.006
Fra:1 Mem:167.41M (Peak 167.41M) | Time:00:00.11 | Mem:0.00M, Peak:0.00M | Scene, ViewLayer | Synchronizing object | kept-muttros-cat-tree::Top wicker basket woven horizontal cours
Fra:1 Mem:171.08M (Peak 171.08M) | Time:00:00.12 | Mem:0.00M, Peak:0.00M | Scene, ViewLayer | Synchronizing object | kept-muttros-cat-tree::Top wicker basket crossing wicker strand
Fra:1 Mem:171.94M (Peak 171.94M) | Time:00:00.12 | Mem:0.00M, Peak:0.00M | Scene, ViewLayer | Synchronizing object | Top wicker basket brown fleece cushion
Fra:1 Mem:172.01M (Peak 172.01M) | Time:00:00.12 | Mem:0.00M, Peak:0.00M | Scene, ViewLayer | Synchronizing object | kept-muttros-cat-tree::High side wicker basket woven horizontal
Fra:1 Mem:172.52M (Peak 172.62M) | Time:00:00.12 | Mem:0.00M, Peak:0.00M | Scene, ViewLayer | Synchronizing object | kept-muttros-cat-tree::High side wicker basket crossing wicker 
Fra:1 Mem:168.40M (Peak 172.62M) | Time:00:00.12 | Mem:0.00M, Peak:0.00M | Scene, ViewLayer | Synchronizing object | standing-main-desk::desktop_bracket_right
Fra:1 Mem:168.83M (Peak 172.62M) | Time:00:00.13 | Mem:0.00M, Peak:0.00M | Scene, ViewLayer | Synchronizing object | High side wicker basket brown fleece cushion
Fra:1 Mem:169.35M (Peak 172.62M) | Time:00:00.13 | Mem:0.00M, Peak:0.00M | Scene, ViewLayer | Synchronizing object | kept-muttros-cat-tree::Low side wicker basket woven horizontal 
Fra:1 Mem:172.82M (Peak 172.82M) | Time:00:00.13 | Mem:0.00M, Peak:0.00M | Scene, ViewLayer | Synchronizing object | kept-muttros-cat-tree::Low side wicker basket crossing wicker s
Fra:1 Mem:173.68M (Peak 173.68M) | Time:00:00.13 | Mem:0.00M, Peak:0.00M | Scene, ViewLayer | Synchronizing object | Low side wicker basket brown fleece cushion
Fra:1 Mem:173.76M (Peak 173.76M) | Time:00:00.13 | Mem:0.00M, Peak:0.00M | Scene, ViewLayer | Synchronizing object | kept-muttros-cat-tree::Brown fleece suspended bowl hammock
Fra:1 Mem:175.62M (Peak 175.62M) | Time:00:00.13 | Mem:0.00M, Peak:0.00M | Scene, ViewLayer | Synchronizing object | kept-muttros-cat-tree::Thick fleece hammock rim
Fra:1 Mem:175.71M (Peak 175.71M) | Time:00:00.13 | Mem:0.00M, Peak:0.00M | Scene, ViewLayer | Synchronizing object | kept-muttros-cat-tree::Sisal rope winding
Fra:1 Mem:175.86M (Peak 175.86M) | Time:00:00.13 | Mem:0.00M, Peak:0.00M | Scene, ViewLayer | Synchronizing object | kept-muttros-cat-tree::Sisal rope winding.001
Fra:1 Mem:176.02M (Peak 176.02M) | Time:00:00.13 | Mem:0.00M, Peak:0.00M | Scene, ViewLayer | Synchronizing object | kept-muttros-cat-tree::Sisal rope winding.002
Fra:1 Mem:176.21M (Peak 176.21M) | Time:00:00.13 | Mem:0.00M, Peak:0.00M | Scene, ViewLayer | Synchronizing object | kept-muttros-cat-tree::Hanging pom-pom cord
Fra:1 Mem:176.21M (Peak 176.21M) | Time:00:00.13 | Mem:0.00M, Peak:0.00M | Scene, ViewLayer | Synchronizing object | Brown play ball
Fra:1 Mem:176.29M (Peak 176.29M) | Time:00:00.13 | Mem:0.00M, Peak:0.00M | Scene, ViewLayer | Synchronizing object | kept-muttros-cat-tree::Hanging pom-pom cord.001
Fra:1 Mem:176.29M (Peak 176.29M) | Time:00:00.13 | Mem:0.00M, Peak:0.00M | Scene, ViewLayer | Synchronizing object | Brown play ball.001
Fra:1 Mem:176.36M (Peak 176.36M) | Time:00:00.13 | Mem:0.00M, Peak:0.00M | Scene, ViewLayer | Synchronizing object | kept-muttros-cat-tree::Hanging pom-pom cord.002
Fra:1 Mem:176.36M (Peak 176.36M) | Time:00:00.13 | Mem:0.00M, Peak:0.00M | Scene, ViewLayer | Synchronizing object | Brown play ball.002
Fra:1 Mem:176.44M (Peak 176.44M) | Time:00:00.13 | Mem:0.00M, Peak:0.00M | Scene, ViewLayer | Synchronizing object | aeron-primary :: five-star spoke 1
Fra:1 Mem:176.44M (Peak 176.44M) | Time:00:00.13 | Mem:0.00M, Peak:0.00M | Scene, ViewLayer | Synchronizing object | aeron-primary :: caster 1 wheel -1
Fra:1 Mem:176.45M (Peak 176.45M) | Time:00:00.13 | Mem:0.00M, Peak:0.00M | Scene, ViewLayer | Synchronizing object | aeron-primary :: caster 1 wheel 1
Fra:1 Mem:176.45M (Peak 176.45M) | Time:00:00.13 | Mem:0.00M, Peak:0.00M | Scene, ViewLayer | Synchronizing object | aeron-primary :: caster 1 swivel
Fra:1 Mem:176.46M (Peak 176.46M) | Time:00:00.13 | Mem:0.00M, Peak:0.00M | Scene, ViewLayer | Synchronizing object | aeron-primary :: five-star spoke 2
Fra:1 Mem:176.46M (Peak 176.46M) | Time:00:00.13 | Mem:0.00M, Peak:0.00M | Scene, ViewLayer | Synchronizing object | aeron-primary :: caster 2 wheel -1
Fra:1 Mem:176.47M (Peak 176.47M) | Time:00:00.13 | Mem:0.00M, Peak:0.00M | Scene, ViewLayer | Synchronizing object | aeron-primary :: caster 2 wheel 1
Fra:1 Mem:176.48M (Peak 176.48M) | Time:00:00.13 | Mem:0.00M, Peak:0.00M | Scene, ViewLayer | Synchronizing object | aeron-primary :: caster 2 swivel
Fra:1 Mem:176.48M (Peak 176.48M) | Time:00:00.13 | Mem:0.00M, Peak:0.00M | Scene, ViewLayer | Synchronizing object | aeron-primary :: five-star spoke 3
Fra:1 Mem:176.48M (Peak 176.48M) | Time:00:00.13 | Mem:0.00M, Peak:0.00M | Scene, ViewLayer | Synchronizing object | aeron-primary :: caster 3 wheel -1
Fra:1 Mem:176.49M (Peak 176.49M) | Time:00:00.13 | Mem:0.00M, Peak:0.00M | Scene, ViewLayer | Synchronizing object | aeron-primary :: caster 3 wheel 1
Fra:1 Mem:176.50M (Peak 176.50M) | Time:00:00.13 | Mem:0.00M, Peak:0.00M | Scene, ViewLayer | Synchronizing object | aeron-primary :: caster 3 swivel
Fra:1 Mem:176.50M (Peak 176.50M) | Time:00:00.13 | Mem:0.00M, Peak:0.00M | Scene, ViewLayer | Synchronizing object | aeron-primary :: five-star spoke 4
Fra:1 Mem:176.51M (Peak 176.51M) | Time:00:00.13 | Mem:0.00M, Peak:0.00M | Scene, ViewLayer | Synchronizing object | aeron-primary :: caster 4 wheel -1
Fra:1 Mem:176.51M (Peak 176.51M) | Time:00:00.13 | Mem:0.00M, Peak:0.00M | Scene, ViewLayer | Synchronizing object | aeron-primary :: caster 4 wheel 1
Fra:1 Mem:176.52M (Peak 176.52M) | Time:00:00.13 | Mem:0.00M, Peak:0.00M | Scene, ViewLayer | Synchronizing object | aeron-primary :: caster 4 swivel
Fra:1 Mem:176.52M (Peak 176.52M) | Time:00:00.13 | Mem:0.00M, Peak:0.00M | Scene, ViewLayer | Synchronizing object | aeron-primary :: five-star spoke 5
Fra:1 Mem:176.53M (Peak 176.53M) | Time:00:00.13 | Mem:0.00M, Peak:0.00M | Scene, ViewLayer | Synchronizing object | aeron-primary :: caster 5 wheel -1
Fra:1 Mem:176.53M (Peak 176.53M) | Time:00:00.13 | Mem:0.00M, Peak:0.00M | Scene, ViewLayer | Synchronizing object | aeron-primary :: caster 5 wheel 1
Fra:1 Mem:176.54M (Peak 176.54M) | Time:00:00.13 | Mem:0.00M, Peak:0.00M | Scene, ViewLayer | Synchronizing object | aeron-primary :: caster 5 swivel
Fra:1 Mem:176.54M (Peak 176.54M) | Time:00:00.13 | Mem:0.00M, Peak:0.00M | Scene, ViewLayer | Synchronizing object | aeron-primary :: base hub
Fra:1 Mem:176.55M (Peak 176.55M) | Time:00:00.13 | Mem:0.00M, Peak:0.00M | Scene, ViewLayer | Synchronizing object | aeron-primary :: gas lift cylinder
Fra:1 Mem:176.56M (Peak 176.56M) | Time:00:00.13 | Mem:0.00M, Peak:0.00M | Scene, ViewLayer | Synchronizing object | aeron-primary :: tilt mechanism housing
Fra:1 Mem:176.63M (Peak 176.63M) | Time:00:00.13 | Mem:0.00M, Peak:0.00M | Scene, ViewLayer | Synchronizing object | aeron-primary :: underseat cross support
Fra:1 Mem:176.64M (Peak 176.64M) | Time:00:00.13 | Mem:0.00M, Peak:0.00M | Scene, ViewLayer | Synchronizing object | aeron-primary :: right tilt control stem
Fra:1 Mem:176.64M (Peak 176.64M) | Time:00:00.13 | Mem:0.00M, Peak:0.00M | Scene, ViewLayer | Synchronizing object | aeron-primary :: tilt control knob
Fra:1 Mem:176.71M (Peak 176.71M) | Time:00:00.13 | Mem:0.00M, Peak:0.00M | Scene, ViewLayer | Synchronizing object | aeron-primary :: sculpted open oval back perimeter
Fra:1 Mem:176.94M (Peak 176.94M) | Time:00:00.14 | Mem:0.00M, Peak:0.00M | Scene, ViewLayer | Synchronizing object | aeron-primary :: sculpted open seat perimeter
Fra:1 Mem:176.59M (Peak 176.94M) | Time:00:00.14 | Mem:0.00M, Peak:0.00M | Scene, ViewLayer | Synchronizing object | aeron-primary :: fine open curved back weave
Fra:1 Mem:174.73M (Peak 176.94M) | Time:00:00.14 | Mem:0.00M, Peak:0.00M | Scene, ViewLayer | Synchronizing object | standing-main-desk::lifting_column_right_middle_stage
Fra:1 Mem:189.04M (Peak 190.17M) | Time:00:00.17 | Mem:0.00M, Peak:0.00M | Scene, ViewLayer | Synchronizing object | aeron-primary :: fine open suspended seat weave
Fra:1 Mem:189.43M (Peak 193.58M) | Time:00:00.18 | Mem:0.00M, Peak:0.00M | Scene, ViewLayer | Synchronizing object | standing-main-desk::foot_right
Fra:1 Mem:193.50M (Peak 193.58M) | Time:00:00.18 | Mem:0.00M, Peak:0.00M | Scene, ViewLayer | Synchronizing object | aeron-primary :: rear central back carrier
Fra:1 Mem:193.45M (Peak 193.58M) | Time:00:00.18 | Mem:0.00M, Peak:0.00M | Scene, ViewLayer | Synchronizing object | aeron-primary :: reference lumbar support
Fra:1 Mem:193.34M (Peak 193.58M) | Time:00:00.18 | Mem:0.00M, Peak:0.00M | Scene, ViewLayer | Synchronizing object | aeron-primary :: seat hinge and back carrier -1
Fra:1 Mem:192.23M (Peak 193.58M) | Time:00:00.18 | Mem:0.00M, Peak:0.00M | Scene, ViewLayer | Synchronizing object | aeron-primary :: seat pivot cap -1
Fra:1 Mem:193.13M (Peak 193.58M) | Time:00:00.18 | Mem:0.00M, Peak:0.00M | Scene, ViewLayer | Synchronizing object | aeron-primary :: adjustable arm support -1
Fra:1 Mem:193.14M (Peak 193.58M) | Time:00:00.18 | Mem:0.00M, Peak:0.00M | Scene, ViewLayer | Synchronizing object | aeron-primary :: gray arm pad -1
Fra:1 Mem:193.21M (Peak 193.58M) | Time:00:00.18 | Mem:0.00M, Peak:0.00M | Scene, ViewLayer | Synchronizing object | aeron-primary :: seat hinge and back carrier 1
Fra:1 Mem:193.21M (Peak 193.58M) | Time:00:00.18 | Mem:0.00M, Peak:0.00M | Scene, ViewLayer | Synchronizing object | aeron-primary :: seat pivot cap 1
Fra:1 Mem:193.28M (Peak 193.58M) | Time:00:00.18 | Mem:0.00M, Peak:0.00M | Scene, ViewLayer | Synchronizing object | aeron-primary :: adjustable arm support 1
Fra:1 Mem:193.29M (Peak 193.58M) | Time:00:00.18 | Mem:0.00M, Peak:0.00M | Scene, ViewLayer | Synchronizing object | aeron-primary :: gray arm pad 1
Fra:1 Mem:193.71M (Peak 193.71M) | Time:00:00.18 | Mem:0.00M, Peak:0.00M | Scene, ViewLayer | Synchronizing object | standing-main-desk::cable_door_lid
Fra:1 Mem:195.42M (Peak 197.12M) | Time:00:00.19 | Mem:0.00M, Peak:0.00M | Scene, ViewLayer | Synchronizing object | standing-main-desk::lifting_column_left_inner_stage
Fra:1 Mem:193.77M (Peak 197.12M) | Time:00:00.19 | Mem:0.00M, Peak:0.00M | Scene, ViewLayer | Synchronizing object | standing-main-desk::lifting_column_right_inner_stage
Fra:1 Mem:202.79M (Peak 206.83M) | Time:00:00.21 | Mem:0.00M, Peak:0.00M | Scene, ViewLayer | Synchronizing object | standing-main-desk::desktop
Fra:1 Mem:199.47M (Peak 206.83M) | Time:00:00.21 | Mem:0.00M, Peak:0.00M | Scene, ViewLayer | Synchronizing object | standing-main-desk::frame_cover_right
Fra:1 Mem:211.20M (Peak 214.60M) | Time:00:00.23 | Mem:0.00M, Peak:0.00M | Scene, ViewLayer | Synchronizing object | standing-main-desk::keypad_controls
Fra:1 Mem:207.32M (Peak 214.60M) | Time:00:00.24 | Mem:0.00M, Peak:0.00M | Scene, ViewLayer | Synchronizing object | standing-main-desk::leveling_glide_left_front
Fra:1 Mem:208.25M (Peak 214.60M) | Time:00:00.25 | Mem:0.00M, Peak:0.00M | Scene, ViewLayer | Synchronizing object | standing-main-desk::leveling_glide_right_rear
Fra:1 Mem:209.08M (Peak 214.60M) | Time:00:00.27 | Mem:0.00M, Peak:0.00M | Scene, ViewLayer | Synchronizing object | standing-main-desk::frame_end_left
Fra:1 Mem:211.18M (Peak 214.60M) | Time:00:00.28 | Mem:0.00M, Peak:0.00M | Scene, ViewLayer | Synchronizing object | standing-main-desk::lifting_column_left_head
Fra:1 Mem:245.10M (Peak 254.53M) | Time:00:00.32 | Mem:0.00M, Peak:0.00M | Scene, ViewLayer | Synchronizing object | standing-main-desk::lifting_column_right_outer_stage
Fra:1 Mem:238.62M (Peak 256.41M) | Time:00:00.37 | Mem:0.00M, Peak:0.00M | Scene, ViewLayer | Synchronizing object | standing-main-desk::cable_door_brush
Fra:1 Mem:238.62M (Peak 256.41M) | Time:00:00.37 | Mem:0.00M, Peak:0.00M | Scene, ViewLayer | Synchronizing object | standing-main-desk::control_box
Fra:1 Mem:234.64M (Peak 256.41M) | Time:00:00.38 | Mem:0.00M, Peak:0.00M | Scene, ViewLayer | Synchronizing object | standing-main-desk::frame_rail_rear
Fra:1 Mem:249.64M (Peak 256.41M) | Time:00:00.40 | Mem:0.00M, Peak:0.00M | Scene, ViewLayer | Synchronizing object | standing-main-desk::lifting_column_left_middle_stage
Fra:1 Mem:258.23M (Peak 262.04M) | Time:00:00.42 | Mem:0.00M, Peak:0.00M | Scene, ViewLayer | Synchronizing object | standing-main-desk::foot_left
Fra:1 Mem:250.19M (Peak 262.04M) | Time:00:00.43 | Mem:0.00M, Peak:0.00M | Scene, ViewLayer | Synchronizing object | standing-main-desk::lifting_column_left_outer_stage
Fra:1 Mem:248.54M (Peak 262.04M) | Time:00:00.43 | Mem:0.00M, Peak:0.00M | Scene, ViewLayer | Synchronizing object | standing-main-desk::desktop_bracket_left
Fra:1 Mem:258.76M (Peak 262.04M) | Time:00:00.45 | Mem:0.00M, Peak:0.00M | Scene, ViewLayer | Synchronizing object | standing-main-desk::frame_end_right
Fra:1 Mem:269.07M (Peak 273.99M) | Time:00:00.48 | Mem:0.00M, Peak:0.00M | Scene, ViewLayer | Synchronizing object | standing-main-desk::keypad
Fra:1 Mem:281.57M (Peak 288.04M) | Time:00:00.51 | Mem:0.00M, Peak:0.00M | Scene, ViewLayer | Synchronizing object | standing-main-desk::felt_cable_organizer
Fra:1 Mem:288.20M (Peak 288.83M) | Time:00:00.52 | Mem:0.00M, Peak:0.00M | Scene, ViewLayer | Synchronizing object | standing-main-desk::leveling_glide_right_front
Fra:1 Mem:290.56M (Peak 291.74M) | Time:00:00.52 | Mem:0.00M, Peak:0.00M | Scene, ViewLayer | Synchronizing object | standing-main-desk::frame_cover_left
Fra:1 Mem:294.20M (Peak 299.59M) | Time:00:00.57 | Mem:0.00M, Peak:0.00M | Scene, ViewLayer | Synchronizing object | standing-main-desk::lifting_column_right_head
Fra:1 Mem:287.16M (Peak 303.22M) | Time:00:00.59 | Mem:0.00M, Peak:0.00M | Scene, ViewLayer | Synchronizing object | standing-main-desk::leveling_glide_left_rear
Fra:1 Mem:292.25M (Peak 303.22M) | Time:00:00.59 | Mem:0.00M, Peak:0.00M | Scene, ViewLayer | Synchronizing object | standing-main-desk::cable_door
Fra:1 Mem:283.70M (Peak 303.22M) | Time:00:00.61 | Mem:0.00M, Peak:0.00M | Scene, ViewLayer | Initializing
Fra:1 Mem:280.34M (Peak 303.22M) | Time:00:00.61 | Mem:0.00M, Peak:0.00M | Scene, ViewLayer | Updating Images | Loading dan-hobday-richmond-70x100-official.jpg
Fra:1 Mem:280.34M (Peak 303.22M) | Time:00:00.61 | Mem:0.00M, Peak:0.00M | Scene, ViewLayer | Updating Images | Loading wood-upper.png
Fra:1 Mem:293.04M (Peak 303.22M) | Time:00:00.63 | Mem:2.00M, Peak:2.00M | Scene, ViewLayer | Updating Images | Loading brick-upper.png
Fra:1 Mem:316.41M (Peak 320.42M) | Time:00:00.64 | Mem:4.00M, Peak:4.00M | Scene, ViewLayer | Updating Images | Loading rift-6x9.jpg
Fra:1 Mem:307.37M (Peak 377.44M) | Time:00:00.90 | Mem:42.15M, Peak:42.15M | Scene, ViewLayer | Waiting for render to start
Fra:1 Mem:307.37M (Peak 377.44M) | Time:00:00.90 | Mem:42.15M, Peak:42.15M | Scene, ViewLayer | Loading render kernels (may take a few minutes the first time)
Fra:1 Mem:307.37M (Peak 377.44M) | Time:00:00.90 | Mem:42.15M, Peak:42.15M | Scene, ViewLayer | Updating Scene
Fra:1 Mem:307.37M (Peak 377.44M) | Time:00:00.90 | Mem:42.15M, Peak:42.15M | Scene, ViewLayer | Updating Shaders
Fra:1 Mem:307.49M (Peak 377.44M) | Time:00:00.91 | Mem:42.19M, Peak:42.19M | Scene, ViewLayer | Updating Procedurals
Fra:1 Mem:307.49M (Peak 377.44M) | Time:00:00.91 | Mem:42.19M, Peak:42.19M | Scene, ViewLayer | Updating Background
Fra:1 Mem:307.49M (Peak 377.44M) | Time:00:00.91 | Mem:42.19M, Peak:42.19M | Scene, ViewLayer | Updating Camera
Fra:1 Mem:307.49M (Peak 377.44M) | Time:00:00.91 | Mem:42.19M, Peak:42.19M | Scene, ViewLayer | Updating Meshes Flags
Fra:1 Mem:307.49M (Peak 377.44M) | Time:00:00.91 | Mem:42.19M, Peak:42.19M | Scene, ViewLayer | Updating Objects
Fra:1 Mem:307.49M (Peak 377.44M) | Time:00:00.91 | Mem:42.19M, Peak:42.19M | Scene, ViewLayer | Updating Objects | Copying Transformations to device
Fra:1 Mem:307.60M (Peak 377.44M) | Time:00:00.92 | Mem:42.29M, Peak:42.29M | Scene, ViewLayer | Updating Objects | Applying Static Transformations
Fra:1 Mem:307.60M (Peak 377.44M) | Time:00:00.93 | Mem:42.29M, Peak:42.29M | Scene, ViewLayer | Updating Particle Systems
Fra:1 Mem:307.60M (Peak 377.44M) | Time:00:00.93 | Mem:42.29M, Peak:42.29M | Scene, ViewLayer | Updating Particle Systems | Copying Particles to device
Fra:1 Mem:307.60M (Peak 377.44M) | Time:00:00.93 | Mem:42.29M, Peak:42.29M | Scene, ViewLayer | Updating Meshes
Fra:1 Mem:327.80M (Peak 377.44M) | Time:00:01.01 | Mem:42.29M, Peak:42.29M | Scene, ViewLayer | Updating Mesh | Computing attributes
Fra:1 Mem:344.12M (Peak 377.44M) | Time:00:01.03 | Mem:42.31M, Peak:42.31M | Scene, ViewLayer | Updating Mesh | Copying Attributes to device
Fra:1 Mem:344.05M (Peak 377.44M) | Time:00:01.03 | Mem:58.54M, Peak:58.54M | Scene, ViewLayer | Updating Geometry BVH Original FADO source body component 1/1 | Building BVH
Fra:1 Mem:344.05M (Peak 377.44M) | Time:00:01.04 | Mem:59.00M, Peak:59.00M | Scene, ViewLayer | Updating Geometry BVH Original FADO source body component 1/1 | Building BVH 0%
Fra:1 Mem:344.05M (Peak 377.44M) | Time:00:01.04 | Mem:59.45M, Peak:59.90M | Scene, ViewLayer | Updating Scene BVH | Building
Fra:1 Mem:344.06M (Peak 377.44M) | Time:00:01.04 | Mem:59.45M, Peak:59.90M | Scene, ViewLayer | Updating Scene BVH | Building BVH
Fra:1 Mem:344.06M (Peak 377.44M) | Time:00:01.29 | Mem:141.39M, Peak:141.39M | Scene, ViewLayer | Updating Scene BVH | Building BVH 48%
Fra:1 Mem:344.06M (Peak 377.44M) | Time:00:01.48 | Mem:143.45M, Peak:183.39M | Scene, ViewLayer | Updating Scene BVH | Copying BVH to device
Fra:1 Mem:344.06M (Peak 377.44M) | Time:00:01.48 | Mem:143.45M, Peak:183.39M | Scene, ViewLayer | Updating Mesh | Computing normals
Fra:1 Mem:412.57M (Peak 412.57M) | Time:00:01.54 | Mem:143.45M, Peak:183.39M | Scene, ViewLayer | Updating Mesh | Copying Mesh to device
Fra:1 Mem:412.57M (Peak 412.57M) | Time:00:01.54 | Mem:211.96M, Peak:211.96M | Scene, ViewLayer | Updating Objects Flags
Fra:1 Mem:412.57M (Peak 412.57M) | Time:00:01.54 | Mem:211.97M, Peak:211.97M | Scene, ViewLayer | Updating Primitive Offsets
Fra:1 Mem:412.58M (Peak 412.58M) | Time:00:01.54 | Mem:211.97M, Peak:211.97M | Scene, ViewLayer | Updating Images
Fra:1 Mem:412.58M (Peak 412.58M) | Time:00:01.54 | Mem:211.97M, Peak:211.97M | Scene, ViewLayer | Updating Camera Volume
Fra:1 Mem:412.58M (Peak 412.58M) | Time:00:01.54 | Mem:211.97M, Peak:211.97M | Scene, ViewLayer | Updating Lookup Tables
Fra:1 Mem:412.58M (Peak 412.58M) | Time:00:01.54 | Mem:212.05M, Peak:212.05M | Scene, ViewLayer | Updating Lights
Fra:1 Mem:412.58M (Peak 412.58M) | Time:00:01.54 | Mem:212.05M, Peak:212.05M | Scene, ViewLayer | Updating Lights | Computing tree
Fra:1 Mem:412.65M (Peak 412.65M) | Time:00:01.54 | Mem:212.12M, Peak:212.12M | Scene, ViewLayer | Updating Integrator
Fra:1 Mem:412.65M (Peak 412.65M) | Time:00:01.54 | Mem:212.12M, Peak:212.12M | Scene, ViewLayer | Updating Film
Fra:1 Mem:412.65M (Peak 412.65M) | Time:00:01.54 | Mem:212.04M, Peak:212.12M | Scene, ViewLayer | Updating Lookup Tables
Fra:1 Mem:412.65M (Peak 412.65M) | Time:00:01.54 | Mem:212.12M, Peak:212.12M | Scene, ViewLayer | Updating Baking
Fra:1 Mem:412.65M (Peak 412.65M) | Time:00:01.54 | Mem:212.12M, Peak:212.12M | Scene, ViewLayer | Updating Device | Writing constant memory
Fra:1 Mem:412.66M (Peak 412.66M) | Time:00:01.54 | Mem:212.12M, Peak:212.12M | Scene, ViewLayer | Sample 0/64
Fra:1 Mem:462.10M (Peak 462.10M) | Time:00:10.47 | Remaining:09:22.45 | Mem:261.57M, Peak:261.57M | Scene, ViewLayer | Sample 1/64
Fra:1 Mem:462.10M (Peak 462.10M) | Time:00:40.04 | Remaining:07:34.28 | Mem:261.57M, Peak:261.57M | Scene, ViewLayer | Sample 5/64
Fra:1 Mem:462.10M (Peak 462.10M) | Time:01:09.87 | Remaining:06:57.56 | Mem:261.57M, Peak:261.57M | Scene, ViewLayer | Sample 9/64
Fra:1 Mem:462.10M (Peak 462.10M) | Time:01:44.52 | Remaining:06:43.96 | Mem:261.57M, Peak:261.57M | Scene, ViewLayer | Sample 13/64
Fra:1 Mem:462.10M (Peak 462.10M) | Time:02:14.36 | Remaining:06:07.18 | Mem:261.57M, Peak:261.57M | Scene, ViewLayer | Sample 17/64
Fra:1 Mem:462.10M (Peak 462.10M) | Time:02:36.54 | Remaining:05:17.36 | Mem:261.57M, Peak:261.57M | Scene, ViewLayer | Sample 21/64
Fra:1 Mem:462.10M (Peak 462.10M) | Time:02:57.79 | Remaining:04:34.94 | Mem:261.57M, Peak:261.57M | Scene, ViewLayer | Sample 25/64
Fra:1 Mem:462.10M (Peak 462.10M) | Time:03:19.32 | Remaining:03:58.69 | Mem:261.57M, Peak:261.57M | Scene, ViewLayer | Sample 29/64
Fra:1 Mem:462.10M (Peak 462.10M) | Time:03:38.48 | Remaining:03:36.93 | Mem:261.57M, Peak:261.57M | Scene, ViewLayer | Sample 32/64
Fra:1 Mem:462.10M (Peak 462.10M) | Time:03:59.61 | Remaining:03:05.15 | Mem:261.57M, Peak:261.57M | Scene, ViewLayer | Sample 36/64
Fra:1 Mem:462.10M (Peak 462.10M) | Time:04:20.34 | Remaining:02:35.27 | Mem:261.57M, Peak:261.57M | Scene, ViewLayer | Sample 40/64
Fra:1 Mem:462.10M (Peak 462.10M) | Time:04:41.01 | Remaining:02:07.02 | Mem:261.57M, Peak:261.57M | Scene, ViewLayer | Sample 44/64
Fra:1 Mem:462.10M (Peak 462.10M) | Time:05:06.34 | Remaining:01:41.59 | Mem:261.57M, Peak:261.57M | Scene, ViewLayer | Sample 48/64
Fra:1 Mem:462.10M (Peak 462.10M) | Time:05:29.19 | Remaining:01:15.61 | Mem:261.57M, Peak:261.57M | Scene, ViewLayer | Sample 52/64
Fra:1 Mem:462.10M (Peak 462.10M) | Time:05:50.31 | Remaining:00:49.82 | Mem:261.57M, Peak:261.57M | Scene, ViewLayer | Sample 56/64
Fra:1 Mem:462.10M (Peak 462.10M) | Time:06:10.03 | Remaining:00:24.56 | Mem:261.57M, Peak:261.57M | Scene, ViewLayer | Sample 60/64
Fra:1 Mem:484.08M (Peak 528.02M) | Time:06:30.82 | Mem:261.57M, Peak:261.57M | Scene, ViewLayer | Sample 64/64
Fra:1 Mem:484.08M (Peak 528.02M) | Time:06:30.82 | Mem:261.57M, Peak:261.57M | Scene, ViewLayer | Finished
Saved: '/workspace/his-office-pinterest/variants/c-ink-studio/model/renders/room-a.jpg'
Time: 06:31.22 (Saving: 00:00.38)

VIEW_READY c-ink-studio room-a
Fra:1 Mem:196.70M (Peak 196.70M) | Time:00:00.05 | Mem:0.00M, Peak:0.00M | Scene, ViewLayer | Synchronizing object | architecture_ceiling — his-office
Fra:1 Mem:196.70M (Peak 196.70M) | Time:00:00.05 | Mem:0.00M, Peak:0.00M | Scene, ViewLayer | Synchronizing object | architecture_floor — his-office
Fra:1 Mem:196.70M (Peak 196.70M) | Time:00:00.05 | Mem:0.00M, Peak:0.00M | Scene, ViewLayer | Synchronizing object | his-office wall0 segment
Fra:1 Mem:196.70M (Peak 196.70M) | Time:00:00.05 | Mem:0.00M, Peak:0.00M | Scene, ViewLayer | Synchronizing object | his-office wall2 segment
Fra:1 Mem:196.71M (Peak 196.71M) | Time:00:00.05 | Mem:0.00M, Peak:0.00M | Scene, ViewLayer | Synchronizing object | his-office wall4 segment
Fra:1 Mem:196.71M (Peak 196.71M) | Time:00:00.05 | Mem:0.00M, Peak:0.00M | Scene, ViewLayer | Synchronizing object | his-office wall5 corrected solid 0
Fra:1 Mem:196.71M (Peak 196.71M) | Time:00:00.05 | Mem:0.00M, Peak:0.00M | Scene, ViewLayer | Synchronizing object | his-office wall5 corrected bottom 1
Fra:1 Mem:196.71M (Peak 196.71M) | Time:00:00.05 | Mem:0.00M, Peak:0.00M | Scene, ViewLayer | Synchronizing object | his-office wall5 corrected head 1
Fra:1 Mem:196.71M (Peak 196.71M) | Time:00:00.05 | Mem:0.00M, Peak:0.00M | Scene, ViewLayer | Synchronizing object | his-office wall5 corrected solid 2
Fra:1 Mem:196.71M (Peak 196.71M) | Time:00:00.05 | Mem:0.00M, Peak:0.00M | Scene, ViewLayer | Synchronizing object | his-office wall5 corrected bottom 3
Fra:1 Mem:196.71M (Peak 196.71M) | Time:00:00.05 | Mem:0.00M, Peak:0.00M | Scene, ViewLayer | Synchronizing object | his-office wall5 corrected head 3
Fra:1 Mem:196.71M (Peak 196.71M) | Time:00:00.05 | Mem:0.00M, Peak:0.00M | Scene, ViewLayer | Synchronizing object | his-office wall5 corrected solid 4
Fra:1 Mem:196.71M (Peak 196.71M) | Time:00:00.05 | Mem:0.00M, Peak:0.00M | Scene, ViewLayer | Synchronizing object | his-office wall3 — lower-Y side
Fra:1 Mem:196.71M (Peak 196.71M) | Time:00:00.05 | Mem:0.00M, Peak:0.00M | Scene, ViewLayer | Synchronizing object | his-office wall3 — upper-Y side
Fra:1 Mem:196.71M (Peak 196.71M) | Time:00:00.05 | Mem:0.00M, Peak:0.00M | Scene, ViewLayer | Synchronizing object | his-office wall3 — head continuation
Fra:1 Mem:196.71M (Peak 196.71M) | Time:00:00.05 | Mem:0.00M, Peak:0.00M | Scene, ViewLayer | Synchronizing object | his-office wall3 — below floor continuation
Fra:1 Mem:196.71M (Peak 196.71M) | Time:00:00.05 | Mem:0.00M, Peak:0.00M | Scene, ViewLayer | Synchronizing object | his-office wall1 — lower-Y side
Fra:1 Mem:196.71M (Peak 196.71M) | Time:00:00.05 | Mem:0.00M, Peak:0.00M | Scene, ViewLayer | Synchronizing object | his-office wall1 — upper-Y side
Fra:1 Mem:196.72M (Peak 196.72M) | Time:00:00.05 | Mem:0.00M, Peak:0.00M | Scene, ViewLayer | Synchronizing object | his-office wall1 — head continuation
Fra:1 Mem:196.72M (Peak 196.72M) | Time:00:00.05 | Mem:0.00M, Peak:0.00M | Scene, ViewLayer | Synchronizing object | his-office wall1 — below floor continuation
Fra:1 Mem:196.72M (Peak 196.72M) | Time:00:00.05 | Mem:0.00M, Peak:0.00M | Scene, ViewLayer | Synchronizing object | Observed brick chimney projection
Fra:1 Mem:196.73M (Peak 196.73M) | Time:00:00.05 | Mem:0.00M, Peak:0.00M | Scene, ViewLayer | Synchronizing object | Local floor continuation to observed brick face
Fra:1 Mem:196.73M (Peak 196.73M) | Time:00:00.05 | Mem:0.00M, Peak:0.00M | Scene, ViewLayer | Synchronizing object | Observed single-window glazing
Fra:1 Mem:196.74M (Peak 196.74M) | Time:00:00.05 | Mem:0.00M, Peak:0.00M | Scene, ViewLayer | Synchronizing object | Observed single-window vertical trim
Fra:1 Mem:196.76M (Peak 196.76M) | Time:00:00.05 | Mem:0.00M, Peak:0.00M | Scene, ViewLayer | Synchronizing object | Observed single-window vertical trim.001
Fra:1 Mem:196.77M (Peak 196.77M) | Time:00:00.05 | Mem:0.00M, Peak:0.00M | Scene, ViewLayer | Synchronizing object | Observed single-window horizontal trim
Fra:1 Mem:196.79M (Peak 196.79M) | Time:00:00.05 | Mem:0.00M, Peak:0.00M | Scene, ViewLayer | Synchronizing object | Observed single-window horizontal trim.001
Fra:1 Mem:196.80M (Peak 196.80M) | Time:00:00.05 | Mem:0.00M, Peak:0.00M | Scene, ViewLayer | Synchronizing object | Observed single-window horizontal trim.002
Fra:1 Mem:196.82M (Peak 196.82M) | Time:00:00.05 | Mem:0.00M, Peak:0.00M | Scene, ViewLayer | Synchronizing object | Observed single-window projecting sill
Fra:1 Mem:196.83M (Peak 196.83M) | Time:00:00.05 | Mem:0.00M, Peak:0.00M | Scene, ViewLayer | Synchronizing object | Observed single-window sill apron
Fra:1 Mem:196.84M (Peak 196.84M) | Time:00:00.05 | Mem:0.00M, Peak:0.00M | Scene, ViewLayer | Synchronizing object | Existing closet frame jamb
Fra:1 Mem:196.86M (Peak 196.86M) | Time:00:00.05 | Mem:0.00M, Peak:0.00M | Scene, ViewLayer | Synchronizing object | Existing closet frame jamb.001
Fra:1 Mem:196.87M (Peak 196.87M) | Time:00:00.05 | Mem:0.00M, Peak:0.00M | Scene, ViewLayer | Synchronizing object | Existing closet frame header
Fra:1 Mem:196.89M (Peak 196.89M) | Time:00:00.05 | Mem:0.00M, Peak:0.00M | Scene, ViewLayer | Synchronizing object | Existing closet transom
Fra:1 Mem:196.90M (Peak 196.90M) | Time:00:00.05 | Mem:0.00M, Peak:0.00M | Scene, ViewLayer | Synchronizing object | Existing overhead cupboard frame jamb
Fra:1 Mem:196.92M (Peak 196.92M) | Time:00:00.05 | Mem:0.00M, Peak:0.00M | Scene, ViewLayer | Synchronizing object | Existing overhead cupboard frame jamb.001
Fra:1 Mem:196.93M (Peak 196.93M) | Time:00:00.05 | Mem:0.00M, Peak:0.00M | Scene, ViewLayer | Synchronizing object | Existing overhead cupboard frame header
Fra:1 Mem:196.95M (Peak 196.95M) | Time:00:00.05 | Mem:0.00M, Peak:0.00M | Scene, ViewLayer | Synchronizing object | Existing overhead cupboard panel
Fra:1 Mem:196.96M (Peak 196.96M) | Time:00:00.05 | Mem:0.00M, Peak:0.00M | Scene, ViewLayer | Synchronizing object | Existing cupboard metal latch
Fra:1 Mem:196.98M (Peak 196.98M) | Time:00:00.05 | Mem:0.00M, Peak:0.00M | Scene, ViewLayer | Synchronizing object | Existing living-entry frame jamb
Fra:1 Mem:196.99M (Peak 196.99M) | Time:00:00.05 | Mem:0.00M, Peak:0.00M | Scene, ViewLayer | Synchronizing object | Existing living-entry frame jamb.001
Fra:1 Mem:197.01M (Peak 197.01M) | Time:00:00.05 | Mem:0.00M, Peak:0.00M | Scene, ViewLayer | Synchronizing object | Existing living-entry frame header
Fra:1 Mem:197.02M (Peak 197.02M) | Time:00:00.05 | Mem:0.00M, Peak:0.00M | Scene, ViewLayer | Synchronizing object | Existing exterior-door frame jamb
Fra:1 Mem:197.04M (Peak 197.04M) | Time:00:00.05 | Mem:0.00M, Peak:0.00M | Scene, ViewLayer | Synchronizing object | Existing exterior-door frame jamb.001
Fra:1 Mem:197.05M (Peak 197.05M) | Time:00:00.05 | Mem:0.00M, Peak:0.00M | Scene, ViewLayer | Synchronizing object | Existing exterior-door frame header
Fra:1 Mem:197.07M (Peak 197.07M) | Time:00:00.05 | Mem:0.00M, Peak:0.00M | Scene, ViewLayer | Synchronizing object | Existing cast-iron radiator section
Fra:1 Mem:197.08M (Peak 197.08M) | Time:00:00.05 | Mem:0.00M, Peak:0.00M | Scene, ViewLayer | Synchronizing object | Existing cast-iron radiator section.001
Fra:1 Mem:197.10M (Peak 197.10M) | Time:00:00.05 | Mem:0.00M, Peak:0.00M | Scene, ViewLayer | Synchronizing object | Existing cast-iron radiator section.002
Fra:1 Mem:197.11M (Peak 197.11M) | Time:00:00.05 | Mem:0.00M, Peak:0.00M | Scene, ViewLayer | Synchronizing object | Existing cast-iron radiator section.003
Fra:1 Mem:197.13M (Peak 197.13M) | Time:00:00.05 | Mem:0.00M, Peak:0.00M | Scene, ViewLayer | Synchronizing object | Existing cast-iron radiator section.004
Fra:1 Mem:197.14M (Peak 197.14M) | Time:00:00.05 | Mem:0.00M, Peak:0.00M | Scene, ViewLayer | Synchronizing object | Existing cast-iron radiator section.005
Fra:1 Mem:197.16M (Peak 197.16M) | Time:00:00.05 | Mem:0.00M, Peak:0.00M | Scene, ViewLayer | Synchronizing object | Existing cast-iron radiator section.006
Fra:1 Mem:197.17M (Peak 197.17M) | Time:00:00.05 | Mem:0.00M, Peak:0.00M | Scene, ViewLayer | Synchronizing object | Existing cast-iron radiator section.007
Fra:1 Mem:197.19M (Peak 197.19M) | Time:00:00.05 | Mem:0.00M, Peak:0.00M | Scene, ViewLayer | Synchronizing object | Existing cast-iron radiator section.008
Fra:1 Mem:197.20M (Peak 197.20M) | Time:00:00.05 | Mem:0.00M, Peak:0.00M | Scene, ViewLayer | Synchronizing object | Existing radiator foot
Fra:1 Mem:197.22M (Peak 197.22M) | Time:00:00.05 | Mem:0.00M, Peak:0.00M | Scene, ViewLayer | Synchronizing object | Existing radiator foot.001
Fra:1 Mem:197.23M (Peak 197.23M) | Time:00:00.05 | Mem:0.00M, Peak:0.00M | Scene, ViewLayer | Synchronizing object | Existing radiator horizontal connection
Fra:1 Mem:197.25M (Peak 197.25M) | Time:00:00.05 | Mem:0.00M, Peak:0.00M | Scene, ViewLayer | Synchronizing object | Existing radiator horizontal connection.001
Fra:1 Mem:197.26M (Peak 197.26M) | Time:00:00.05 | Mem:0.00M, Peak:0.00M | Scene, ViewLayer | Synchronizing object | Existing built-in shelf white back
Fra:1 Mem:197.28M (Peak 197.28M) | Time:00:00.05 | Mem:0.00M, Peak:0.00M | Scene, ViewLayer | Synchronizing object | Existing built-in shelf board
Fra:1 Mem:197.29M (Peak 197.29M) | Time:00:00.05 | Mem:0.00M, Peak:0.00M | Scene, ViewLayer | Synchronizing object | Existing built-in shelf board.001
Fra:1 Mem:197.31M (Peak 197.31M) | Time:00:00.05 | Mem:0.00M, Peak:0.00M | Scene, ViewLayer | Synchronizing object | Existing built-in shelf board.002
Fra:1 Mem:197.32M (Peak 197.32M) | Time:00:00.05 | Mem:0.00M, Peak:0.00M | Scene, ViewLayer | Synchronizing object | Existing built-in shelf board.003
Fra:1 Mem:197.34M (Peak 197.34M) | Time:00:00.05 | Mem:0.00M, Peak:0.00M | Scene, ViewLayer | Synchronizing object | Existing built-in shelf board.004
Fra:1 Mem:197.35M (Peak 197.35M) | Time:00:00.05 | Mem:0.00M, Peak:0.00M | Scene, ViewLayer | Synchronizing object | Existing built-in shelf board.005
Fra:1 Mem:197.37M (Peak 197.37M) | Time:00:00.05 | Mem:0.00M, Peak:0.00M | Scene, ViewLayer | Synchronizing object | Existing rear vertical white pipe
Fra:1 Mem:197.38M (Peak 197.38M) | Time:00:00.05 | Mem:0.00M, Peak:0.00M | Scene, ViewLayer | Synchronizing object | Observed recessed white arched fireplace infill
Fra:1 Mem:197.38M (Peak 197.38M) | Time:00:00.05 | Mem:0.00M, Peak:0.00M | Scene, ViewLayer | Synchronizing object | Existing entry thermostat
Fra:1 Mem:197.39M (Peak 197.39M) | Time:00:00.05 | Mem:0.00M, Peak:0.00M | Scene, ViewLayer | Synchronizing object | Existing entry small wall control
Fra:1 Mem:197.41M (Peak 197.41M) | Time:00:00.05 | Mem:0.00M, Peak:0.00M | Scene, ViewLayer | Synchronizing object | Sky outside window
Fra:1 Mem:197.41M (Peak 197.41M) | Time:00:00.05 | Mem:0.00M, Peak:0.00M | Scene, ViewLayer | Synchronizing object | secondary-workspace::official alex-drawers part0
Fra:1 Mem:198.92M (Peak 199.15M) | Time:00:00.05 | Mem:0.00M, Peak:0.00M | Scene, ViewLayer | Synchronizing object | primary-felt-mat::MediumPlus darkgray wool felt
Fra:1 Mem:199.09M (Peak 199.15M) | Time:00:00.05 | Mem:0.00M, Peak:0.00M | Scene, ViewLayer | Synchronizing object | dresser::illustrative tray rim.003
Fra:1 Mem:199.10M (Peak 199.15M) | Time:00:00.05 | Mem:0.00M, Peak:0.00M | Scene, ViewLayer | Synchronizing object | dresser::illustrative tray rim.002
Fra:1 Mem:199.12M (Peak 199.15M) | Time:00:00.05 | Mem:0.00M, Peak:0.00M | Scene, ViewLayer | Synchronizing object | dresser::illustrative tray rim.001
Fra:1 Mem:199.13M (Peak 199.15M) | Time:00:00.05 | Mem:0.00M, Peak:0.00M | Scene, ViewLayer | Synchronizing object | dresser::illustrative tray rim
Fra:1 Mem:199.15M (Peak 199.15M) | Time:00:00.05 | Mem:0.00M, Peak:0.00M | Scene, ViewLayer | Synchronizing object | dresser::illustrative tray base
Fra:1 Mem:199.16M (Peak 199.16M) | Time:00:00.05 | Mem:0.00M, Peak:0.00M | Scene, ViewLayer | Synchronizing object | dresser-parlor-palm::representative leaflet.097
Fra:1 Mem:199.16M (Peak 199.16M) | Time:00:00.05 | Mem:0.00M, Peak:0.00M | Scene, ViewLayer | Synchronizing object | dresser-parlor-palm::representative leaflet.096
Fra:1 Mem:199.16M (Peak 199.16M) | Time:00:00.05 | Mem:0.00M, Peak:0.00M | Scene, ViewLayer | Synchronizing object | dresser-parlor-palm::representative leaflet.095
Fra:1 Mem:199.16M (Peak 199.16M) | Time:00:00.05 | Mem:0.00M, Peak:0.00M | Scene, ViewLayer | Synchronizing object | dresser-parlor-palm::representative leaflet.094
Fra:1 Mem:199.16M (Peak 199.16M) | Time:00:00.05 | Mem:0.00M, Peak:0.00M | Scene, ViewLayer | Synchronizing object | dresser-parlor-palm::representative leaflet.093
Fra:1 Mem:199.16M (Peak 199.16M) | Time:00:00.05 | Mem:0.00M, Peak:0.00M | Scene, ViewLayer | Synchronizing object | dresser-parlor-palm::representative leaflet.092
Fra:1 Mem:199.16M (Peak 199.16M) | Time:00:00.05 | Mem:0.00M, Peak:0.00M | Scene, ViewLayer | Synchronizing object | dresser-parlor-palm::representative leaflet.091
Fra:1 Mem:199.16M (Peak 199.16M) | Time:00:00.05 | Mem:0.00M, Peak:0.00M | Scene, ViewLayer | Synchronizing object | dresser-parlor-palm::representative leaflet.090
Fra:1 Mem:199.16M (Peak 199.16M) | Time:00:00.05 | Mem:0.00M, Peak:0.00M | Scene, ViewLayer | Synchronizing object | dresser-parlor-palm::representative leaflet.089
Fra:1 Mem:199.16M (Peak 199.16M) | Time:00:00.05 | Mem:0.00M, Peak:0.00M | Scene, ViewLayer | Synchronizing object | dresser-parlor-palm::representative leaflet.088
Fra:1 Mem:199.16M (Peak 199.16M) | Time:00:00.05 | Mem:0.00M, Peak:0.00M | Scene, ViewLayer | Synchronizing object | dresser-parlor-palm::representative leaflet.087
Fra:1 Mem:199.16M (Peak 199.16M) | Time:00:00.05 | Mem:0.00M, Peak:0.00M | Scene, ViewLayer | Synchronizing object | dresser-parlor-palm::representative leaflet.086
Fra:1 Mem:199.16M (Peak 199.16M) | Time:00:00.05 | Mem:0.00M, Peak:0.00M | Scene, ViewLayer | Synchronizing object | dresser-parlor-palm::representative leaflet.085
Fra:1 Mem:199.16M (Peak 199.16M) | Time:00:00.05 | Mem:0.00M, Peak:0.00M | Scene, ViewLayer | Synchronizing object | dresser-parlor-palm::representative leaflet.084
Fra:1 Mem:199.16M (Peak 199.16M) | Time:00:00.05 | Mem:0.00M, Peak:0.00M | Scene, ViewLayer | Synchronizing object | dresser-parlor-palm::thin palm rachis6
Fra:1 Mem:199.16M (Peak 199.16M) | Time:00:00.05 | Mem:0.00M, Peak:0.00M | Scene, ViewLayer | Synchronizing object | dresser-parlor-palm::representative leaflet.083
Fra:1 Mem:199.16M (Peak 199.16M) | Time:00:00.05 | Mem:0.00M, Peak:0.00M | Scene, ViewLayer | Synchronizing object | dresser-parlor-palm::representative leaflet.082
Fra:1 Mem:199.16M (Peak 199.16M) | Time:00:00.05 | Mem:0.00M, Peak:0.00M | Scene, ViewLayer | Synchronizing object | dresser-parlor-palm::representative leaflet.081
Fra:1 Mem:199.16M (Peak 199.16M) | Time:00:00.05 | Mem:0.00M, Peak:0.00M | Scene, ViewLayer | Synchronizing object | dresser-parlor-palm::representative leaflet.080
Fra:1 Mem:199.16M (Peak 199.16M) | Time:00:00.05 | Mem:0.00M, Peak:0.00M | Scene, ViewLayer | Synchronizing object | dresser-parlor-palm::representative leaflet.079
Fra:1 Mem:199.17M (Peak 199.17M) | Time:00:00.05 | Mem:0.00M, Peak:0.00M | Scene, ViewLayer | Synchronizing object | dresser-parlor-palm::representative leaflet.078
Fra:1 Mem:199.17M (Peak 199.17M) | Time:00:00.05 | Mem:0.00M, Peak:0.00M | Scene, ViewLayer | Synchronizing object | dresser-parlor-palm::representative leaflet.077
Fra:1 Mem:199.17M (Peak 199.17M) | Time:00:00.05 | Mem:0.00M, Peak:0.00M | Scene, ViewLayer | Synchronizing object | dresser-parlor-palm::representative leaflet.076
Fra:1 Mem:199.17M (Peak 199.17M) | Time:00:00.05 | Mem:0.00M, Peak:0.00M | Scene, ViewLayer | Synchronizing object | dresser-parlor-palm::representative leaflet.075
Fra:1 Mem:199.17M (Peak 199.17M) | Time:00:00.05 | Mem:0.00M, Peak:0.00M | Scene, ViewLayer | Synchronizing object | dresser-parlor-palm::representative leaflet.074
Fra:1 Mem:199.17M (Peak 199.17M) | Time:00:00.05 | Mem:0.00M, Peak:0.00M | Scene, ViewLayer | Synchronizing object | dresser-parlor-palm::representative leaflet.073
Fra:1 Mem:199.17M (Peak 199.17M) | Time:00:00.05 | Mem:0.00M, Peak:0.00M | Scene, ViewLayer | Synchronizing object | dresser-parlor-palm::representative leaflet.072
Fra:1 Mem:199.17M (Peak 199.17M) | Time:00:00.05 | Mem:0.00M, Peak:0.00M | Scene, ViewLayer | Synchronizing object | dresser-parlor-palm::representative leaflet.071
Fra:1 Mem:199.17M (Peak 199.17M) | Time:00:00.05 | Mem:0.00M, Peak:0.00M | Scene, ViewLayer | Synchronizing object | dresser-parlor-palm::representative leaflet.070
Fra:1 Mem:199.17M (Peak 199.17M) | Time:00:00.05 | Mem:0.00M, Peak:0.00M | Scene, ViewLayer | Synchronizing object | dresser-parlor-palm::thin palm rachis5
Fra:1 Mem:199.17M (Peak 199.17M) | Time:00:00.05 | Mem:0.00M, Peak:0.00M | Scene, ViewLayer | Synchronizing object | dresser-parlor-palm::representative leaflet.069
Fra:1 Mem:199.17M (Peak 199.17M) | Time:00:00.05 | Mem:0.00M, Peak:0.00M | Scene, ViewLayer | Synchronizing object | dresser-parlor-palm::representative leaflet.068
Fra:1 Mem:199.17M (Peak 199.17M) | Time:00:00.05 | Mem:0.00M, Peak:0.00M | Scene, ViewLayer | Synchronizing object | dresser-parlor-palm::representative leaflet.067
Fra:1 Mem:199.17M (Peak 199.17M) | Time:00:00.05 | Mem:0.00M, Peak:0.00M | Scene, ViewLayer | Synchronizing object | dresser-parlor-palm::representative leaflet.066
Fra:1 Mem:199.17M (Peak 199.17M) | Time:00:00.05 | Mem:0.00M, Peak:0.00M | Scene, ViewLayer | Synchronizing object | dresser-parlor-palm::representative leaflet.065
Fra:1 Mem:199.17M (Peak 199.17M) | Time:00:00.05 | Mem:0.00M, Peak:0.00M | Scene, ViewLayer | Synchronizing object | dresser-parlor-palm::representative leaflet.064
Fra:1 Mem:199.17M (Peak 199.17M) | Time:00:00.05 | Mem:0.00M, Peak:0.00M | Scene, ViewLayer | Synchronizing object | dresser-parlor-palm::representative leaflet.063
Fra:1 Mem:199.17M (Peak 199.17M) | Time:00:00.05 | Mem:0.00M, Peak:0.00M | Scene, ViewLayer | Synchronizing object | dresser-parlor-palm::representative leaflet.062
Fra:1 Mem:199.17M (Peak 199.17M) | Time:00:00.05 | Mem:0.00M, Peak:0.00M | Scene, ViewLayer | Synchronizing object | dresser-parlor-palm::representative leaflet.061
Fra:1 Mem:199.17M (Peak 199.17M) | Time:00:00.05 | Mem:0.00M, Peak:0.00M | Scene, ViewLayer | Synchronizing object | dresser-parlor-palm::representative leaflet.060
Fra:1 Mem:199.17M (Peak 199.17M) | Time:00:00.05 | Mem:0.00M, Peak:0.00M | Scene, ViewLayer | Synchronizing object | dresser-parlor-palm::representative leaflet.059
Fra:1 Mem:199.17M (Peak 199.17M) | Time:00:00.05 | Mem:0.00M, Peak:0.00M | Scene, ViewLayer | Synchronizing object | dresser-parlor-palm::representative leaflet.058
Fra:1 Mem:199.17M (Peak 199.17M) | Time:00:00.05 | Mem:0.00M, Peak:0.00M | Scene, ViewLayer | Synchronizing object | dresser-parlor-palm::representative leaflet.057
Fra:1 Mem:199.17M (Peak 199.17M) | Time:00:00.05 | Mem:0.00M, Peak:0.00M | Scene, ViewLayer | Synchronizing object | dresser-parlor-palm::representative leaflet.056
Fra:1 Mem:199.17M (Peak 199.17M) | Time:00:00.05 | Mem:0.00M, Peak:0.00M | Scene, ViewLayer | Synchronizing object | dresser-parlor-palm::thin palm rachis4
Fra:1 Mem:199.17M (Peak 199.17M) | Time:00:00.05 | Mem:0.00M, Peak:0.00M | Scene, ViewLayer | Synchronizing object | dresser-parlor-palm::representative leaflet.055
Fra:1 Mem:199.17M (Peak 199.17M) | Time:00:00.05 | Mem:0.00M, Peak:0.00M | Scene, ViewLayer | Synchronizing object | dresser-parlor-palm::representative leaflet.054
Fra:1 Mem:199.36M (Peak 199.36M) | Time:00:00.05 | Mem:0.00M, Peak:0.00M | Scene, ViewLayer | Synchronizing object | dresser-parlor-palm::representative leaflet.053
Fra:1 Mem:199.36M (Peak 199.36M) | Time:00:00.05 | Mem:0.00M, Peak:0.00M | Scene, ViewLayer | Synchronizing object | dresser-parlor-palm::representative leaflet.052
Fra:1 Mem:199.36M (Peak 199.36M) | Time:00:00.05 | Mem:0.00M, Peak:0.00M | Scene, ViewLayer | Synchronizing object | dresser-parlor-palm::representative leaflet.051
Fra:1 Mem:199.36M (Peak 199.36M) | Time:00:00.05 | Mem:0.00M, Peak:0.00M | Scene, ViewLayer | Synchronizing object | dresser-parlor-palm::representative leaflet.050
Fra:1 Mem:199.36M (Peak 199.36M) | Time:00:00.05 | Mem:0.00M, Peak:0.00M | Scene, ViewLayer | Synchronizing object | dresser-parlor-palm::representative leaflet.049
Fra:1 Mem:199.36M (Peak 199.36M) | Time:00:00.05 | Mem:0.00M, Peak:0.00M | Scene, ViewLayer | Synchronizing object | dresser-parlor-palm::representative leaflet.048
Fra:1 Mem:199.36M (Peak 199.36M) | Time:00:00.05 | Mem:0.00M, Peak:0.00M | Scene, ViewLayer | Synchronizing object | dresser-parlor-palm::representative leaflet.047
Fra:1 Mem:199.36M (Peak 199.36M) | Time:00:00.05 | Mem:0.00M, Peak:0.00M | Scene, ViewLayer | Synchronizing object | dresser-parlor-palm::representative leaflet.046
Fra:1 Mem:199.36M (Peak 199.36M) | Time:00:00.05 | Mem:0.00M, Peak:0.00M | Scene, ViewLayer | Synchronizing object | dresser-parlor-palm::representative leaflet.045
Fra:1 Mem:199.36M (Peak 199.36M) | Time:00:00.05 | Mem:0.00M, Peak:0.00M | Scene, ViewLayer | Synchronizing object | dresser-parlor-palm::representative leaflet.044
Fra:1 Mem:199.36M (Peak 199.36M) | Time:00:00.05 | Mem:0.00M, Peak:0.00M | Scene, ViewLayer | Synchronizing object | dresser-parlor-palm::representative leaflet.043
Fra:1 Mem:199.36M (Peak 199.36M) | Time:00:00.05 | Mem:0.00M, Peak:0.00M | Scene, ViewLayer | Synchronizing object | dresser-parlor-palm::representative leaflet.042
Fra:1 Mem:199.37M (Peak 199.37M) | Time:00:00.05 | Mem:0.00M, Peak:0.00M | Scene, ViewLayer | Synchronizing object | dresser-parlor-palm::thin palm rachis3
Fra:1 Mem:199.37M (Peak 199.37M) | Time:00:00.05 | Mem:0.00M, Peak:0.00M | Scene, ViewLayer | Synchronizing object | dresser-parlor-palm::representative leaflet.041
Fra:1 Mem:199.37M (Peak 199.37M) | Time:00:00.05 | Mem:0.00M, Peak:0.00M | Scene, ViewLayer | Synchronizing object | dresser-parlor-palm::representative leaflet.040
Fra:1 Mem:199.37M (Peak 199.37M) | Time:00:00.05 | Mem:0.00M, Peak:0.00M | Scene, ViewLayer | Synchronizing object | dresser-parlor-palm::representative leaflet.039
Fra:1 Mem:199.37M (Peak 199.37M) | Time:00:00.05 | Mem:0.00M, Peak:0.00M | Scene, ViewLayer | Synchronizing object | dresser-parlor-palm::representative leaflet.038
Fra:1 Mem:199.37M (Peak 199.37M) | Time:00:00.05 | Mem:0.00M, Peak:0.00M | Scene, ViewLayer | Synchronizing object | dresser-parlor-palm::representative leaflet.037
Fra:1 Mem:199.37M (Peak 199.37M) | Time:00:00.05 | Mem:0.00M, Peak:0.00M | Scene, ViewLayer | Synchronizing object | dresser-parlor-palm::representative leaflet.036
Fra:1 Mem:199.38M (Peak 199.38M) | Time:00:00.05 | Mem:0.00M, Peak:0.00M | Scene, ViewLayer | Synchronizing object | dresser-parlor-palm::representative leaflet.035
Fra:1 Mem:199.38M (Peak 199.38M) | Time:00:00.05 | Mem:0.00M, Peak:0.00M | Scene, ViewLayer | Synchronizing object | dresser-parlor-palm::representative leaflet.034
Fra:1 Mem:199.39M (Peak 199.39M) | Time:00:00.05 | Mem:0.00M, Peak:0.00M | Scene, ViewLayer | Synchronizing object | dresser-parlor-palm::representative leaflet.033
Fra:1 Mem:199.39M (Peak 199.39M) | Time:00:00.05 | Mem:0.00M, Peak:0.00M | Scene, ViewLayer | Synchronizing object | dresser-parlor-palm::representative leaflet.032
Fra:1 Mem:199.41M (Peak 199.41M) | Time:00:00.05 | Mem:0.00M, Peak:0.00M | Scene, ViewLayer | Synchronizing object | dresser-parlor-palm::representative leaflet.031
Fra:1 Mem:199.41M (Peak 199.41M) | Time:00:00.05 | Mem:0.00M, Peak:0.00M | Scene, ViewLayer | Synchronizing object | dresser-parlor-palm::representative leaflet.030
Fra:1 Mem:199.41M (Peak 199.41M) | Time:00:00.05 | Mem:0.00M, Peak:0.00M | Scene, ViewLayer | Synchronizing object | dresser-parlor-palm::representative leaflet.029
Fra:1 Mem:199.41M (Peak 199.41M) | Time:00:00.05 | Mem:0.00M, Peak:0.00M | Scene, ViewLayer | Synchronizing object | dresser-parlor-palm::representative leaflet.028
Fra:1 Mem:199.41M (Peak 199.41M) | Time:00:00.05 | Mem:0.00M, Peak:0.00M | Scene, ViewLayer | Synchronizing object | dresser-parlor-palm::thin palm rachis2
Fra:1 Mem:199.41M (Peak 199.41M) | Time:00:00.05 | Mem:0.00M, Peak:0.00M | Scene, ViewLayer | Synchronizing object | dresser-parlor-palm::representative leaflet.027
Fra:1 Mem:199.42M (Peak 199.42M) | Time:00:00.05 | Mem:0.00M, Peak:0.00M | Scene, ViewLayer | Synchronizing object | dresser-parlor-palm::representative leaflet.026
Fra:1 Mem:199.42M (Peak 199.42M) | Time:00:00.05 | Mem:0.00M, Peak:0.00M | Scene, ViewLayer | Synchronizing object | dresser-parlor-palm::representative leaflet.025
Fra:1 Mem:199.42M (Peak 199.42M) | Time:00:00.05 | Mem:0.00M, Peak:0.00M | Scene, ViewLayer | Synchronizing object | dresser-parlor-palm::representative leaflet.024
Fra:1 Mem:199.43M (Peak 199.43M) | Time:00:00.05 | Mem:0.00M, Peak:0.00M | Scene, ViewLayer | Synchronizing object | dresser-parlor-palm::representative leaflet.023
Fra:1 Mem:199.43M (Peak 199.43M) | Time:00:00.05 | Mem:0.00M, Peak:0.00M | Scene, ViewLayer | Synchronizing object | dresser-parlor-palm::representative leaflet.022
Fra:1 Mem:199.46M (Peak 199.46M) | Time:00:00.05 | Mem:0.00M, Peak:0.00M | Scene, ViewLayer | Synchronizing object | dresser-parlor-palm::representative leaflet.021
Fra:1 Mem:199.46M (Peak 199.46M) | Time:00:00.05 | Mem:0.00M, Peak:0.00M | Scene, ViewLayer | Synchronizing object | dresser-parlor-palm::representative leaflet.020
Fra:1 Mem:199.46M (Peak 199.46M) | Time:00:00.05 | Mem:0.00M, Peak:0.00M | Scene, ViewLayer | Synchronizing object | dresser-parlor-palm::representative leaflet.019
Fra:1 Mem:199.46M (Peak 199.46M) | Time:00:00.05 | Mem:0.00M, Peak:0.00M | Scene, ViewLayer | Synchronizing object | dresser-parlor-palm::representative leaflet.018
Fra:1 Mem:199.46M (Peak 199.46M) | Time:00:00.05 | Mem:0.00M, Peak:0.00M | Scene, ViewLayer | Synchronizing object | dresser-parlor-palm::representative leaflet.017
Fra:1 Mem:199.46M (Peak 199.46M) | Time:00:00.05 | Mem:0.00M, Peak:0.00M | Scene, ViewLayer | Synchronizing object | dresser-parlor-palm::representative leaflet.016
Fra:1 Mem:199.46M (Peak 199.46M) | Time:00:00.05 | Mem:0.00M, Peak:0.00M | Scene, ViewLayer | Synchronizing object | dresser-parlor-palm::representative leaflet.015
Fra:1 Mem:199.46M (Peak 199.46M) | Time:00:00.05 | Mem:0.00M, Peak:0.00M | Scene, ViewLayer | Synchronizing object | dresser-parlor-palm::representative leaflet.014
Fra:1 Mem:199.46M (Peak 199.46M) | Time:00:00.05 | Mem:0.00M, Peak:0.00M | Scene, ViewLayer | Synchronizing object | dresser-parlor-palm::thin palm rachis1
Fra:1 Mem:199.47M (Peak 199.47M) | Time:00:00.05 | Mem:0.00M, Peak:0.00M | Scene, ViewLayer | Synchronizing object | dresser-parlor-palm::representative leaflet.013
Fra:1 Mem:200.41M (Peak 200.41M) | Time:00:00.05 | Mem:0.00M, Peak:0.00M | Scene, ViewLayer | Synchronizing object | dresser-parlor-palm::representative leaflet.012
Fra:1 Mem:200.41M (Peak 200.41M) | Time:00:00.05 | Mem:0.00M, Peak:0.00M | Scene, ViewLayer | Synchronizing object | dresser-parlor-palm::representative leaflet.011
Fra:1 Mem:200.41M (Peak 200.41M) | Time:00:00.05 | Mem:0.00M, Peak:0.00M | Scene, ViewLayer | Synchronizing object | dresser-parlor-palm::representative leaflet.010
Fra:1 Mem:200.41M (Peak 200.41M) | Time:00:00.05 | Mem:0.00M, Peak:0.00M | Scene, ViewLayer | Synchronizing object | dresser-parlor-palm::representative leaflet.009
Fra:1 Mem:200.41M (Peak 200.41M) | Time:00:00.05 | Mem:0.00M, Peak:0.00M | Scene, ViewLayer | Synchronizing object | dresser-parlor-palm::representative leaflet.008
Fra:1 Mem:200.41M (Peak 200.41M) | Time:00:00.05 | Mem:0.00M, Peak:0.00M | Scene, ViewLayer | Synchronizing object | dresser-parlor-palm::representative leaflet.007
Fra:1 Mem:200.41M (Peak 200.41M) | Time:00:00.05 | Mem:0.00M, Peak:0.00M | Scene, ViewLayer | Synchronizing object | dresser-parlor-palm::representative leaflet.006
Fra:1 Mem:200.41M (Peak 200.41M) | Time:00:00.05 | Mem:0.00M, Peak:0.00M | Scene, ViewLayer | Synchronizing object | dresser-parlor-palm::representative leaflet.005
Fra:1 Mem:200.41M (Peak 200.41M) | Time:00:00.05 | Mem:0.00M, Peak:0.00M | Scene, ViewLayer | Synchronizing object | dresser-parlor-palm::representative leaflet.004
Fra:1 Mem:200.41M (Peak 200.41M) | Time:00:00.05 | Mem:0.00M, Peak:0.00M | Scene, ViewLayer | Synchronizing object | dresser-parlor-palm::representative leaflet.003
Fra:1 Mem:200.41M (Peak 200.41M) | Time:00:00.05 | Mem:0.00M, Peak:0.00M | Scene, ViewLayer | Synchronizing object | dresser-parlor-palm::representative leaflet.002
Fra:1 Mem:200.41M (Peak 200.41M) | Time:00:00.05 | Mem:0.00M, Peak:0.00M | Scene, ViewLayer | Synchronizing object | dresser-parlor-palm::representative leaflet.001
Fra:1 Mem:200.41M (Peak 200.41M) | Time:00:00.05 | Mem:0.00M, Peak:0.00M | Scene, ViewLayer | Synchronizing object | dresser-parlor-palm::representative leaflet
Fra:1 Mem:200.41M (Peak 200.41M) | Time:00:00.05 | Mem:0.00M, Peak:0.00M | Scene, ViewLayer | Synchronizing object | dresser-parlor-palm::thin palm rachis0
Fra:1 Mem:200.41M (Peak 200.41M) | Time:00:00.05 | Mem:0.00M, Peak:0.00M | Scene, ViewLayer | Synchronizing object | dresser-parlor-palm::soil
Fra:1 Mem:200.42M (Peak 200.42M) | Time:00:00.05 | Mem:0.00M, Peak:0.00M | Scene, ViewLayer | Synchronizing object | dresser-parlor-palm::black Westcott pot proxy
Fra:1 Mem:200.43M (Peak 200.43M) | Time:00:00.05 | Mem:0.00M, Peak:0.00M | Scene, ViewLayer | Synchronizing object | dresser-parlor-palm::black saucer
Fra:1 Mem:200.44M (Peak 200.44M) | Time:00:00.05 | Mem:0.00M, Peak:0.00M | Scene, ViewLayer | Synchronizing object | dresser-fado::illustrative rear cord1
Fra:1 Mem:200.44M (Peak 200.44M) | Time:00:00.05 | Mem:0.00M, Peak:0.00M | Scene, ViewLayer | Synchronizing object | dresser-fado::illustrative rear cord0
Fra:1 Mem:200.45M (Peak 200.45M) | Time:00:00.05 | Mem:0.00M, Peak:0.00M | Scene, ViewLayer | Synchronizing object | dresser-fado::original body component3
Fra:1 Mem:200.52M (Peak 200.52M) | Time:00:00.05 | Mem:0.00M, Peak:0.00M | Scene, ViewLayer | Synchronizing object | dresser-fado::original body component2
Fra:1 Mem:200.68M (Peak 200.68M) | Time:00:00.05 | Mem:0.00M, Peak:0.00M | Scene, ViewLayer | Synchronizing object | dresser-fado::original body component1
Fra:1 Mem:200.75M (Peak 200.75M) | Time:00:00.05 | Mem:0.00M, Peak:0.00M | Scene, ViewLayer | Synchronizing object | dresser-fado::original body component0
Fra:1 Mem:201.33M (Peak 201.33M) | Time:00:00.05 | Mem:0.00M, Peak:0.00M | Scene, ViewLayer | Synchronizing object | primary-display-ledge::illustrative pocket journal2
Fra:1 Mem:201.35M (Peak 201.35M) | Time:00:00.05 | Mem:0.00M, Peak:0.00M | Scene, ViewLayer | Synchronizing object | primary-display-ledge::illustrative pocket journal1
Fra:1 Mem:201.36M (Peak 201.36M) | Time:00:00.05 | Mem:0.00M, Peak:0.00M | Scene, ViewLayer | Synchronizing object | primary-display-ledge::illustrative pocket journal0
Fra:1 Mem:201.38M (Peak 201.38M) | Time:00:00.05 | Mem:0.00M, Peak:0.00M | Scene, ViewLayer | Synchronizing object | primary-display-ledge::original supplier black ledge
Fra:1 Mem:201.48M (Peak 201.48M) | Time:00:00.06 | Mem:0.00M, Peak:0.00M | Scene, ViewLayer | Synchronizing object | project-display-ledge::illustrative pocket journal2
Fra:1 Mem:201.49M (Peak 201.49M) | Time:00:00.06 | Mem:0.00M, Peak:0.00M | Scene, ViewLayer | Synchronizing object | project-display-ledge::illustrative pocket journal1
Fra:1 Mem:201.51M (Peak 201.51M) | Time:00:00.06 | Mem:0.00M, Peak:0.00M | Scene, ViewLayer | Synchronizing object | project-display-ledge::illustrative pocket journal0
Fra:1 Mem:201.52M (Peak 201.52M) | Time:00:00.06 | Mem:0.00M, Peak:0.00M | Scene, ViewLayer | Synchronizing object | project-display-ledge::original supplier black ledge
Fra:1 Mem:200.15M (Peak 201.52M) | Time:00:00.06 | Mem:0.00M, Peak:0.00M | Scene, ViewLayer | Synchronizing object | richmond-art::full actual native landscape print
Fra:1 Mem:200.15M (Peak 201.52M) | Time:00:00.06 | Mem:0.00M, Peak:0.00M | Scene, ViewLayer | Synchronizing object | richmond-art::black wood frame right
Fra:1 Mem:200.16M (Peak 201.52M) | Time:00:00.06 | Mem:0.00M, Peak:0.00M | Scene, ViewLayer | Synchronizing object | richmond-art::black wood frame left
Fra:1 Mem:199.87M (Peak 201.52M) | Time:00:00.06 | Mem:0.00M, Peak:0.00M | Scene, ViewLayer | Synchronizing object | secondary-workspace::black-brown tabletop
Fra:1 Mem:199.88M (Peak 201.52M) | Time:00:00.06 | Mem:0.00M, Peak:0.00M | Scene, ViewLayer | Synchronizing object | richmond-art::black wood frame bottom
Fra:1 Mem:199.90M (Peak 201.52M) | Time:00:00.06 | Mem:0.00M, Peak:0.00M | Scene, ViewLayer | Synchronizing object | secondary-workspace::right black ADILS leg
Fra:1 Mem:199.91M (Peak 201.52M) | Time:00:00.06 | Mem:0.00M, Peak:0.00M | Scene, ViewLayer | Synchronizing object | richmond-art::black wood frame top
Fra:1 Mem:199.91M (Peak 201.52M) | Time:00:00.06 | Mem:0.00M, Peak:0.00M | Scene, ViewLayer | Synchronizing object | secondary-workspace::black adjustment foot
Fra:1 Mem:199.93M (Peak 201.52M) | Time:00:00.06 | Mem:0.00M, Peak:0.00M | Scene, ViewLayer | Synchronizing object | secondary-workspace::right black ADILS leg.001
Fra:1 Mem:199.94M (Peak 201.52M) | Time:00:00.06 | Mem:0.00M, Peak:0.00M | Scene, ViewLayer | Synchronizing object | secondary-workspace::black adjustment foot.001
Fra:1 Mem:199.95M (Peak 201.52M) | Time:00:00.06 | Mem:0.00M, Peak:0.00M | Scene, ViewLayer | Synchronizing object | clothes-dresser::official storklinta-low-drawers part0
Fra:1 Mem:199.99M (Peak 201.52M) | Time:00:00.06 | Mem:0.00M, Peak:0.00M | Scene, ViewLayer | Synchronizing object | visitor-chair::front walnut seat stretcher
Fra:1 Mem:200.02M (Peak 201.52M) | Time:00:00.06 | Mem:0.00M, Peak:0.00M | Scene, ViewLayer | Synchronizing object | visitor-chair::side seat rail.001
Fra:1 Mem:200.04M (Peak 201.52M) | Time:00:00.06 | Mem:0.00M, Peak:0.00M | Scene, ViewLayer | Synchronizing object | visitor-chair::rear walnut leg.001
Fra:1 Mem:200.04M (Peak 201.52M) | Time:00:00.06 | Mem:0.00M, Peak:0.00M | Scene, ViewLayer | Synchronizing object | visitor-chair::front walnut leg.001
Fra:1 Mem:200.05M (Peak 201.52M) | Time:00:00.06 | Mem:0.00M, Peak:0.00M | Scene, ViewLayer | Synchronizing object | visitor-chair::rounded walnut arm.001
Fra:1 Mem:200.02M (Peak 201.52M) | Time:00:00.06 | Mem:0.00M, Peak:0.00M | Scene, ViewLayer | Synchronizing object | clothes-dresser::official storklinta-low-drawers part1
Fra:1 Mem:200.04M (Peak 201.52M) | Time:00:00.06 | Mem:0.00M, Peak:0.00M | Scene, ViewLayer | Synchronizing object | visitor-chair::side seat rail
Fra:1 Mem:200.04M (Peak 201.52M) | Time:00:00.06 | Mem:0.00M, Peak:0.00M | Scene, ViewLayer | Synchronizing object | clothes-dresser::official storklinta-low-drawers part2
Fra:1 Mem:200.05M (Peak 201.52M) | Time:00:00.06 | Mem:0.00M, Peak:0.00M | Scene, ViewLayer | Synchronizing object | visitor-chair::rear walnut leg
Fra:1 Mem:200.06M (Peak 201.52M) | Time:00:00.06 | Mem:0.00M, Peak:0.00M | Scene, ViewLayer | Synchronizing object | clothes-dresser::official storklinta-low-drawers part3
Fra:1 Mem:200.07M (Peak 201.52M) | Time:00:00.06 | Mem:0.00M, Peak:0.00M | Scene, ViewLayer | Synchronizing object | visitor-chair::front walnut leg
Fra:1 Mem:200.09M (Peak 201.52M) | Time:00:00.06 | Mem:0.00M, Peak:0.00M | Scene, ViewLayer | Synchronizing object | visitor-chair::rounded walnut arm
Fra:1 Mem:200.14M (Peak 201.52M) | Time:00:00.06 | Mem:0.00M, Peak:0.00M | Scene, ViewLayer | Synchronizing object | visitor-chair::rounded sloping boucle back
Fra:1 Mem:200.20M (Peak 201.52M) | Time:00:00.06 | Mem:0.00M, Peak:0.00M | Scene, ViewLayer | Synchronizing object | visitor-chair::rounded boucle seat
Fra:1 Mem:200.22M (Peak 201.52M) | Time:00:00.06 | Mem:0.00M, Peak:0.00M | Scene, ViewLayer | Synchronizing object | standing-main-desk::frame_rail_front
Fra:1 Mem:200.47M (Peak 201.52M) | Time:00:00.06 | Mem:0.00M, Peak:0.00M | Scene, ViewLayer | Synchronizing object | rug::Standard Pad support
Fra:1 Mem:200.47M (Peak 201.52M) | Time:00:00.06 | Mem:0.00M, Peak:0.00M | Scene, ViewLayer | Synchronizing object | rug::actual Rift Charcoal6x9 flatwoven textile
Fra:1 Mem:200.47M (Peak 201.52M) | Time:00:00.06 | Mem:0.00M, Peak:0.00M | Scene, ViewLayer | Synchronizing object | standing-main-desk::generic equipment assumption::monitor stand
Fra:1 Mem:201.15M (Peak 201.52M) | Time:00:00.06 | Mem:0.00M, Peak:0.00M | Scene, ViewLayer | Synchronizing object | standing-main-desk::generic equipment assumption::monitor stem
Fra:1 Mem:201.17M (Peak 201.52M) | Time:00:00.06 | Mem:0.00M, Peak:0.00M | Scene, ViewLayer | Synchronizing object | standing-main-desk::generic equipment assumption::monitor frame
Fra:1 Mem:201.18M (Peak 201.52M) | Time:00:00.06 | Mem:0.00M, Peak:0.00M | Scene, ViewLayer | Synchronizing object | standing-main-desk::generic equipment assumption::dark display
Fra:1 Mem:201.18M (Peak 201.52M) | Time:00:00.06 | Mem:0.00M, Peak:0.00M | Scene, ViewLayer | Synchronizing object | standing-main-desk::generic equipment assumption::keyboard
Fra:1 Mem:201.20M (Peak 201.52M) | Time:00:00.06 | Mem:0.00M, Peak:0.00M | Scene, ViewLayer | Synchronizing object | Existing full-height closet leaf
Fra:1 Mem:201.21M (Peak 201.52M) | Time:00:00.06 | Mem:0.00M, Peak:0.00M | Scene, ViewLayer | Synchronizing object | Existing closet metal knob
Fra:1 Mem:201.22M (Peak 201.52M) | Time:00:00.06 | Mem:0.00M, Peak:0.00M | Scene, ViewLayer | Synchronizing object | Existing living-entry flat white leaf
Fra:1 Mem:201.23M (Peak 201.52M) | Time:00:00.06 | Mem:0.00M, Peak:0.00M | Scene, ViewLayer | Synchronizing object | Existing living-entry silver lever
Fra:1 Mem:201.25M (Peak 201.52M) | Time:00:00.06 | Mem:0.00M, Peak:0.00M | Scene, ViewLayer | Synchronizing object | Existing exterior-door six-panel leaf
Fra:1 Mem:201.26M (Peak 201.52M) | Time:00:00.06 | Mem:0.00M, Peak:0.00M | Scene, ViewLayer | Synchronizing object | Existing exterior-door raised panel
Fra:1 Mem:201.28M (Peak 201.52M) | Time:00:00.06 | Mem:0.00M, Peak:0.00M | Scene, ViewLayer | Synchronizing object | Existing exterior-door raised panel.001
Fra:1 Mem:201.29M (Peak 201.52M) | Time:00:00.06 | Mem:0.00M, Peak:0.00M | Scene, ViewLayer | Synchronizing object | Existing exterior-door raised panel.002
Fra:1 Mem:201.30M (Peak 201.52M) | Time:00:00.06 | Mem:0.00M, Peak:0.00M | Scene, ViewLayer | Synchronizing object | Existing exterior-door raised panel.003
Fra:1 Mem:201.32M (Peak 201.52M) | Time:00:00.06 | Mem:0.00M, Peak:0.00M | Scene, ViewLayer | Synchronizing object | Existing exterior-door raised panel.004
Fra:1 Mem:201.33M (Peak 201.52M) | Time:00:00.06 | Mem:0.00M, Peak:0.00M | Scene, ViewLayer | Synchronizing object | Existing exterior-door raised panel.005
Fra:1 Mem:201.35M (Peak 201.52M) | Time:00:00.06 | Mem:0.00M, Peak:0.00M | Scene, ViewLayer | Synchronizing object | Existing exterior-door brass knob
Fra:1 Mem:201.36M (Peak 201.52M) | Time:00:00.06 | Mem:0.00M, Peak:0.00M | Scene, ViewLayer | Synchronizing object | Existing exterior-door brass deadbolt
Fra:1 Mem:201.36M (Peak 201.52M) | Time:00:00.06 | Mem:0.00M, Peak:0.00M | Scene, ViewLayer | Synchronizing object | grejig-1::folded steel leg
Fra:1 Mem:201.36M (Peak 201.52M) | Time:00:00.06 | Mem:0.00M, Peak:0.00M | Scene, ViewLayer | Synchronizing object | grejig-1::folded steel leg.001
Fra:1 Mem:201.37M (Peak 201.52M) | Time:00:00.06 | Mem:0.00M, Peak:0.00M | Scene, ViewLayer | Synchronizing object | grejig-1::folded steel leg.002
Fra:1 Mem:201.37M (Peak 201.52M) | Time:00:00.06 | Mem:0.00M, Peak:0.00M | Scene, ViewLayer | Synchronizing object | grejig-1::folded steel leg.003
Fra:1 Mem:201.37M (Peak 201.52M) | Time:00:00.06 | Mem:0.00M, Peak:0.00M | Scene, ViewLayer | Synchronizing object | grejig-1::top long rim
Fra:1 Mem:201.37M (Peak 201.52M) | Time:00:00.06 | Mem:0.00M, Peak:0.00M | Scene, ViewLayer | Synchronizing object | grejig-1::top long rim.001
Fra:1 Mem:201.37M (Peak 201.52M) | Time:00:00.06 | Mem:0.00M, Peak:0.00M | Scene, ViewLayer | Synchronizing object | grejig-1::top end rim
Fra:1 Mem:201.38M (Peak 201.52M) | Time:00:00.06 | Mem:0.00M, Peak:0.00M | Scene, ViewLayer | Synchronizing object | grejig-1::top end rim.001
Fra:1 Mem:201.38M (Peak 201.52M) | Time:00:00.06 | Mem:0.00M, Peak:0.00M | Scene, ViewLayer | Synchronizing object | grejig-1::wire lattice across
Fra:1 Mem:201.38M (Peak 201.52M) | Time:00:00.06 | Mem:0.00M, Peak:0.00M | Scene, ViewLayer | Synchronizing object | grejig-1::wire lattice across.001
Fra:1 Mem:201.38M (Peak 201.52M) | Time:00:00.06 | Mem:0.00M, Peak:0.00M | Scene, ViewLayer | Synchronizing object | grejig-1::wire lattice across.002
Fra:1 Mem:201.38M (Peak 201.52M) | Time:00:00.06 | Mem:0.00M, Peak:0.00M | Scene, ViewLayer | Synchronizing object | grejig-1::wire lattice across.003
Fra:1 Mem:201.38M (Peak 201.52M) | Time:00:00.06 | Mem:0.00M, Peak:0.00M | Scene, ViewLayer | Synchronizing object | grejig-1::wire lattice across.004
Fra:1 Mem:201.38M (Peak 201.52M) | Time:00:00.06 | Mem:0.00M, Peak:0.00M | Scene, ViewLayer | Synchronizing object | grejig-1::wire lattice across.005
Fra:1 Mem:201.38M (Peak 201.52M) | Time:00:00.06 | Mem:0.00M, Peak:0.00M | Scene, ViewLayer | Synchronizing object | grejig-1::wire lattice across.006
Fra:1 Mem:201.39M (Peak 201.52M) | Time:00:00.06 | Mem:0.00M, Peak:0.00M | Scene, ViewLayer | Synchronizing object | grejig-1::wire lattice across.007
Fra:1 Mem:201.39M (Peak 201.52M) | Time:00:00.06 | Mem:0.00M, Peak:0.00M | Scene, ViewLayer | Synchronizing object | grejig-1::wire lattice across.008
Fra:1 Mem:201.39M (Peak 201.52M) | Time:00:00.06 | Mem:0.00M, Peak:0.00M | Scene, ViewLayer | Synchronizing object | grejig-1::wire lattice across.009
Fra:1 Mem:201.39M (Peak 201.52M) | Time:00:00.06 | Mem:0.00M, Peak:0.00M | Scene, ViewLayer | Synchronizing object | grejig-1::wire lattice across.010
Fra:1 Mem:201.39M (Peak 201.52M) | Time:00:00.06 | Mem:0.00M, Peak:0.00M | Scene, ViewLayer | Synchronizing object | grejig-1::wire lattice lengthwise
Fra:1 Mem:201.39M (Peak 201.52M) | Time:00:00.06 | Mem:0.00M, Peak:0.00M | Scene, ViewLayer | Synchronizing object | grejig-1::wire lattice lengthwise.001
Fra:1 Mem:201.39M (Peak 201.52M) | Time:00:00.06 | Mem:0.00M, Peak:0.00M | Scene, ViewLayer | Synchronizing object | grejig-1::wire lattice lengthwise.002
Fra:1 Mem:201.39M (Peak 201.52M) | Time:00:00.06 | Mem:0.00M, Peak:0.00M | Scene, ViewLayer | Synchronizing object | grejig-1::wire lattice lengthwise.003
Fra:1 Mem:201.40M (Peak 201.52M) | Time:00:00.06 | Mem:0.00M, Peak:0.00M | Scene, ViewLayer | Synchronizing object | grejig-1::wire lattice lengthwise.004
Fra:1 Mem:201.40M (Peak 201.52M) | Time:00:00.06 | Mem:0.00M, Peak:0.00M | Scene, ViewLayer | Synchronizing object | grejig-2::folded steel leg
Fra:1 Mem:201.40M (Peak 201.52M) | Time:00:00.06 | Mem:0.00M, Peak:0.00M | Scene, ViewLayer | Synchronizing object | grejig-2::folded steel leg.001
Fra:1 Mem:201.40M (Peak 201.52M) | Time:00:00.06 | Mem:0.00M, Peak:0.00M | Scene, ViewLayer | Synchronizing object | grejig-2::folded steel leg.002
Fra:1 Mem:201.40M (Peak 201.52M) | Time:00:00.06 | Mem:0.00M, Peak:0.00M | Scene, ViewLayer | Synchronizing object | grejig-2::folded steel leg.003
Fra:1 Mem:201.40M (Peak 201.52M) | Time:00:00.06 | Mem:0.00M, Peak:0.00M | Scene, ViewLayer | Synchronizing object | grejig-2::top long rim
Fra:1 Mem:201.41M (Peak 201.52M) | Time:00:00.06 | Mem:0.00M, Peak:0.00M | Scene, ViewLayer | Synchronizing object | grejig-2::top long rim.001
Fra:1 Mem:201.41M (Peak 201.52M) | Time:00:00.06 | Mem:0.00M, Peak:0.00M | Scene, ViewLayer | Synchronizing object | grejig-2::top end rim
Fra:1 Mem:201.41M (Peak 201.52M) | Time:00:00.06 | Mem:0.00M, Peak:0.00M | Scene, ViewLayer | Synchronizing object | grejig-2::top end rim.001
Fra:1 Mem:201.41M (Peak 201.52M) | Time:00:00.06 | Mem:0.00M, Peak:0.00M | Scene, ViewLayer | Synchronizing object | grejig-2::wire lattice across
Fra:1 Mem:201.41M (Peak 201.52M) | Time:00:00.06 | Mem:0.00M, Peak:0.00M | Scene, ViewLayer | Synchronizing object | grejig-2::wire lattice across.001
Fra:1 Mem:201.41M (Peak 201.52M) | Time:00:00.06 | Mem:0.00M, Peak:0.00M | Scene, ViewLayer | Synchronizing object | grejig-2::wire lattice across.002
Fra:1 Mem:201.41M (Peak 201.52M) | Time:00:00.06 | Mem:0.00M, Peak:0.00M | Scene, ViewLayer | Synchronizing object | grejig-2::wire lattice across.003
Fra:1 Mem:201.42M (Peak 201.52M) | Time:00:00.06 | Mem:0.00M, Peak:0.00M | Scene, ViewLayer | Synchronizing object | grejig-2::wire lattice across.004
Fra:1 Mem:201.42M (Peak 201.52M) | Time:00:00.06 | Mem:0.00M, Peak:0.00M | Scene, ViewLayer | Synchronizing object | grejig-2::wire lattice across.005
Fra:1 Mem:201.42M (Peak 201.52M) | Time:00:00.06 | Mem:0.00M, Peak:0.00M | Scene, ViewLayer | Synchronizing object | grejig-2::wire lattice across.006
Fra:1 Mem:201.42M (Peak 201.52M) | Time:00:00.06 | Mem:0.00M, Peak:0.00M | Scene, ViewLayer | Synchronizing object | grejig-2::wire lattice across.007
Fra:1 Mem:201.42M (Peak 201.52M) | Time:00:00.06 | Mem:0.00M, Peak:0.00M | Scene, ViewLayer | Synchronizing object | grejig-2::wire lattice across.008
Fra:1 Mem:201.42M (Peak 201.52M) | Time:00:00.06 | Mem:0.00M, Peak:0.00M | Scene, ViewLayer | Synchronizing object | grejig-2::wire lattice across.009
Fra:1 Mem:201.42M (Peak 201.52M) | Time:00:00.06 | Mem:0.00M, Peak:0.00M | Scene, ViewLayer | Synchronizing object | grejig-2::wire lattice across.010
Fra:1 Mem:201.19M (Peak 201.52M) | Time:00:00.06 | Mem:0.00M, Peak:0.00M | Scene, ViewLayer | Synchronizing object | grejig-2::wire lattice lengthwise
Fra:1 Mem:201.63M (Peak 201.63M) | Time:00:00.06 | Mem:0.00M, Peak:0.00M | Scene, ViewLayer | Synchronizing object | grejig-2::wire lattice lengthwise.001
Fra:1 Mem:201.63M (Peak 201.63M) | Time:00:00.06 | Mem:0.00M, Peak:0.00M | Scene, ViewLayer | Synchronizing object | grejig-2::wire lattice lengthwise.002
Fra:1 Mem:201.63M (Peak 201.63M) | Time:00:00.06 | Mem:0.00M, Peak:0.00M | Scene, ViewLayer | Synchronizing object | grejig-2::wire lattice lengthwise.003
Fra:1 Mem:201.63M (Peak 201.63M) | Time:00:00.06 | Mem:0.00M, Peak:0.00M | Scene, ViewLayer | Synchronizing object | grejig-2::wire lattice lengthwise.004
Fra:1 Mem:201.63M (Peak 201.63M) | Time:00:00.06 | Mem:0.00M, Peak:0.00M | Scene, ViewLayer | Synchronizing object | grejig-3::folded steel leg
Fra:1 Mem:201.63M (Peak 201.63M) | Time:00:00.06 | Mem:0.00M, Peak:0.00M | Scene, ViewLayer | Synchronizing object | grejig-3::folded steel leg.001
Fra:1 Mem:201.63M (Peak 201.63M) | Time:00:00.06 | Mem:0.00M, Peak:0.00M | Scene, ViewLayer | Synchronizing object | grejig-3::folded steel leg.002
Fra:1 Mem:202.57M (Peak 202.57M) | Time:00:00.06 | Mem:0.00M, Peak:0.00M | Scene, ViewLayer | Synchronizing object | grejig-3::folded steel leg.003
Fra:1 Mem:202.58M (Peak 202.58M) | Time:00:00.06 | Mem:0.00M, Peak:0.00M | Scene, ViewLayer | Synchronizing object | grejig-3::top long rim
Fra:1 Mem:202.58M (Peak 202.58M) | Time:00:00.06 | Mem:0.00M, Peak:0.00M | Scene, ViewLayer | Synchronizing object | grejig-3::top long rim.001
Fra:1 Mem:202.58M (Peak 202.58M) | Time:00:00.06 | Mem:0.00M, Peak:0.00M | Scene, ViewLayer | Synchronizing object | grejig-3::top end rim
Fra:1 Mem:202.58M (Peak 202.58M) | Time:00:00.06 | Mem:0.00M, Peak:0.00M | Scene, ViewLayer | Synchronizing object | grejig-3::top end rim.001
Fra:1 Mem:202.58M (Peak 202.58M) | Time:00:00.06 | Mem:0.00M, Peak:0.00M | Scene, ViewLayer | Synchronizing object | grejig-3::wire lattice across
Fra:1 Mem:202.66M (Peak 202.66M) | Time:00:00.06 | Mem:0.00M, Peak:0.00M | Scene, ViewLayer | Synchronizing object | grejig-3::wire lattice across.001
Fra:1 Mem:202.76M (Peak 202.76M) | Time:00:00.06 | Mem:0.00M, Peak:0.00M | Scene, ViewLayer | Synchronizing object | grejig-3::wire lattice across.002
Fra:1 Mem:202.76M (Peak 202.76M) | Time:00:00.06 | Mem:0.00M, Peak:0.00M | Scene, ViewLayer | Synchronizing object | grejig-3::wire lattice across.003
Fra:1 Mem:202.76M (Peak 202.76M) | Time:00:00.06 | Mem:0.00M, Peak:0.00M | Scene, ViewLayer | Synchronizing object | grejig-3::wire lattice across.004
Fra:1 Mem:202.76M (Peak 202.76M) | Time:00:00.06 | Mem:0.00M, Peak:0.00M | Scene, ViewLayer | Synchronizing object | grejig-3::wire lattice across.005
Fra:1 Mem:202.77M (Peak 202.77M) | Time:00:00.06 | Mem:0.00M, Peak:0.00M | Scene, ViewLayer | Synchronizing object | grejig-3::wire lattice across.006
Fra:1 Mem:202.77M (Peak 202.77M) | Time:00:00.06 | Mem:0.00M, Peak:0.00M | Scene, ViewLayer | Synchronizing object | grejig-3::wire lattice across.007
Fra:1 Mem:202.77M (Peak 202.77M) | Time:00:00.06 | Mem:0.00M, Peak:0.00M | Scene, ViewLayer | Synchronizing object | grejig-3::wire lattice across.008
Fra:1 Mem:202.77M (Peak 202.77M) | Time:00:00.06 | Mem:0.00M, Peak:0.00M | Scene, ViewLayer | Synchronizing object | grejig-3::wire lattice across.009
Fra:1 Mem:202.77M (Peak 202.77M) | Time:00:00.06 | Mem:0.00M, Peak:0.00M | Scene, ViewLayer | Synchronizing object | grejig-3::wire lattice across.010
Fra:1 Mem:202.78M (Peak 202.78M) | Time:00:00.06 | Mem:0.00M, Peak:0.00M | Scene, ViewLayer | Synchronizing object | grejig-3::wire lattice lengthwise
Fra:1 Mem:202.78M (Peak 202.78M) | Time:00:00.06 | Mem:0.00M, Peak:0.00M | Scene, ViewLayer | Synchronizing object | grejig-3::wire lattice lengthwise.001
Fra:1 Mem:202.79M (Peak 202.79M) | Time:00:00.06 | Mem:0.00M, Peak:0.00M | Scene, ViewLayer | Synchronizing object | grejig-3::wire lattice lengthwise.002
Fra:1 Mem:202.79M (Peak 202.79M) | Time:00:00.06 | Mem:0.00M, Peak:0.00M | Scene, ViewLayer | Synchronizing object | grejig-3::wire lattice lengthwise.003
Fra:1 Mem:202.82M (Peak 202.82M) | Time:00:00.06 | Mem:0.00M, Peak:0.00M | Scene, ViewLayer | Synchronizing object | grejig-3::wire lattice lengthwise.004
Fra:1 Mem:202.83M (Peak 202.83M) | Time:00:00.06 | Mem:0.00M, Peak:0.00M | Scene, ViewLayer | Synchronizing object | Provisional rack floor support — closet unrecorded
Fra:1 Mem:202.84M (Peak 202.84M) | Time:00:00.06 | Mem:0.00M, Peak:0.00M | Scene, ViewLayer | Synchronizing object | U-base closed crossbar
Fra:1 Mem:202.86M (Peak 202.86M) | Time:00:00.06 | Mem:0.00M, Peak:0.00M | Scene, ViewLayer | Synchronizing object | U-base open prong
Fra:1 Mem:202.87M (Peak 202.87M) | Time:00:00.06 | Mem:0.00M, Peak:0.00M | Scene, ViewLayer | Synchronizing object | U-base open prong.001
Fra:1 Mem:202.88M (Peak 202.88M) | Time:00:00.06 | Mem:0.00M, Peak:0.00M | Scene, ViewLayer | Synchronizing object | Slim rectangular upright
Fra:1 Mem:202.90M (Peak 202.90M) | Time:00:00.06 | Mem:0.00M, Peak:0.00M | Scene, ViewLayer | Synchronizing object | Rotary dimming knob
Fra:1 Mem:202.91M (Peak 202.91M) | Time:00:00.06 | Mem:0.00M, Peak:0.00M | Scene, ViewLayer | Synchronizing object | Rectangular panel long rim
Fra:1 Mem:202.93M (Peak 202.93M) | Time:00:00.06 | Mem:0.00M, Peak:0.00M | Scene, ViewLayer | Synchronizing object | Rectangular panel long rim.001
Fra:1 Mem:202.95M (Peak 202.95M) | Time:00:00.06 | Mem:0.00M, Peak:0.00M | Scene, ViewLayer | Synchronizing object | Rectangular panel end rim
Fra:1 Mem:202.96M (Peak 202.96M) | Time:00:00.06 | Mem:0.00M, Peak:0.00M | Scene, ViewLayer | Synchronizing object | Rectangular panel end rim.001
Fra:1 Mem:203.43M (Peak 203.43M) | Time:00:00.06 | Mem:0.00M, Peak:0.00M | Scene, ViewLayer | Synchronizing object | Narrow parallel LED light bar
Fra:1 Mem:203.43M (Peak 203.43M) | Time:00:00.06 | Mem:0.00M, Peak:0.00M | Scene, ViewLayer | Synchronizing object | Narrow parallel LED light bar.001
Fra:1 Mem:203.92M (Peak 203.92M) | Time:00:00.06 | Mem:0.00M, Peak:0.00M | Scene, ViewLayer | Synchronizing object | Triple thickness brown fleece base
Fra:1 Mem:203.93M (Peak 203.93M) | Time:00:00.06 | Mem:0.00M, Peak:0.00M | Scene, ViewLayer | Synchronizing object | kept-muttros-cat-tree::arched hollow condo wall
Fra:1 Mem:204.19M (Peak 204.19M) | Time:00:00.06 | Mem:0.00M, Peak:0.00M | Scene, ViewLayer | Synchronizing object | Condo top plush cushion
Fra:1 Mem:204.20M (Peak 204.20M) | Time:00:00.06 | Mem:0.00M, Peak:0.00M | Scene, ViewLayer | Synchronizing object | Condo dark floor
Fra:1 Mem:204.21M (Peak 204.21M) | Time:00:00.06 | Mem:0.00M, Peak:0.00M | Scene, ViewLayer | Synchronizing object | Natural wood branch0-0
Fra:1 Mem:204.21M (Peak 204.21M) | Time:00:00.06 | Mem:0.00M, Peak:0.00M | Scene, ViewLayer | Synchronizing object | Natural wood branch0-1
Fra:1 Mem:204.22M (Peak 204.22M) | Time:00:00.06 | Mem:0.00M, Peak:0.00M | Scene, ViewLayer | Synchronizing object | Natural wood branch0-2
Fra:1 Mem:204.69M (Peak 204.69M) | Time:00:00.06 | Mem:0.00M, Peak:0.00M | Scene, ViewLayer | Synchronizing object | Natural wood branch0-3
Fra:1 Mem:204.70M (Peak 204.70M) | Time:00:00.06 | Mem:0.00M, Peak:0.00M | Scene, ViewLayer | Synchronizing object | Organic branch junction
Fra:1 Mem:204.73M (Peak 204.73M) | Time:00:00.06 | Mem:0.00M, Peak:0.00M | Scene, ViewLayer | Synchronizing object | Organic branch junction.001
Fra:1 Mem:204.97M (Peak 204.97M) | Time:00:00.06 | Mem:0.00M, Peak:0.00M | Scene, ViewLayer | Synchronizing object | Organic branch junction.002
Fra:1 Mem:205.01M (Peak 205.01M) | Time:00:00.06 | Mem:0.00M, Peak:0.00M | Scene, ViewLayer | Synchronizing object | Natural wood branch1-0
Fra:1 Mem:205.01M (Peak 205.01M) | Time:00:00.06 | Mem:0.00M, Peak:0.00M | Scene, ViewLayer | Synchronizing object | Natural wood branch1-1
Fra:1 Mem:205.02M (Peak 205.02M) | Time:00:00.06 | Mem:0.00M, Peak:0.00M | Scene, ViewLayer | Synchronizing object | Natural wood branch1-2
Fra:1 Mem:205.02M (Peak 205.02M) | Time:00:00.06 | Mem:0.00M, Peak:0.00M | Scene, ViewLayer | Synchronizing object | Organic branch junction.003
Fra:1 Mem:205.06M (Peak 205.06M) | Time:00:00.06 | Mem:0.00M, Peak:0.00M | Scene, ViewLayer | Synchronizing object | Organic branch junction.004
Fra:1 Mem:205.09M (Peak 205.09M) | Time:00:00.06 | Mem:0.00M, Peak:0.00M | Scene, ViewLayer | Synchronizing object | Natural wood branch2-0
Fra:1 Mem:205.10M (Peak 205.10M) | Time:00:00.06 | Mem:0.00M, Peak:0.00M | Scene, ViewLayer | Synchronizing object | Natural wood branch2-1
Fra:1 Mem:205.10M (Peak 205.10M) | Time:00:00.06 | Mem:0.00M, Peak:0.00M | Scene, ViewLayer | Synchronizing object | Organic branch junction.005
Fra:1 Mem:205.14M (Peak 205.14M) | Time:00:00.06 | Mem:0.00M, Peak:0.00M | Scene, ViewLayer | Synchronizing object | Natural wood branch3-0
Fra:1 Mem:205.14M (Peak 205.14M) | Time:00:00.06 | Mem:0.00M, Peak:0.00M | Scene, ViewLayer | Synchronizing object | Natural wood branch3-1
Fra:1 Mem:205.15M (Peak 205.15M) | Time:00:00.06 | Mem:0.00M, Peak:0.00M | Scene, ViewLayer | Synchronizing object | Organic branch junction.006
Fra:1 Mem:205.18M (Peak 205.18M) | Time:00:00.06 | Mem:0.00M, Peak:0.00M | Scene, ViewLayer | Synchronizing object | kept-muttros-cat-tree::Top wicker basket woven horizontal cours
Fra:1 Mem:205.64M (Peak 205.64M) | Time:00:00.06 | Mem:0.00M, Peak:0.00M | Scene, ViewLayer | Synchronizing object | kept-muttros-cat-tree::Top wicker basket crossing wicker strand
Fra:1 Mem:206.69M (Peak 206.69M) | Time:00:00.06 | Mem:0.00M, Peak:0.00M | Scene, ViewLayer | Synchronizing object | Top wicker basket brown fleece cushion
Fra:1 Mem:206.76M (Peak 206.76M) | Time:00:00.06 | Mem:0.00M, Peak:0.00M | Scene, ViewLayer | Synchronizing object | kept-muttros-cat-tree::High side wicker basket woven horizontal
Fra:1 Mem:204.99M (Peak 206.76M) | Time:00:00.06 | Mem:0.00M, Peak:0.00M | Scene, ViewLayer | Synchronizing object | kept-muttros-cat-tree::High side wicker basket crossing wicker 
Fra:1 Mem:207.19M (Peak 207.19M) | Time:00:00.06 | Mem:0.00M, Peak:0.00M | Scene, ViewLayer | Synchronizing object | High side wicker basket brown fleece cushion
Fra:1 Mem:207.23M (Peak 207.23M) | Time:00:00.06 | Mem:0.00M, Peak:0.00M | Scene, ViewLayer | Synchronizing object | kept-muttros-cat-tree::Low side wicker basket woven horizontal 
Fra:1 Mem:207.73M (Peak 207.73M) | Time:00:00.06 | Mem:0.00M, Peak:0.00M | Scene, ViewLayer | Synchronizing object | kept-muttros-cat-tree::Low side wicker basket crossing wicker s
Fra:1 Mem:208.32M (Peak 208.32M) | Time:00:00.06 | Mem:0.00M, Peak:0.00M | Scene, ViewLayer | Synchronizing object | Low side wicker basket brown fleece cushion
Fra:1 Mem:208.35M (Peak 208.35M) | Time:00:00.06 | Mem:0.00M, Peak:0.00M | Scene, ViewLayer | Synchronizing object | kept-muttros-cat-tree::Brown fleece suspended bowl hammock
Fra:1 Mem:209.06M (Peak 209.06M) | Time:00:00.06 | Mem:0.00M, Peak:0.00M | Scene, ViewLayer | Synchronizing object | kept-muttros-cat-tree::Thick fleece hammock rim
Fra:1 Mem:209.11M (Peak 209.11M) | Time:00:00.06 | Mem:0.00M, Peak:0.00M | Scene, ViewLayer | Synchronizing object | kept-muttros-cat-tree::Sisal rope winding
Fra:1 Mem:209.18M (Peak 209.18M) | Time:00:00.06 | Mem:0.00M, Peak:0.00M | Scene, ViewLayer | Synchronizing object | kept-muttros-cat-tree::Sisal rope winding.001
Fra:1 Mem:209.27M (Peak 209.27M) | Time:00:00.06 | Mem:0.00M, Peak:0.00M | Scene, ViewLayer | Synchronizing object | kept-muttros-cat-tree::Sisal rope winding.002
Fra:1 Mem:209.37M (Peak 209.37M) | Time:00:00.06 | Mem:0.00M, Peak:0.00M | Scene, ViewLayer | Synchronizing object | kept-muttros-cat-tree::Hanging pom-pom cord
Fra:1 Mem:209.37M (Peak 209.37M) | Time:00:00.06 | Mem:0.00M, Peak:0.00M | Scene, ViewLayer | Synchronizing object | Brown play ball
Fra:1 Mem:209.40M (Peak 209.40M) | Time:00:00.06 | Mem:0.00M, Peak:0.00M | Scene, ViewLayer | Synchronizing object | kept-muttros-cat-tree::Hanging pom-pom cord.001
Fra:1 Mem:209.41M (Peak 209.41M) | Time:00:00.06 | Mem:0.00M, Peak:0.00M | Scene, ViewLayer | Synchronizing object | Brown play ball.001
Fra:1 Mem:209.44M (Peak 209.44M) | Time:00:00.06 | Mem:0.00M, Peak:0.00M | Scene, ViewLayer | Synchronizing object | kept-muttros-cat-tree::Hanging pom-pom cord.002
Fra:1 Mem:209.44M (Peak 209.44M) | Time:00:00.06 | Mem:0.00M, Peak:0.00M | Scene, ViewLayer | Synchronizing object | Brown play ball.002
Fra:1 Mem:209.48M (Peak 209.48M) | Time:00:00.06 | Mem:0.00M, Peak:0.00M | Scene, ViewLayer | Synchronizing object | aeron-primary :: five-star spoke 1
Fra:1 Mem:209.48M (Peak 209.48M) | Time:00:00.06 | Mem:0.00M, Peak:0.00M | Scene, ViewLayer | Synchronizing object | aeron-primary :: caster 1 wheel -1
Fra:1 Mem:209.49M (Peak 209.49M) | Time:00:00.06 | Mem:0.00M, Peak:0.00M | Scene, ViewLayer | Synchronizing object | aeron-primary :: caster 1 wheel 1
Fra:1 Mem:209.49M (Peak 209.49M) | Time:00:00.06 | Mem:0.00M, Peak:0.00M | Scene, ViewLayer | Synchronizing object | aeron-primary :: caster 1 swivel
Fra:1 Mem:209.49M (Peak 209.49M) | Time:00:00.06 | Mem:0.00M, Peak:0.00M | Scene, ViewLayer | Synchronizing object | aeron-primary :: five-star spoke 2
Fra:1 Mem:209.50M (Peak 209.50M) | Time:00:00.06 | Mem:0.00M, Peak:0.00M | Scene, ViewLayer | Synchronizing object | aeron-primary :: caster 2 wheel -1
Fra:1 Mem:209.50M (Peak 209.50M) | Time:00:00.06 | Mem:0.00M, Peak:0.00M | Scene, ViewLayer | Synchronizing object | aeron-primary :: caster 2 wheel 1
Fra:1 Mem:209.50M (Peak 209.50M) | Time:00:00.06 | Mem:0.00M, Peak:0.00M | Scene, ViewLayer | Synchronizing object | aeron-primary :: caster 2 swivel
Fra:1 Mem:209.51M (Peak 209.51M) | Time:00:00.06 | Mem:0.00M, Peak:0.00M | Scene, ViewLayer | Synchronizing object | aeron-primary :: five-star spoke 3
Fra:1 Mem:209.51M (Peak 209.51M) | Time:00:00.06 | Mem:0.00M, Peak:0.00M | Scene, ViewLayer | Synchronizing object | aeron-primary :: caster 3 wheel -1
Fra:1 Mem:209.51M (Peak 209.51M) | Time:00:00.06 | Mem:0.00M, Peak:0.00M | Scene, ViewLayer | Synchronizing object | aeron-primary :: caster 3 wheel 1
Fra:1 Mem:209.52M (Peak 209.52M) | Time:00:00.06 | Mem:0.00M, Peak:0.00M | Scene, ViewLayer | Synchronizing object | aeron-primary :: caster 3 swivel
Fra:1 Mem:209.52M (Peak 209.52M) | Time:00:00.06 | Mem:0.00M, Peak:0.00M | Scene, ViewLayer | Synchronizing object | aeron-primary :: five-star spoke 4
Fra:1 Mem:209.52M (Peak 209.52M) | Time:00:00.06 | Mem:0.00M, Peak:0.00M | Scene, ViewLayer | Synchronizing object | aeron-primary :: caster 4 wheel -1
Fra:1 Mem:209.52M (Peak 209.52M) | Time:00:00.06 | Mem:0.00M, Peak:0.00M | Scene, ViewLayer | Synchronizing object | aeron-primary :: caster 4 wheel 1
Fra:1 Mem:209.53M (Peak 209.53M) | Time:00:00.06 | Mem:0.00M, Peak:0.00M | Scene, ViewLayer | Synchronizing object | aeron-primary :: caster 4 swivel
Fra:1 Mem:209.53M (Peak 209.53M) | Time:00:00.06 | Mem:0.00M, Peak:0.00M | Scene, ViewLayer | Synchronizing object | aeron-primary :: five-star spoke 5
Fra:1 Mem:209.53M (Peak 209.53M) | Time:00:00.06 | Mem:0.00M, Peak:0.00M | Scene, ViewLayer | Synchronizing object | aeron-primary :: caster 5 wheel -1
Fra:1 Mem:209.81M (Peak 209.81M) | Time:00:00.06 | Mem:0.00M, Peak:0.00M | Scene, ViewLayer | Synchronizing object | aeron-primary :: caster 5 wheel 1
Fra:1 Mem:209.81M (Peak 209.81M) | Time:00:00.06 | Mem:0.00M, Peak:0.00M | Scene, ViewLayer | Synchronizing object | aeron-primary :: caster 5 swivel
Fra:1 Mem:209.81M (Peak 209.81M) | Time:00:00.06 | Mem:0.00M, Peak:0.00M | Scene, ViewLayer | Synchronizing object | aeron-primary :: base hub
Fra:1 Mem:209.82M (Peak 209.82M) | Time:00:00.06 | Mem:0.00M, Peak:0.00M | Scene, ViewLayer | Synchronizing object | aeron-primary :: gas lift cylinder
Fra:1 Mem:209.82M (Peak 209.82M) | Time:00:00.06 | Mem:0.00M, Peak:0.00M | Scene, ViewLayer | Synchronizing object | aeron-primary :: tilt mechanism housing
Fra:1 Mem:209.86M (Peak 209.86M) | Time:00:00.06 | Mem:0.00M, Peak:0.00M | Scene, ViewLayer | Synchronizing object | aeron-primary :: underseat cross support
Fra:1 Mem:209.86M (Peak 209.86M) | Time:00:00.06 | Mem:0.00M, Peak:0.00M | Scene, ViewLayer | Synchronizing object | aeron-primary :: right tilt control stem
Fra:1 Mem:209.87M (Peak 209.87M) | Time:00:00.06 | Mem:0.00M, Peak:0.00M | Scene, ViewLayer | Synchronizing object | aeron-primary :: tilt control knob
Fra:1 Mem:209.90M (Peak 209.90M) | Time:00:00.06 | Mem:0.00M, Peak:0.00M | Scene, ViewLayer | Synchronizing object | aeron-primary :: sculpted open oval back perimeter
Fra:1 Mem:210.02M (Peak 210.02M) | Time:00:00.06 | Mem:0.00M, Peak:0.00M | Scene, ViewLayer | Synchronizing object | aeron-primary :: sculpted open seat perimeter
Fra:1 Mem:210.14M (Peak 210.14M) | Time:00:00.06 | Mem:0.00M, Peak:0.00M | Scene, ViewLayer | Synchronizing object | aeron-primary :: fine open curved back weave
Fra:1 Mem:215.90M (Peak 216.78M) | Time:00:00.07 | Mem:0.00M, Peak:0.00M | Scene, ViewLayer | Synchronizing object | aeron-primary :: fine open suspended seat weave
Fra:1 Mem:221.72M (Peak 222.32M) | Time:00:00.07 | Mem:0.00M, Peak:0.00M | Scene, ViewLayer | Synchronizing object | aeron-primary :: rear central back carrier
Fra:1 Mem:221.72M (Peak 222.32M) | Time:00:00.07 | Mem:0.00M, Peak:0.00M | Scene, ViewLayer | Synchronizing object | aeron-primary :: reference lumbar support
Fra:1 Mem:221.72M (Peak 222.32M) | Time:00:00.07 | Mem:0.00M, Peak:0.00M | Scene, ViewLayer | Synchronizing object | aeron-primary :: seat hinge and back carrier -1
Fra:1 Mem:221.72M (Peak 222.32M) | Time:00:00.07 | Mem:0.00M, Peak:0.00M | Scene, ViewLayer | Synchronizing object | aeron-primary :: seat pivot cap -1
Fra:1 Mem:221.76M (Peak 222.32M) | Time:00:00.07 | Mem:0.00M, Peak:0.00M | Scene, ViewLayer | Synchronizing object | aeron-primary :: adjustable arm support -1
Fra:1 Mem:221.76M (Peak 222.32M) | Time:00:00.07 | Mem:0.00M, Peak:0.00M | Scene, ViewLayer | Synchronizing object | aeron-primary :: gray arm pad -1
Fra:1 Mem:221.80M (Peak 222.32M) | Time:00:00.07 | Mem:0.00M, Peak:0.00M | Scene, ViewLayer | Synchronizing object | aeron-primary :: seat hinge and back carrier 1
Fra:1 Mem:221.80M (Peak 222.32M) | Time:00:00.07 | Mem:0.00M, Peak:0.00M | Scene, ViewLayer | Synchronizing object | aeron-primary :: seat pivot cap 1
Fra:1 Mem:221.84M (Peak 222.32M) | Time:00:00.07 | Mem:0.00M, Peak:0.00M | Scene, ViewLayer | Synchronizing object | aeron-primary :: adjustable arm support 1
Fra:1 Mem:221.84M (Peak 222.32M) | Time:00:00.07 | Mem:0.00M, Peak:0.00M | Scene, ViewLayer | Synchronizing object | aeron-primary :: gray arm pad 1
Fra:1 Mem:221.88M (Peak 222.32M) | Time:00:00.07 | Mem:0.00M, Peak:0.00M | Scene, ViewLayer | Synchronizing object | standing-main-desk::cable_door_lid
Fra:1 Mem:222.55M (Peak 224.24M) | Time:00:00.07 | Mem:0.00M, Peak:0.00M | Scene, ViewLayer | Synchronizing object | standing-main-desk::lifting_column_right_inner_stage
Fra:1 Mem:220.15M (Peak 224.92M) | Time:00:00.08 | Mem:0.00M, Peak:0.00M | Scene, ViewLayer | Synchronizing object | standing-main-desk::desktop_bracket_right
Fra:1 Mem:223.27M (Peak 227.23M) | Time:00:00.09 | Mem:0.00M, Peak:0.00M | Scene, ViewLayer | Synchronizing object | standing-main-desk::frame_cover_right
Fra:1 Mem:222.49M (Peak 227.23M) | Time:00:00.09 | Mem:0.00M, Peak:0.00M | Scene, ViewLayer | Synchronizing object | standing-main-desk::lifting_column_right_middle_stage
Fra:1 Mem:230.50M (Peak 234.27M) | Time:00:00.12 | Mem:0.00M, Peak:0.00M | Scene, ViewLayer | Synchronizing object | standing-main-desk::foot_right
Fra:1 Mem:226.94M (Peak 234.27M) | Time:00:00.12 | Mem:0.00M, Peak:0.00M | Scene, ViewLayer | Synchronizing object | standing-main-desk::leveling_glide_left_front
Fra:1 Mem:229.03M (Peak 234.27M) | Time:00:00.13 | Mem:0.00M, Peak:0.00M | Scene, ViewLayer | Synchronizing object | standing-main-desk::leveling_glide_right_rear
Fra:1 Mem:228.33M (Peak 234.27M) | Time:00:00.13 | Mem:0.00M, Peak:0.00M | Scene, ViewLayer | Synchronizing object | standing-main-desk::lifting_column_left_inner_stage
Fra:1 Mem:229.84M (Peak 234.27M) | Time:00:00.13 | Mem:0.00M, Peak:0.00M | Scene, ViewLayer | Synchronizing object | standing-main-desk::lifting_column_left_head
Fra:1 Mem:238.57M (Peak 241.84M) | Time:00:00.14 | Mem:0.00M, Peak:0.00M | Scene, ViewLayer | Synchronizing object | standing-main-desk::desktop
Fra:1 Mem:238.99M (Peak 248.38M) | Time:00:00.16 | Mem:0.00M, Peak:0.00M | Scene, ViewLayer | Synchronizing object | standing-main-desk::lifting_column_right_outer_stage
Fra:1 Mem:240.78M (Peak 248.38M) | Time:00:00.17 | Mem:0.00M, Peak:0.00M | Scene, ViewLayer | Synchronizing object | standing-main-desk::keypad_controls
Fra:1 Mem:243.81M (Peak 248.38M) | Time:00:00.17 | Mem:0.00M, Peak:0.00M | Scene, ViewLayer | Synchronizing object | standing-main-desk::frame_end_left
Fra:1 Mem:248.46M (Peak 255.31M) | Time:00:00.19 | Mem:0.00M, Peak:0.00M | Scene, ViewLayer | Synchronizing object | standing-main-desk::frame_rail_rear
Fra:1 Mem:258.52M (Peak 264.06M) | Time:00:00.23 | Mem:0.00M, Peak:0.00M | Scene, ViewLayer | Synchronizing object | standing-main-desk::lifting_column_left_middle_stage
Fra:1 Mem:262.73M (Peak 266.11M) | Time:00:00.24 | Mem:0.00M, Peak:0.00M | Scene, ViewLayer | Synchronizing object | standing-main-desk::foot_left
Fra:1 Mem:271.51M (Peak 274.01M) | Time:00:00.25 | Mem:0.00M, Peak:0.00M | Scene, ViewLayer | Synchronizing object | standing-main-desk::desktop_bracket_left
Fra:1 Mem:272.88M (Peak 275.72M) | Time:00:00.26 | Mem:0.00M, Peak:0.00M | Scene, ViewLayer | Synchronizing object | standing-main-desk::frame_end_right
Fra:1 Mem:262.11M (Peak 287.92M) | Time:00:00.28 | Mem:0.00M, Peak:0.00M | Scene, ViewLayer | Synchronizing object | standing-main-desk::cable_door_brush
Fra:1 Mem:262.11M (Peak 287.92M) | Time:00:00.28 | Mem:0.00M, Peak:0.00M | Scene, ViewLayer | Synchronizing object | standing-main-desk::control_box
Fra:1 Mem:270.87M (Peak 299.37M) | Time:00:00.35 | Mem:0.00M, Peak:0.00M | Scene, ViewLayer | Synchronizing object | standing-main-desk::lifting_column_left_outer_stage
Fra:1 Mem:270.11M (Peak 299.37M) | Time:00:00.35 | Mem:0.00M, Peak:0.00M | Scene, ViewLayer | Synchronizing object | standing-main-desk::leveling_glide_left_rear
Fra:1 Mem:275.18M (Peak 299.37M) | Time:00:00.36 | Mem:0.00M, Peak:0.00M | Scene, ViewLayer | Synchronizing object | standing-main-desk::cable_door
Fra:1 Mem:277.13M (Peak 299.37M) | Time:00:00.36 | Mem:0.00M, Peak:0.00M | Scene, ViewLayer | Synchronizing object | standing-main-desk::lifting_column_right_head
Fra:1 Mem:286.86M (Peak 299.37M) | Time:00:00.38 | Mem:0.00M, Peak:0.00M | Scene, ViewLayer | Synchronizing object | standing-main-desk::keypad
Fra:1 Mem:287.45M (Peak 299.37M) | Time:00:00.42 | Mem:0.00M, Peak:0.00M | Scene, ViewLayer | Synchronizing object | standing-main-desk::frame_cover_left
Fra:1 Mem:288.71M (Peak 299.37M) | Time:00:00.43 | Mem:0.00M, Peak:0.00M | Scene, ViewLayer | Synchronizing object | standing-main-desk::felt_cable_organizer
Fra:1 Mem:289.05M (Peak 299.37M) | Time:00:00.44 | Mem:0.00M, Peak:0.00M | Scene, ViewLayer | Synchronizing object | standing-main-desk::leveling_glide_right_front
Fra:1 Mem:283.70M (Peak 299.37M) | Time:00:00.44 | Mem:0.00M, Peak:0.00M | Scene, ViewLayer | Initializing
Fra:1 Mem:280.34M (Peak 299.37M) | Time:00:00.44 | Mem:0.00M, Peak:0.00M | Scene, ViewLayer | Updating Images | Loading dan-hobday-richmond-70x100-official.jpg
Fra:1 Mem:280.34M (Peak 299.37M) | Time:00:00.44 | Mem:0.00M, Peak:0.00M | Scene, ViewLayer | Updating Images | Loading wood-upper.png
Fra:1 Mem:293.04M (Peak 299.37M) | Time:00:00.46 | Mem:2.00M, Peak:2.00M | Scene, ViewLayer | Updating Images | Loading brick-upper.png
Fra:1 Mem:295.04M (Peak 299.37M) | Time:00:00.48 | Mem:4.00M, Peak:4.00M | Scene, ViewLayer | Updating Images | Loading rift-6x9.jpg
Fra:1 Mem:307.37M (Peak 377.44M) | Time:00:00.61 | Mem:42.15M, Peak:42.15M | Scene, ViewLayer | Waiting for render to start
Fra:1 Mem:307.37M (Peak 377.44M) | Time:00:00.61 | Mem:42.15M, Peak:42.15M | Scene, ViewLayer | Loading render kernels (may take a few minutes the first time)
Fra:1 Mem:307.37M (Peak 377.44M) | Time:00:00.61 | Mem:42.15M, Peak:42.15M | Scene, ViewLayer | Updating Scene
Fra:1 Mem:307.37M (Peak 377.44M) | Time:00:00.61 | Mem:42.15M, Peak:42.15M | Scene, ViewLayer | Updating Shaders
Fra:1 Mem:307.49M (Peak 377.44M) | Time:00:00.61 | Mem:42.19M, Peak:42.19M | Scene, ViewLayer | Updating Procedurals
Fra:1 Mem:307.49M (Peak 377.44M) | Time:00:00.61 | Mem:42.19M, Peak:42.19M | Scene, ViewLayer | Updating Background
Fra:1 Mem:307.49M (Peak 377.44M) | Time:00:00.61 | Mem:42.19M, Peak:42.19M | Scene, ViewLayer | Updating Camera
Fra:1 Mem:307.49M (Peak 377.44M) | Time:00:00.61 | Mem:42.19M, Peak:42.19M | Scene, ViewLayer | Updating Meshes Flags
Fra:1 Mem:307.49M (Peak 377.44M) | Time:00:00.61 | Mem:42.19M, Peak:42.19M | Scene, ViewLayer | Updating Objects
Fra:1 Mem:307.49M (Peak 377.44M) | Time:00:00.61 | Mem:42.19M, Peak:42.19M | Scene, ViewLayer | Updating Objects | Copying Transformations to device
Fra:1 Mem:307.60M (Peak 377.44M) | Time:00:00.61 | Mem:42.29M, Peak:42.29M | Scene, ViewLayer | Updating Objects | Applying Static Transformations
Fra:1 Mem:307.60M (Peak 377.44M) | Time:00:00.62 | Mem:42.29M, Peak:42.29M | Scene, ViewLayer | Updating Particle Systems
Fra:1 Mem:307.60M (Peak 377.44M) | Time:00:00.62 | Mem:42.29M, Peak:42.29M | Scene, ViewLayer | Updating Particle Systems | Copying Particles to device
Fra:1 Mem:307.60M (Peak 377.44M) | Time:00:00.62 | Mem:42.29M, Peak:42.29M | Scene, ViewLayer | Updating Meshes
Fra:1 Mem:327.80M (Peak 377.44M) | Time:00:00.66 | Mem:42.29M, Peak:42.29M | Scene, ViewLayer | Updating Mesh | Computing attributes
Fra:1 Mem:344.12M (Peak 377.44M) | Time:00:00.66 | Mem:42.31M, Peak:42.31M | Scene, ViewLayer | Updating Mesh | Copying Attributes to device
Fra:1 Mem:344.05M (Peak 377.44M) | Time:00:00.66 | Mem:58.54M, Peak:58.54M | Scene, ViewLayer | Updating Geometry BVH Original FADO source body component 1/1 | Building BVH
Fra:1 Mem:344.05M (Peak 377.44M) | Time:00:00.66 | Mem:59.00M, Peak:59.00M | Scene, ViewLayer | Updating Geometry BVH Original FADO source body component 1/1 | Building BVH 0%
Fra:1 Mem:344.05M (Peak 377.44M) | Time:00:00.67 | Mem:59.45M, Peak:59.90M | Scene, ViewLayer | Updating Scene BVH | Building
Fra:1 Mem:344.06M (Peak 377.44M) | Time:00:00.67 | Mem:59.45M, Peak:59.90M | Scene, ViewLayer | Updating Scene BVH | Building BVH
Fra:1 Mem:344.06M (Peak 377.44M) | Time:00:00.92 | Mem:143.39M, Peak:143.39M | Scene, ViewLayer | Updating Scene BVH | Building BVH 49%
Fra:1 Mem:344.06M (Peak 377.44M) | Time:00:00.92 | Mem:143.39M, Peak:143.39M | Scene, ViewLayer | Updating Scene BVH | Building BVH 50%
Fra:1 Mem:344.06M (Peak 377.44M) | Time:00:01.07 | Mem:145.45M, Peak:185.39M | Scene, ViewLayer | Updating Scene BVH | Copying BVH to device
Fra:1 Mem:344.06M (Peak 377.44M) | Time:00:01.07 | Mem:145.45M, Peak:185.39M | Scene, ViewLayer | Updating Mesh | Computing normals
Fra:1 Mem:412.57M (Peak 412.57M) | Time:00:01.12 | Mem:145.45M, Peak:185.39M | Scene, ViewLayer | Updating Mesh | Copying Mesh to device
Fra:1 Mem:412.57M (Peak 412.57M) | Time:00:01.12 | Mem:213.96M, Peak:213.96M | Scene, ViewLayer | Updating Objects Flags
Fra:1 Mem:412.57M (Peak 412.57M) | Time:00:01.12 | Mem:213.97M, Peak:213.97M | Scene, ViewLayer | Updating Primitive Offsets
Fra:1 Mem:412.58M (Peak 412.58M) | Time:00:01.12 | Mem:213.97M, Peak:213.97M | Scene, ViewLayer | Updating Images
Fra:1 Mem:412.58M (Peak 412.58M) | Time:00:01.12 | Mem:213.97M, Peak:213.97M | Scene, ViewLayer | Updating Camera Volume
Fra:1 Mem:412.58M (Peak 412.58M) | Time:00:01.12 | Mem:213.97M, Peak:213.97M | Scene, ViewLayer | Updating Lookup Tables
Fra:1 Mem:412.58M (Peak 412.58M) | Time:00:01.12 | Mem:214.05M, Peak:214.05M | Scene, ViewLayer | Updating Lights
Fra:1 Mem:412.58M (Peak 412.58M) | Time:00:01.12 | Mem:214.05M, Peak:214.05M | Scene, ViewLayer | Updating Lights | Computing tree
Fra:1 Mem:412.65M (Peak 412.65M) | Time:00:01.13 | Mem:214.12M, Peak:214.12M | Scene, ViewLayer | Updating Integrator
Fra:1 Mem:412.65M (Peak 412.65M) | Time:00:01.13 | Mem:214.12M, Peak:214.12M | Scene, ViewLayer | Updating Film
Fra:1 Mem:412.65M (Peak 412.65M) | Time:00:01.13 | Mem:214.04M, Peak:214.12M | Scene, ViewLayer | Updating Lookup Tables
Fra:1 Mem:412.65M (Peak 412.65M) | Time:00:01.13 | Mem:214.12M, Peak:214.12M | Scene, ViewLayer | Updating Baking
Fra:1 Mem:412.65M (Peak 412.65M) | Time:00:01.13 | Mem:214.12M, Peak:214.12M | Scene, ViewLayer | Updating Device | Writing constant memory
Fra:1 Mem:412.66M (Peak 412.66M) | Time:00:01.13 | Mem:214.12M, Peak:214.12M | Scene, ViewLayer | Sample 0/64
Fra:1 Mem:462.10M (Peak 462.10M) | Time:00:08.84 | Remaining:08:06.25 | Mem:263.57M, Peak:263.57M | Scene, ViewLayer | Sample 1/64
Fra:1 Mem:462.10M (Peak 462.10M) | Time:00:43.04 | Remaining:08:14.53 | Mem:263.57M, Peak:263.57M | Scene, ViewLayer | Sample 5/64
Fra:1 Mem:462.10M (Peak 462.10M) | Time:01:16.28 | Remaining:07:39.25 | Mem:263.57M, Peak:263.57M | Scene, ViewLayer | Sample 9/64
Fra:1 Mem:462.10M (Peak 462.10M) | Time:01:48.76 | Remaining:07:02.25 | Mem:263.57M, Peak:263.57M | Scene, ViewLayer | Sample 13/64
Fra:1 Mem:462.10M (Peak 462.10M) | Time:02:19.97 | Remaining:06:23.85 | Mem:263.57M, Peak:263.57M | Scene, ViewLayer | Sample 17/64
Fra:1 Mem:462.10M (Peak 462.10M) | Time:02:52.57 | Remaining:05:51.04 | Mem:263.57M, Peak:263.57M | Scene, ViewLayer | Sample 21/64
Fra:1 Mem:462.10M (Peak 462.10M) | Time:03:24.19 | Remaining:05:16.77 | Mem:263.57M, Peak:263.57M | Scene, ViewLayer | Sample 25/64
Fra:1 Mem:462.10M (Peak 462.10M) | Time:03:50.11 | Remaining:04:36.35 | Mem:263.57M, Peak:263.57M | Scene, ViewLayer | Sample 29/64
Fra:1 Mem:462.10M (Peak 462.10M) | Time:04:07.49 | Remaining:04:06.36 | Mem:263.57M, Peak:263.57M | Scene, ViewLayer | Sample 32/64
Fra:1 Mem:462.10M (Peak 462.10M) | Time:04:29.43 | Remaining:03:28.68 | Mem:263.57M, Peak:263.57M | Scene, ViewLayer | Sample 36/64
Fra:1 Mem:462.10M (Peak 462.10M) | Time:04:52.18 | Remaining:02:54.63 | Mem:263.57M, Peak:263.57M | Scene, ViewLayer | Sample 40/64
Fra:1 Mem:462.10M (Peak 462.10M) | Time:05:18.95 | Remaining:02:24.46 | Mem:263.57M, Peak:263.57M | Scene, ViewLayer | Sample 44/64
Fra:1 Mem:462.10M (Peak 462.10M) | Time:05:47.16 | Remaining:01:55.34 | Mem:263.57M, Peak:263.57M | Scene, ViewLayer | Sample 48/64
Fra:1 Mem:462.10M (Peak 462.10M) | Time:06:13.87 | Remaining:01:26.01 | Mem:263.57M, Peak:263.57M | Scene, ViewLayer | Sample 52/64
Fra:1 Mem:462.10M (Peak 462.10M) | Time:06:42.93 | Remaining:00:57.40 | Mem:263.57M, Peak:263.57M | Scene, ViewLayer | Sample 56/64
Fra:1 Mem:462.10M (Peak 462.10M) | Time:07:11.29 | Remaining:00:28.67 | Mem:263.57M, Peak:263.57M | Scene, ViewLayer | Sample 60/64
Fra:1 Mem:484.08M (Peak 528.02M) | Time:07:38.72 | Mem:263.57M, Peak:263.57M | Scene, ViewLayer | Sample 64/64
Fra:1 Mem:484.08M (Peak 528.02M) | Time:07:38.72 | Mem:263.57M, Peak:263.57M | Scene, ViewLayer | Finished
Saved: '/workspace/his-office-pinterest/variants/c-ink-studio/model/renders/room-b.jpg'
Time: 07:39.15 (Saving: 00:00.42)

VIEW_READY c-ink-studio room-b
Fra:1 Mem:196.70M (Peak 196.70M) | Time:00:00.20 | Mem:0.00M, Peak:0.00M | Scene, ViewLayer | Synchronizing object | architecture_ceiling — his-office
Fra:1 Mem:196.70M (Peak 196.70M) | Time:00:00.20 | Mem:0.00M, Peak:0.00M | Scene, ViewLayer | Synchronizing object | architecture_floor — his-office
Fra:1 Mem:196.70M (Peak 196.70M) | Time:00:00.20 | Mem:0.00M, Peak:0.00M | Scene, ViewLayer | Synchronizing object | his-office wall0 segment
Fra:1 Mem:196.70M (Peak 196.70M) | Time:00:00.20 | Mem:0.00M, Peak:0.00M | Scene, ViewLayer | Synchronizing object | his-office wall2 segment
Fra:1 Mem:196.70M (Peak 196.70M) | Time:00:00.20 | Mem:0.00M, Peak:0.00M | Scene, ViewLayer | Synchronizing object | his-office wall4 segment
Fra:1 Mem:196.70M (Peak 196.70M) | Time:00:00.20 | Mem:0.00M, Peak:0.00M | Scene, ViewLayer | Synchronizing object | his-office wall5 corrected solid 0
Fra:1 Mem:196.70M (Peak 196.70M) | Time:00:00.20 | Mem:0.00M, Peak:0.00M | Scene, ViewLayer | Synchronizing object | his-office wall5 corrected bottom 1
Fra:1 Mem:196.70M (Peak 196.70M) | Time:00:00.20 | Mem:0.00M, Peak:0.00M | Scene, ViewLayer | Synchronizing object | his-office wall5 corrected head 1
Fra:1 Mem:196.70M (Peak 196.70M) | Time:00:00.20 | Mem:0.00M, Peak:0.00M | Scene, ViewLayer | Synchronizing object | his-office wall5 corrected solid 2
Fra:1 Mem:196.70M (Peak 196.70M) | Time:00:00.20 | Mem:0.00M, Peak:0.00M | Scene, ViewLayer | Synchronizing object | his-office wall5 corrected bottom 3
Fra:1 Mem:196.71M (Peak 196.71M) | Time:00:00.20 | Mem:0.00M, Peak:0.00M | Scene, ViewLayer | Synchronizing object | his-office wall5 corrected head 3
Fra:1 Mem:196.71M (Peak 196.71M) | Time:00:00.20 | Mem:0.00M, Peak:0.00M | Scene, ViewLayer | Synchronizing object | his-office wall5 corrected solid 4
Fra:1 Mem:196.71M (Peak 196.71M) | Time:00:00.20 | Mem:0.00M, Peak:0.00M | Scene, ViewLayer | Synchronizing object | his-office wall3 — lower-Y side
Fra:1 Mem:196.71M (Peak 196.71M) | Time:00:00.20 | Mem:0.00M, Peak:0.00M | Scene, ViewLayer | Synchronizing object | his-office wall3 — upper-Y side
Fra:1 Mem:196.71M (Peak 196.71M) | Time:00:00.20 | Mem:0.00M, Peak:0.00M | Scene, ViewLayer | Synchronizing object | his-office wall3 — head continuation
Fra:1 Mem:196.71M (Peak 196.71M) | Time:00:00.20 | Mem:0.00M, Peak:0.00M | Scene, ViewLayer | Synchronizing object | his-office wall3 — below floor continuation
Fra:1 Mem:196.71M (Peak 196.71M) | Time:00:00.20 | Mem:0.00M, Peak:0.00M | Scene, ViewLayer | Synchronizing object | his-office wall1 — lower-Y side
Fra:1 Mem:196.71M (Peak 196.71M) | Time:00:00.20 | Mem:0.00M, Peak:0.00M | Scene, ViewLayer | Synchronizing object | his-office wall1 — upper-Y side
Fra:1 Mem:196.71M (Peak 196.71M) | Time:00:00.20 | Mem:0.00M, Peak:0.00M | Scene, ViewLayer | Synchronizing object | his-office wall1 — head continuation
Fra:1 Mem:196.71M (Peak 196.71M) | Time:00:00.20 | Mem:0.00M, Peak:0.00M | Scene, ViewLayer | Synchronizing object | his-office wall1 — below floor continuation
Fra:1 Mem:196.71M (Peak 196.71M) | Time:00:00.20 | Mem:0.00M, Peak:0.00M | Scene, ViewLayer | Synchronizing object | Observed brick chimney projection
Fra:1 Mem:196.72M (Peak 196.72M) | Time:00:00.20 | Mem:0.00M, Peak:0.00M | Scene, ViewLayer | Synchronizing object | Local floor continuation to observed brick face
Fra:1 Mem:196.72M (Peak 196.72M) | Time:00:00.20 | Mem:0.00M, Peak:0.00M | Scene, ViewLayer | Synchronizing object | Observed single-window glazing
Fra:1 Mem:196.74M (Peak 196.74M) | Time:00:00.20 | Mem:0.00M, Peak:0.00M | Scene, ViewLayer | Synchronizing object | Observed single-window vertical trim
Fra:1 Mem:196.76M (Peak 196.76M) | Time:00:00.20 | Mem:0.00M, Peak:0.00M | Scene, ViewLayer | Synchronizing object | Observed single-window vertical trim.001
Fra:1 Mem:196.77M (Peak 196.77M) | Time:00:00.20 | Mem:0.00M, Peak:0.00M | Scene, ViewLayer | Synchronizing object | Observed single-window horizontal trim
Fra:1 Mem:196.79M (Peak 196.79M) | Time:00:00.20 | Mem:0.00M, Peak:0.00M | Scene, ViewLayer | Synchronizing object | Observed single-window horizontal trim.001
Fra:1 Mem:196.80M (Peak 196.80M) | Time:00:00.20 | Mem:0.00M, Peak:0.00M | Scene, ViewLayer | Synchronizing object | Observed single-window horizontal trim.002
Fra:1 Mem:196.82M (Peak 196.82M) | Time:00:00.20 | Mem:0.00M, Peak:0.00M | Scene, ViewLayer | Synchronizing object | Observed single-window projecting sill
Fra:1 Mem:196.83M (Peak 196.83M) | Time:00:00.20 | Mem:0.00M, Peak:0.00M | Scene, ViewLayer | Synchronizing object | Observed single-window sill apron
Fra:1 Mem:196.85M (Peak 196.85M) | Time:00:00.20 | Mem:0.00M, Peak:0.00M | Scene, ViewLayer | Synchronizing object | Existing closet frame jamb
Fra:1 Mem:196.86M (Peak 196.86M) | Time:00:00.20 | Mem:0.00M, Peak:0.00M | Scene, ViewLayer | Synchronizing object | Existing closet frame jamb.001
Fra:1 Mem:196.88M (Peak 196.88M) | Time:00:00.20 | Mem:0.00M, Peak:0.00M | Scene, ViewLayer | Synchronizing object | Existing closet frame header
Fra:1 Mem:196.89M (Peak 196.89M) | Time:00:00.20 | Mem:0.00M, Peak:0.00M | Scene, ViewLayer | Synchronizing object | Existing closet transom
Fra:1 Mem:196.91M (Peak 196.91M) | Time:00:00.20 | Mem:0.00M, Peak:0.00M | Scene, ViewLayer | Synchronizing object | Existing overhead cupboard frame jamb
Fra:1 Mem:196.92M (Peak 196.92M) | Time:00:00.20 | Mem:0.00M, Peak:0.00M | Scene, ViewLayer | Synchronizing object | Existing overhead cupboard frame jamb.001
Fra:1 Mem:196.93M (Peak 196.93M) | Time:00:00.20 | Mem:0.00M, Peak:0.00M | Scene, ViewLayer | Synchronizing object | Existing overhead cupboard frame header
Fra:1 Mem:196.95M (Peak 196.95M) | Time:00:00.20 | Mem:0.00M, Peak:0.00M | Scene, ViewLayer | Synchronizing object | Existing overhead cupboard panel
Fra:1 Mem:196.96M (Peak 196.96M) | Time:00:00.20 | Mem:0.00M, Peak:0.00M | Scene, ViewLayer | Synchronizing object | Existing cupboard metal latch
Fra:1 Mem:196.98M (Peak 196.98M) | Time:00:00.20 | Mem:0.00M, Peak:0.00M | Scene, ViewLayer | Synchronizing object | Existing living-entry frame jamb
Fra:1 Mem:196.99M (Peak 196.99M) | Time:00:00.20 | Mem:0.00M, Peak:0.00M | Scene, ViewLayer | Synchronizing object | Existing living-entry frame jamb.001
Fra:1 Mem:197.01M (Peak 197.01M) | Time:00:00.20 | Mem:0.00M, Peak:0.00M | Scene, ViewLayer | Synchronizing object | Existing living-entry frame header
Fra:1 Mem:197.02M (Peak 197.02M) | Time:00:00.20 | Mem:0.00M, Peak:0.00M | Scene, ViewLayer | Synchronizing object | Existing exterior-door frame jamb
Fra:1 Mem:197.04M (Peak 197.04M) | Time:00:00.20 | Mem:0.00M, Peak:0.00M | Scene, ViewLayer | Synchronizing object | Existing exterior-door frame jamb.001
Fra:1 Mem:197.05M (Peak 197.05M) | Time:00:00.20 | Mem:0.00M, Peak:0.00M | Scene, ViewLayer | Synchronizing object | Existing exterior-door frame header
Fra:1 Mem:197.07M (Peak 197.07M) | Time:00:00.20 | Mem:0.00M, Peak:0.00M | Scene, ViewLayer | Synchronizing object | Existing cast-iron radiator section
Fra:1 Mem:197.08M (Peak 197.08M) | Time:00:00.20 | Mem:0.00M, Peak:0.00M | Scene, ViewLayer | Synchronizing object | Existing cast-iron radiator section.001
Fra:1 Mem:197.10M (Peak 197.10M) | Time:00:00.20 | Mem:0.00M, Peak:0.00M | Scene, ViewLayer | Synchronizing object | Existing cast-iron radiator section.002
Fra:1 Mem:197.11M (Peak 197.11M) | Time:00:00.20 | Mem:0.00M, Peak:0.00M | Scene, ViewLayer | Synchronizing object | Existing cast-iron radiator section.003
Fra:1 Mem:197.13M (Peak 197.13M) | Time:00:00.20 | Mem:0.00M, Peak:0.00M | Scene, ViewLayer | Synchronizing object | Existing cast-iron radiator section.004
Fra:1 Mem:197.14M (Peak 197.14M) | Time:00:00.20 | Mem:0.00M, Peak:0.00M | Scene, ViewLayer | Synchronizing object | Existing cast-iron radiator section.005
Fra:1 Mem:197.16M (Peak 197.16M) | Time:00:00.20 | Mem:0.00M, Peak:0.00M | Scene, ViewLayer | Synchronizing object | Existing cast-iron radiator section.006
Fra:1 Mem:197.17M (Peak 197.17M) | Time:00:00.20 | Mem:0.00M, Peak:0.00M | Scene, ViewLayer | Synchronizing object | Existing cast-iron radiator section.007
Fra:1 Mem:197.19M (Peak 197.19M) | Time:00:00.20 | Mem:0.00M, Peak:0.00M | Scene, ViewLayer | Synchronizing object | Existing cast-iron radiator section.008
Fra:1 Mem:197.20M (Peak 197.20M) | Time:00:00.20 | Mem:0.00M, Peak:0.00M | Scene, ViewLayer | Synchronizing object | Existing radiator foot
Fra:1 Mem:197.22M (Peak 197.22M) | Time:00:00.20 | Mem:0.00M, Peak:0.00M | Scene, ViewLayer | Synchronizing object | Existing radiator foot.001
Fra:1 Mem:197.23M (Peak 197.23M) | Time:00:00.20 | Mem:0.00M, Peak:0.00M | Scene, ViewLayer | Synchronizing object | Existing radiator horizontal connection
Fra:1 Mem:197.25M (Peak 197.25M) | Time:00:00.20 | Mem:0.00M, Peak:0.00M | Scene, ViewLayer | Synchronizing object | Existing radiator horizontal connection.001
Fra:1 Mem:197.26M (Peak 197.26M) | Time:00:00.20 | Mem:0.00M, Peak:0.00M | Scene, ViewLayer | Synchronizing object | Existing built-in shelf white back
Fra:1 Mem:197.28M (Peak 197.28M) | Time:00:00.20 | Mem:0.00M, Peak:0.00M | Scene, ViewLayer | Synchronizing object | Existing built-in shelf board
Fra:1 Mem:197.29M (Peak 197.29M) | Time:00:00.20 | Mem:0.00M, Peak:0.00M | Scene, ViewLayer | Synchronizing object | Existing built-in shelf board.001
Fra:1 Mem:197.31M (Peak 197.31M) | Time:00:00.20 | Mem:0.00M, Peak:0.00M | Scene, ViewLayer | Synchronizing object | Existing built-in shelf board.002
Fra:1 Mem:197.32M (Peak 197.32M) | Time:00:00.20 | Mem:0.00M, Peak:0.00M | Scene, ViewLayer | Synchronizing object | Existing built-in shelf board.003
Fra:1 Mem:197.34M (Peak 197.34M) | Time:00:00.20 | Mem:0.00M, Peak:0.00M | Scene, ViewLayer | Synchronizing object | Existing built-in shelf board.004
Fra:1 Mem:197.35M (Peak 197.35M) | Time:00:00.20 | Mem:0.00M, Peak:0.00M | Scene, ViewLayer | Synchronizing object | Existing built-in shelf board.005
Fra:1 Mem:197.37M (Peak 197.37M) | Time:00:00.20 | Mem:0.00M, Peak:0.00M | Scene, ViewLayer | Synchronizing object | Existing rear vertical white pipe
Fra:1 Mem:197.37M (Peak 197.37M) | Time:00:00.20 | Mem:0.00M, Peak:0.00M | Scene, ViewLayer | Synchronizing object | Observed recessed white arched fireplace infill
Fra:1 Mem:197.38M (Peak 197.38M) | Time:00:00.20 | Mem:0.00M, Peak:0.00M | Scene, ViewLayer | Synchronizing object | Existing entry thermostat
Fra:1 Mem:197.39M (Peak 197.39M) | Time:00:00.20 | Mem:0.00M, Peak:0.00M | Scene, ViewLayer | Synchronizing object | Existing entry small wall control
Fra:1 Mem:197.41M (Peak 197.41M) | Time:00:00.20 | Mem:0.00M, Peak:0.00M | Scene, ViewLayer | Synchronizing object | Sky outside window
Fra:1 Mem:197.41M (Peak 197.41M) | Time:00:00.20 | Mem:0.00M, Peak:0.00M | Scene, ViewLayer | Synchronizing object | secondary-workspace::official alex-drawers part0
Fra:1 Mem:200.30M (Peak 200.30M) | Time:00:00.21 | Mem:0.00M, Peak:0.00M | Scene, ViewLayer | Synchronizing object | primary-felt-mat::MediumPlus darkgray wool felt
Fra:1 Mem:200.31M (Peak 200.31M) | Time:00:00.21 | Mem:0.00M, Peak:0.00M | Scene, ViewLayer | Synchronizing object | dresser::illustrative tray rim.003
Fra:1 Mem:200.33M (Peak 200.33M) | Time:00:00.21 | Mem:0.00M, Peak:0.00M | Scene, ViewLayer | Synchronizing object | dresser::illustrative tray rim.002
Fra:1 Mem:200.34M (Peak 200.34M) | Time:00:00.21 | Mem:0.00M, Peak:0.00M | Scene, ViewLayer | Synchronizing object | dresser::illustrative tray rim.001
Fra:1 Mem:200.35M (Peak 200.35M) | Time:00:00.21 | Mem:0.00M, Peak:0.00M | Scene, ViewLayer | Synchronizing object | dresser::illustrative tray rim
Fra:1 Mem:200.37M (Peak 200.37M) | Time:00:00.21 | Mem:0.00M, Peak:0.00M | Scene, ViewLayer | Synchronizing object | dresser::illustrative tray base
Fra:1 Mem:200.38M (Peak 200.38M) | Time:00:00.21 | Mem:0.00M, Peak:0.00M | Scene, ViewLayer | Synchronizing object | dresser-parlor-palm::representative leaflet.097
Fra:1 Mem:200.35M (Peak 200.38M) | Time:00:00.21 | Mem:0.00M, Peak:0.00M | Scene, ViewLayer | Synchronizing object | dresser-parlor-palm::representative leaflet.096
Fra:1 Mem:199.62M (Peak 200.38M) | Time:00:00.21 | Mem:0.00M, Peak:0.00M | Scene, ViewLayer | Synchronizing object | dresser-parlor-palm::representative leaflet.095
Fra:1 Mem:199.62M (Peak 200.38M) | Time:00:00.21 | Mem:0.00M, Peak:0.00M | Scene, ViewLayer | Synchronizing object | dresser-parlor-palm::representative leaflet.094
Fra:1 Mem:199.92M (Peak 200.38M) | Time:00:00.21 | Mem:0.00M, Peak:0.00M | Scene, ViewLayer | Synchronizing object | dresser-parlor-palm::representative leaflet.093
Fra:1 Mem:199.92M (Peak 200.38M) | Time:00:00.21 | Mem:0.00M, Peak:0.00M | Scene, ViewLayer | Synchronizing object | dresser-parlor-palm::representative leaflet.092
Fra:1 Mem:199.92M (Peak 200.38M) | Time:00:00.21 | Mem:0.00M, Peak:0.00M | Scene, ViewLayer | Synchronizing object | dresser-parlor-palm::representative leaflet.091
Fra:1 Mem:199.92M (Peak 200.38M) | Time:00:00.21 | Mem:0.00M, Peak:0.00M | Scene, ViewLayer | Synchronizing object | dresser-parlor-palm::representative leaflet.090
Fra:1 Mem:199.92M (Peak 200.38M) | Time:00:00.21 | Mem:0.00M, Peak:0.00M | Scene, ViewLayer | Synchronizing object | dresser-parlor-palm::representative leaflet.089
Fra:1 Mem:199.92M (Peak 200.38M) | Time:00:00.21 | Mem:0.00M, Peak:0.00M | Scene, ViewLayer | Synchronizing object | dresser-parlor-palm::representative leaflet.088
Fra:1 Mem:199.92M (Peak 200.38M) | Time:00:00.21 | Mem:0.00M, Peak:0.00M | Scene, ViewLayer | Synchronizing object | dresser-parlor-palm::representative leaflet.087
Fra:1 Mem:199.92M (Peak 200.38M) | Time:00:00.21 | Mem:0.00M, Peak:0.00M | Scene, ViewLayer | Synchronizing object | dresser-parlor-palm::representative leaflet.086
Fra:1 Mem:199.92M (Peak 200.38M) | Time:00:00.21 | Mem:0.00M, Peak:0.00M | Scene, ViewLayer | Synchronizing object | dresser-parlor-palm::representative leaflet.085
Fra:1 Mem:199.92M (Peak 200.38M) | Time:00:00.21 | Mem:0.00M, Peak:0.00M | Scene, ViewLayer | Synchronizing object | dresser-parlor-palm::representative leaflet.084
Fra:1 Mem:199.92M (Peak 200.38M) | Time:00:00.21 | Mem:0.00M, Peak:0.00M | Scene, ViewLayer | Synchronizing object | dresser-parlor-palm::thin palm rachis6
Fra:1 Mem:199.93M (Peak 200.38M) | Time:00:00.21 | Mem:0.00M, Peak:0.00M | Scene, ViewLayer | Synchronizing object | dresser-parlor-palm::representative leaflet.083
Fra:1 Mem:200.23M (Peak 200.38M) | Time:00:00.21 | Mem:0.00M, Peak:0.00M | Scene, ViewLayer | Synchronizing object | dresser-parlor-palm::representative leaflet.082
Fra:1 Mem:200.23M (Peak 200.38M) | Time:00:00.21 | Mem:0.00M, Peak:0.00M | Scene, ViewLayer | Synchronizing object | dresser-parlor-palm::representative leaflet.081
Fra:1 Mem:200.23M (Peak 200.38M) | Time:00:00.21 | Mem:0.00M, Peak:0.00M | Scene, ViewLayer | Synchronizing object | dresser-parlor-palm::representative leaflet.080
Fra:1 Mem:200.23M (Peak 200.38M) | Time:00:00.21 | Mem:0.00M, Peak:0.00M | Scene, ViewLayer | Synchronizing object | dresser-parlor-palm::representative leaflet.079
Fra:1 Mem:200.23M (Peak 200.38M) | Time:00:00.21 | Mem:0.00M, Peak:0.00M | Scene, ViewLayer | Synchronizing object | dresser-parlor-palm::representative leaflet.078
Fra:1 Mem:200.23M (Peak 200.38M) | Time:00:00.21 | Mem:0.00M, Peak:0.00M | Scene, ViewLayer | Synchronizing object | dresser-parlor-palm::representative leaflet.077
Fra:1 Mem:200.23M (Peak 200.38M) | Time:00:00.21 | Mem:0.00M, Peak:0.00M | Scene, ViewLayer | Synchronizing object | dresser-parlor-palm::representative leaflet.076
Fra:1 Mem:200.23M (Peak 200.38M) | Time:00:00.21 | Mem:0.00M, Peak:0.00M | Scene, ViewLayer | Synchronizing object | dresser-parlor-palm::representative leaflet.075
Fra:1 Mem:200.23M (Peak 200.38M) | Time:00:00.21 | Mem:0.00M, Peak:0.00M | Scene, ViewLayer | Synchronizing object | dresser-parlor-palm::representative leaflet.074
Fra:1 Mem:200.23M (Peak 200.38M) | Time:00:00.21 | Mem:0.00M, Peak:0.00M | Scene, ViewLayer | Synchronizing object | dresser-parlor-palm::representative leaflet.073
Fra:1 Mem:200.23M (Peak 200.38M) | Time:00:00.21 | Mem:0.00M, Peak:0.00M | Scene, ViewLayer | Synchronizing object | dresser-parlor-palm::representative leaflet.072
Fra:1 Mem:200.23M (Peak 200.38M) | Time:00:00.21 | Mem:0.00M, Peak:0.00M | Scene, ViewLayer | Synchronizing object | dresser-parlor-palm::representative leaflet.071
Fra:1 Mem:200.23M (Peak 200.38M) | Time:00:00.21 | Mem:0.00M, Peak:0.00M | Scene, ViewLayer | Synchronizing object | dresser-parlor-palm::representative leaflet.070
Fra:1 Mem:200.23M (Peak 200.38M) | Time:00:00.21 | Mem:0.00M, Peak:0.00M | Scene, ViewLayer | Synchronizing object | dresser-parlor-palm::thin palm rachis5
Fra:1 Mem:200.23M (Peak 200.38M) | Time:00:00.21 | Mem:0.00M, Peak:0.00M | Scene, ViewLayer | Synchronizing object | dresser-parlor-palm::representative leaflet.069
Fra:1 Mem:200.23M (Peak 200.38M) | Time:00:00.21 | Mem:0.00M, Peak:0.00M | Scene, ViewLayer | Synchronizing object | dresser-parlor-palm::representative leaflet.068
Fra:1 Mem:200.23M (Peak 200.38M) | Time:00:00.21 | Mem:0.00M, Peak:0.00M | Scene, ViewLayer | Synchronizing object | dresser-parlor-palm::representative leaflet.067
Fra:1 Mem:200.23M (Peak 200.38M) | Time:00:00.21 | Mem:0.00M, Peak:0.00M | Scene, ViewLayer | Synchronizing object | dresser-parlor-palm::representative leaflet.066
Fra:1 Mem:200.24M (Peak 200.38M) | Time:00:00.21 | Mem:0.00M, Peak:0.00M | Scene, ViewLayer | Synchronizing object | dresser-parlor-palm::representative leaflet.065
Fra:1 Mem:200.24M (Peak 200.38M) | Time:00:00.21 | Mem:0.00M, Peak:0.00M | Scene, ViewLayer | Synchronizing object | dresser-parlor-palm::representative leaflet.064
Fra:1 Mem:200.24M (Peak 200.38M) | Time:00:00.21 | Mem:0.00M, Peak:0.00M | Scene, ViewLayer | Synchronizing object | dresser-parlor-palm::representative leaflet.063
Fra:1 Mem:200.24M (Peak 200.38M) | Time:00:00.21 | Mem:0.00M, Peak:0.00M | Scene, ViewLayer | Synchronizing object | dresser-parlor-palm::representative leaflet.062
Fra:1 Mem:200.01M (Peak 200.38M) | Time:00:00.21 | Mem:0.00M, Peak:0.00M | Scene, ViewLayer | Synchronizing object | dresser-parlor-palm::representative leaflet.061
Fra:1 Mem:199.06M (Peak 200.38M) | Time:00:00.21 | Mem:0.00M, Peak:0.00M | Scene, ViewLayer | Synchronizing object | dresser-parlor-palm::representative leaflet.060
Fra:1 Mem:198.92M (Peak 200.38M) | Time:00:00.21 | Mem:0.00M, Peak:0.00M | Scene, ViewLayer | Synchronizing object | dresser-parlor-palm::representative leaflet.059
Fra:1 Mem:198.92M (Peak 200.38M) | Time:00:00.21 | Mem:0.00M, Peak:0.00M | Scene, ViewLayer | Synchronizing object | dresser-parlor-palm::representative leaflet.058
Fra:1 Mem:198.92M (Peak 200.38M) | Time:00:00.21 | Mem:0.00M, Peak:0.00M | Scene, ViewLayer | Synchronizing object | dresser-parlor-palm::representative leaflet.057
Fra:1 Mem:198.92M (Peak 200.38M) | Time:00:00.21 | Mem:0.00M, Peak:0.00M | Scene, ViewLayer | Synchronizing object | dresser-parlor-palm::representative leaflet.056
Fra:1 Mem:198.92M (Peak 200.38M) | Time:00:00.21 | Mem:0.00M, Peak:0.00M | Scene, ViewLayer | Synchronizing object | dresser-parlor-palm::thin palm rachis4
Fra:1 Mem:198.92M (Peak 200.38M) | Time:00:00.21 | Mem:0.00M, Peak:0.00M | Scene, ViewLayer | Synchronizing object | dresser-parlor-palm::representative leaflet.055
Fra:1 Mem:198.92M (Peak 200.38M) | Time:00:00.21 | Mem:0.00M, Peak:0.00M | Scene, ViewLayer | Synchronizing object | dresser-parlor-palm::representative leaflet.054
Fra:1 Mem:198.92M (Peak 200.38M) | Time:00:00.21 | Mem:0.00M, Peak:0.00M | Scene, ViewLayer | Synchronizing object | dresser-parlor-palm::representative leaflet.053
Fra:1 Mem:198.92M (Peak 200.38M) | Time:00:00.21 | Mem:0.00M, Peak:0.00M | Scene, ViewLayer | Synchronizing object | dresser-parlor-palm::representative leaflet.052
Fra:1 Mem:198.92M (Peak 200.38M) | Time:00:00.21 | Mem:0.00M, Peak:0.00M | Scene, ViewLayer | Synchronizing object | dresser-parlor-palm::representative leaflet.051
Fra:1 Mem:198.92M (Peak 200.38M) | Time:00:00.21 | Mem:0.00M, Peak:0.00M | Scene, ViewLayer | Synchronizing object | dresser-parlor-palm::representative leaflet.050
Fra:1 Mem:198.92M (Peak 200.38M) | Time:00:00.21 | Mem:0.00M, Peak:0.00M | Scene, ViewLayer | Synchronizing object | dresser-parlor-palm::representative leaflet.049
Fra:1 Mem:198.92M (Peak 200.38M) | Time:00:00.21 | Mem:0.00M, Peak:0.00M | Scene, ViewLayer | Synchronizing object | dresser-parlor-palm::representative leaflet.048
Fra:1 Mem:198.92M (Peak 200.38M) | Time:00:00.21 | Mem:0.00M, Peak:0.00M | Scene, ViewLayer | Synchronizing object | dresser-parlor-palm::representative leaflet.047
Fra:1 Mem:198.92M (Peak 200.38M) | Time:00:00.21 | Mem:0.00M, Peak:0.00M | Scene, ViewLayer | Synchronizing object | dresser-parlor-palm::representative leaflet.046
Fra:1 Mem:198.92M (Peak 200.38M) | Time:00:00.21 | Mem:0.00M, Peak:0.00M | Scene, ViewLayer | Synchronizing object | dresser-parlor-palm::representative leaflet.045
Fra:1 Mem:198.92M (Peak 200.38M) | Time:00:00.21 | Mem:0.00M, Peak:0.00M | Scene, ViewLayer | Synchronizing object | dresser-parlor-palm::representative leaflet.044
Fra:1 Mem:198.92M (Peak 200.38M) | Time:00:00.21 | Mem:0.00M, Peak:0.00M | Scene, ViewLayer | Synchronizing object | dresser-parlor-palm::representative leaflet.043
Fra:1 Mem:198.92M (Peak 200.38M) | Time:00:00.21 | Mem:0.00M, Peak:0.00M | Scene, ViewLayer | Synchronizing object | dresser-parlor-palm::representative leaflet.042
Fra:1 Mem:198.92M (Peak 200.38M) | Time:00:00.21 | Mem:0.00M, Peak:0.00M | Scene, ViewLayer | Synchronizing object | dresser-parlor-palm::thin palm rachis3
Fra:1 Mem:198.92M (Peak 200.38M) | Time:00:00.21 | Mem:0.00M, Peak:0.00M | Scene, ViewLayer | Synchronizing object | dresser-parlor-palm::representative leaflet.041
Fra:1 Mem:198.92M (Peak 200.38M) | Time:00:00.21 | Mem:0.00M, Peak:0.00M | Scene, ViewLayer | Synchronizing object | dresser-parlor-palm::representative leaflet.040
Fra:1 Mem:198.92M (Peak 200.38M) | Time:00:00.21 | Mem:0.00M, Peak:0.00M | Scene, ViewLayer | Synchronizing object | dresser-parlor-palm::representative leaflet.039
Fra:1 Mem:198.92M (Peak 200.38M) | Time:00:00.21 | Mem:0.00M, Peak:0.00M | Scene, ViewLayer | Synchronizing object | dresser-parlor-palm::representative leaflet.038
Fra:1 Mem:198.92M (Peak 200.38M) | Time:00:00.21 | Mem:0.00M, Peak:0.00M | Scene, ViewLayer | Synchronizing object | dresser-parlor-palm::representative leaflet.037
Fra:1 Mem:198.62M (Peak 200.38M) | Time:00:00.21 | Mem:0.00M, Peak:0.00M | Scene, ViewLayer | Synchronizing object | secondary-workspace::black-brown tabletop
Fra:1 Mem:198.63M (Peak 200.38M) | Time:00:00.21 | Mem:0.00M, Peak:0.00M | Scene, ViewLayer | Synchronizing object | secondary-workspace::right black ADILS leg
Fra:1 Mem:198.64M (Peak 200.38M) | Time:00:00.21 | Mem:0.00M, Peak:0.00M | Scene, ViewLayer | Synchronizing object | secondary-workspace::black adjustment foot
Fra:1 Mem:198.65M (Peak 200.38M) | Time:00:00.21 | Mem:0.00M, Peak:0.00M | Scene, ViewLayer | Synchronizing object | secondary-workspace::right black ADILS leg.001
Fra:1 Mem:198.66M (Peak 200.38M) | Time:00:00.21 | Mem:0.00M, Peak:0.00M | Scene, ViewLayer | Synchronizing object | secondary-workspace::black adjustment foot.001
Fra:1 Mem:198.66M (Peak 200.38M) | Time:00:00.21 | Mem:0.00M, Peak:0.00M | Scene, ViewLayer | Synchronizing object | clothes-dresser::official storklinta-low-drawers part0
Fra:1 Mem:198.68M (Peak 200.38M) | Time:00:00.21 | Mem:0.00M, Peak:0.00M | Scene, ViewLayer | Synchronizing object | clothes-dresser::official storklinta-low-drawers part1
Fra:1 Mem:198.70M (Peak 200.38M) | Time:00:00.21 | Mem:0.00M, Peak:0.00M | Scene, ViewLayer | Synchronizing object | clothes-dresser::official storklinta-low-drawers part2
Fra:1 Mem:198.72M (Peak 200.38M) | Time:00:00.21 | Mem:0.00M, Peak:0.00M | Scene, ViewLayer | Synchronizing object | clothes-dresser::official storklinta-low-drawers part3
Fra:1 Mem:198.77M (Peak 200.38M) | Time:00:00.21 | Mem:0.00M, Peak:0.00M | Scene, ViewLayer | Synchronizing object | rug::Standard Pad support
Fra:1 Mem:198.77M (Peak 200.38M) | Time:00:00.21 | Mem:0.00M, Peak:0.00M | Scene, ViewLayer | Synchronizing object | rug::actual Rift Charcoal6x9 flatwoven textile
Fra:1 Mem:198.77M (Peak 200.38M) | Time:00:00.21 | Mem:0.00M, Peak:0.00M | Scene, ViewLayer | Synchronizing object | standing-main-desk::generic equipment assumption::monitor stand
Fra:1 Mem:198.78M (Peak 200.38M) | Time:00:00.21 | Mem:0.00M, Peak:0.00M | Scene, ViewLayer | Synchronizing object | standing-main-desk::generic equipment assumption::monitor stem
Fra:1 Mem:198.79M (Peak 200.38M) | Time:00:00.21 | Mem:0.00M, Peak:0.00M | Scene, ViewLayer | Synchronizing object | standing-main-desk::generic equipment assumption::monitor frame
Fra:1 Mem:198.81M (Peak 200.38M) | Time:00:00.21 | Mem:0.00M, Peak:0.00M | Scene, ViewLayer | Synchronizing object | standing-main-desk::generic equipment assumption::dark display
Fra:1 Mem:198.81M (Peak 200.38M) | Time:00:00.21 | Mem:0.00M, Peak:0.00M | Scene, ViewLayer | Synchronizing object | standing-main-desk::generic equipment assumption::keyboard
Fra:1 Mem:198.82M (Peak 200.38M) | Time:00:00.21 | Mem:0.00M, Peak:0.00M | Scene, ViewLayer | Synchronizing object | Existing full-height closet leaf
Fra:1 Mem:198.84M (Peak 200.38M) | Time:00:00.21 | Mem:0.00M, Peak:0.00M | Scene, ViewLayer | Synchronizing object | Existing closet metal knob
Fra:1 Mem:198.84M (Peak 200.38M) | Time:00:00.21 | Mem:0.00M, Peak:0.00M | Scene, ViewLayer | Synchronizing object | Existing living-entry flat white leaf
Fra:1 Mem:198.86M (Peak 200.38M) | Time:00:00.21 | Mem:0.00M, Peak:0.00M | Scene, ViewLayer | Synchronizing object | Existing living-entry silver lever
Fra:1 Mem:198.87M (Peak 200.38M) | Time:00:00.21 | Mem:0.00M, Peak:0.00M | Scene, ViewLayer | Synchronizing object | Existing exterior-door six-panel leaf
Fra:1 Mem:198.89M (Peak 200.38M) | Time:00:00.21 | Mem:0.00M, Peak:0.00M | Scene, ViewLayer | Synchronizing object | Existing exterior-door raised panel
Fra:1 Mem:198.90M (Peak 200.38M) | Time:00:00.21 | Mem:0.00M, Peak:0.00M | Scene, ViewLayer | Synchronizing object | Existing exterior-door raised panel.001
Fra:1 Mem:198.92M (Peak 200.38M) | Time:00:00.21 | Mem:0.00M, Peak:0.00M | Scene, ViewLayer | Synchronizing object | Existing exterior-door raised panel.002
Fra:1 Mem:198.93M (Peak 200.38M) | Time:00:00.21 | Mem:0.00M, Peak:0.00M | Scene, ViewLayer | Synchronizing object | Existing exterior-door raised panel.003
Fra:1 Mem:198.94M (Peak 200.38M) | Time:00:00.21 | Mem:0.00M, Peak:0.00M | Scene, ViewLayer | Synchronizing object | Existing exterior-door raised panel.004
Fra:1 Mem:198.96M (Peak 200.38M) | Time:00:00.21 | Mem:0.00M, Peak:0.00M | Scene, ViewLayer | Synchronizing object | Existing exterior-door raised panel.005
Fra:1 Mem:198.97M (Peak 200.38M) | Time:00:00.21 | Mem:0.00M, Peak:0.00M | Scene, ViewLayer | Synchronizing object | Existing exterior-door brass knob
Fra:1 Mem:198.98M (Peak 200.38M) | Time:00:00.21 | Mem:0.00M, Peak:0.00M | Scene, ViewLayer | Synchronizing object | Existing exterior-door brass deadbolt
Fra:1 Mem:198.99M (Peak 200.38M) | Time:00:00.21 | Mem:0.00M, Peak:0.00M | Scene, ViewLayer | Synchronizing object | grejig-1::folded steel leg
Fra:1 Mem:198.99M (Peak 200.38M) | Time:00:00.21 | Mem:0.00M, Peak:0.00M | Scene, ViewLayer | Synchronizing object | grejig-1::folded steel leg.001
Fra:1 Mem:198.99M (Peak 200.38M) | Time:00:00.21 | Mem:0.00M, Peak:0.00M | Scene, ViewLayer | Synchronizing object | grejig-1::folded steel leg.002
Fra:1 Mem:198.99M (Peak 200.38M) | Time:00:00.21 | Mem:0.00M, Peak:0.00M | Scene, ViewLayer | Synchronizing object | grejig-1::folded steel leg.003
Fra:1 Mem:199.00M (Peak 200.38M) | Time:00:00.21 | Mem:0.00M, Peak:0.00M | Scene, ViewLayer | Synchronizing object | grejig-1::top long rim
Fra:1 Mem:199.00M (Peak 200.38M) | Time:00:00.21 | Mem:0.00M, Peak:0.00M | Scene, ViewLayer | Synchronizing object | grejig-1::top long rim.001
Fra:1 Mem:199.00M (Peak 200.38M) | Time:00:00.21 | Mem:0.00M, Peak:0.00M | Scene, ViewLayer | Synchronizing object | grejig-1::top end rim
Fra:1 Mem:199.00M (Peak 200.38M) | Time:00:00.21 | Mem:0.00M, Peak:0.00M | Scene, ViewLayer | Synchronizing object | grejig-1::top end rim.001
Fra:1 Mem:199.00M (Peak 200.38M) | Time:00:00.21 | Mem:0.00M, Peak:0.00M | Scene, ViewLayer | Synchronizing object | grejig-1::wire lattice across
Fra:1 Mem:199.00M (Peak 200.38M) | Time:00:00.21 | Mem:0.00M, Peak:0.00M | Scene, ViewLayer | Synchronizing object | grejig-1::wire lattice across.001
Fra:1 Mem:199.01M (Peak 200.38M) | Time:00:00.21 | Mem:0.00M, Peak:0.00M | Scene, ViewLayer | Synchronizing object | grejig-1::wire lattice across.002
Fra:1 Mem:199.01M (Peak 200.38M) | Time:00:00.21 | Mem:0.00M, Peak:0.00M | Scene, ViewLayer | Synchronizing object | grejig-1::wire lattice across.003
Fra:1 Mem:199.01M (Peak 200.38M) | Time:00:00.21 | Mem:0.00M, Peak:0.00M | Scene, ViewLayer | Synchronizing object | grejig-1::wire lattice across.004
Fra:1 Mem:199.01M (Peak 200.38M) | Time:00:00.21 | Mem:0.00M, Peak:0.00M | Scene, ViewLayer | Synchronizing object | grejig-1::wire lattice across.005
Fra:1 Mem:199.01M (Peak 200.38M) | Time:00:00.21 | Mem:0.00M, Peak:0.00M | Scene, ViewLayer | Synchronizing object | grejig-1::wire lattice across.006
Fra:1 Mem:199.01M (Peak 200.38M) | Time:00:00.21 | Mem:0.00M, Peak:0.00M | Scene, ViewLayer | Synchronizing object | grejig-1::wire lattice across.007
Fra:1 Mem:199.01M (Peak 200.38M) | Time:00:00.21 | Mem:0.00M, Peak:0.00M | Scene, ViewLayer | Synchronizing object | grejig-1::wire lattice across.008
Fra:1 Mem:199.01M (Peak 200.38M) | Time:00:00.21 | Mem:0.00M, Peak:0.00M | Scene, ViewLayer | Synchronizing object | grejig-1::wire lattice across.009
Fra:1 Mem:199.01M (Peak 200.38M) | Time:00:00.21 | Mem:0.00M, Peak:0.00M | Scene, ViewLayer | Synchronizing object | grejig-1::wire lattice across.010
Fra:1 Mem:199.02M (Peak 200.38M) | Time:00:00.21 | Mem:0.00M, Peak:0.00M | Scene, ViewLayer | Synchronizing object | grejig-1::wire lattice lengthwise
Fra:1 Mem:199.02M (Peak 200.38M) | Time:00:00.21 | Mem:0.00M, Peak:0.00M | Scene, ViewLayer | Synchronizing object | grejig-1::wire lattice lengthwise.001
Fra:1 Mem:199.02M (Peak 200.38M) | Time:00:00.21 | Mem:0.00M, Peak:0.00M | Scene, ViewLayer | Synchronizing object | grejig-1::wire lattice lengthwise.002
Fra:1 Mem:199.02M (Peak 200.38M) | Time:00:00.21 | Mem:0.00M, Peak:0.00M | Scene, ViewLayer | Synchronizing object | grejig-1::wire lattice lengthwise.003
Fra:1 Mem:199.02M (Peak 200.38M) | Time:00:00.21 | Mem:0.00M, Peak:0.00M | Scene, ViewLayer | Synchronizing object | grejig-1::wire lattice lengthwise.004
Fra:1 Mem:199.02M (Peak 200.38M) | Time:00:00.21 | Mem:0.00M, Peak:0.00M | Scene, ViewLayer | Synchronizing object | grejig-2::folded steel leg
Fra:1 Mem:199.02M (Peak 200.38M) | Time:00:00.21 | Mem:0.00M, Peak:0.00M | Scene, ViewLayer | Synchronizing object | grejig-2::folded steel leg.001
Fra:1 Mem:199.03M (Peak 200.38M) | Time:00:00.21 | Mem:0.00M, Peak:0.00M | Scene, ViewLayer | Synchronizing object | grejig-2::folded steel leg.002
Fra:1 Mem:199.03M (Peak 200.38M) | Time:00:00.21 | Mem:0.00M, Peak:0.00M | Scene, ViewLayer | Synchronizing object | grejig-2::folded steel leg.003
Fra:1 Mem:199.03M (Peak 200.38M) | Time:00:00.21 | Mem:0.00M, Peak:0.00M | Scene, ViewLayer | Synchronizing object | grejig-2::top long rim
Fra:1 Mem:199.03M (Peak 200.38M) | Time:00:00.21 | Mem:0.00M, Peak:0.00M | Scene, ViewLayer | Synchronizing object | grejig-2::top long rim.001
Fra:1 Mem:199.03M (Peak 200.38M) | Time:00:00.21 | Mem:0.00M, Peak:0.00M | Scene, ViewLayer | Synchronizing object | grejig-2::top end rim
Fra:1 Mem:199.03M (Peak 200.38M) | Time:00:00.21 | Mem:0.00M, Peak:0.00M | Scene, ViewLayer | Synchronizing object | grejig-2::top end rim.001
Fra:1 Mem:199.04M (Peak 200.38M) | Time:00:00.21 | Mem:0.00M, Peak:0.00M | Scene, ViewLayer | Synchronizing object | grejig-2::wire lattice across
Fra:1 Mem:199.04M (Peak 200.38M) | Time:00:00.21 | Mem:0.00M, Peak:0.00M | Scene, ViewLayer | Synchronizing object | grejig-2::wire lattice across.001
Fra:1 Mem:199.04M (Peak 200.38M) | Time:00:00.21 | Mem:0.00M, Peak:0.00M | Scene, ViewLayer | Synchronizing object | grejig-2::wire lattice across.002
Fra:1 Mem:199.04M (Peak 200.38M) | Time:00:00.21 | Mem:0.00M, Peak:0.00M | Scene, ViewLayer | Synchronizing object | grejig-2::wire lattice across.003
Fra:1 Mem:199.04M (Peak 200.38M) | Time:00:00.21 | Mem:0.00M, Peak:0.00M | Scene, ViewLayer | Synchronizing object | grejig-2::wire lattice across.004
Fra:1 Mem:199.04M (Peak 200.38M) | Time:00:00.21 | Mem:0.00M, Peak:0.00M | Scene, ViewLayer | Synchronizing object | grejig-2::wire lattice across.005
Fra:1 Mem:199.04M (Peak 200.38M) | Time:00:00.21 | Mem:0.00M, Peak:0.00M | Scene, ViewLayer | Synchronizing object | grejig-2::wire lattice across.006
Fra:1 Mem:199.04M (Peak 200.38M) | Time:00:00.21 | Mem:0.00M, Peak:0.00M | Scene, ViewLayer | Synchronizing object | grejig-2::wire lattice across.007
Fra:1 Mem:199.05M (Peak 200.38M) | Time:00:00.21 | Mem:0.00M, Peak:0.00M | Scene, ViewLayer | Synchronizing object | grejig-2::wire lattice across.008
Fra:1 Mem:199.05M (Peak 200.38M) | Time:00:00.21 | Mem:0.00M, Peak:0.00M | Scene, ViewLayer | Synchronizing object | grejig-2::wire lattice across.009
Fra:1 Mem:199.05M (Peak 200.38M) | Time:00:00.21 | Mem:0.00M, Peak:0.00M | Scene, ViewLayer | Synchronizing object | grejig-2::wire lattice across.010
Fra:1 Mem:199.05M (Peak 200.38M) | Time:00:00.21 | Mem:0.00M, Peak:0.00M | Scene, ViewLayer | Synchronizing object | grejig-2::wire lattice lengthwise
Fra:1 Mem:199.05M (Peak 200.38M) | Time:00:00.21 | Mem:0.00M, Peak:0.00M | Scene, ViewLayer | Synchronizing object | grejig-2::wire lattice lengthwise.001
Fra:1 Mem:199.05M (Peak 200.38M) | Time:00:00.21 | Mem:0.00M, Peak:0.00M | Scene, ViewLayer | Synchronizing object | grejig-2::wire lattice lengthwise.002
Fra:1 Mem:199.05M (Peak 200.38M) | Time:00:00.21 | Mem:0.00M, Peak:0.00M | Scene, ViewLayer | Synchronizing object | grejig-2::wire lattice lengthwise.003
Fra:1 Mem:199.05M (Peak 200.38M) | Time:00:00.21 | Mem:0.00M, Peak:0.00M | Scene, ViewLayer | Synchronizing object | grejig-2::wire lattice lengthwise.004
Fra:1 Mem:199.06M (Peak 200.38M) | Time:00:00.21 | Mem:0.00M, Peak:0.00M | Scene, ViewLayer | Synchronizing object | grejig-3::folded steel leg
Fra:1 Mem:199.06M (Peak 200.38M) | Time:00:00.21 | Mem:0.00M, Peak:0.00M | Scene, ViewLayer | Synchronizing object | grejig-3::folded steel leg.001
Fra:1 Mem:199.06M (Peak 200.38M) | Time:00:00.21 | Mem:0.00M, Peak:0.00M | Scene, ViewLayer | Synchronizing object | grejig-3::folded steel leg.002
Fra:1 Mem:199.06M (Peak 200.38M) | Time:00:00.21 | Mem:0.00M, Peak:0.00M | Scene, ViewLayer | Synchronizing object | grejig-3::folded steel leg.003
Fra:1 Mem:199.06M (Peak 200.38M) | Time:00:00.21 | Mem:0.00M, Peak:0.00M | Scene, ViewLayer | Synchronizing object | grejig-3::top long rim
Fra:1 Mem:199.06M (Peak 200.38M) | Time:00:00.21 | Mem:0.00M, Peak:0.00M | Scene, ViewLayer | Synchronizing object | grejig-3::top long rim.001
Fra:1 Mem:199.07M (Peak 200.38M) | Time:00:00.21 | Mem:0.00M, Peak:0.00M | Scene, ViewLayer | Synchronizing object | grejig-3::top end rim
Fra:1 Mem:199.07M (Peak 200.38M) | Time:00:00.21 | Mem:0.00M, Peak:0.00M | Scene, ViewLayer | Synchronizing object | grejig-3::top end rim.001
Fra:1 Mem:199.07M (Peak 200.38M) | Time:00:00.21 | Mem:0.00M, Peak:0.00M | Scene, ViewLayer | Synchronizing object | grejig-3::wire lattice across
Fra:1 Mem:199.07M (Peak 200.38M) | Time:00:00.21 | Mem:0.00M, Peak:0.00M | Scene, ViewLayer | Synchronizing object | grejig-3::wire lattice across.001
Fra:1 Mem:199.07M (Peak 200.38M) | Time:00:00.21 | Mem:0.00M, Peak:0.00M | Scene, ViewLayer | Synchronizing object | grejig-3::wire lattice across.002
Fra:1 Mem:199.07M (Peak 200.38M) | Time:00:00.21 | Mem:0.00M, Peak:0.00M | Scene, ViewLayer | Synchronizing object | grejig-3::wire lattice across.003
Fra:1 Mem:199.07M (Peak 200.38M) | Time:00:00.21 | Mem:0.00M, Peak:0.00M | Scene, ViewLayer | Synchronizing object | grejig-3::wire lattice across.004
Fra:1 Mem:199.08M (Peak 200.38M) | Time:00:00.21 | Mem:0.00M, Peak:0.00M | Scene, ViewLayer | Synchronizing object | grejig-3::wire lattice across.005
Fra:1 Mem:199.08M (Peak 200.38M) | Time:00:00.21 | Mem:0.00M, Peak:0.00M | Scene, ViewLayer | Synchronizing object | grejig-3::wire lattice across.006
Fra:1 Mem:199.08M (Peak 200.38M) | Time:00:00.21 | Mem:0.00M, Peak:0.00M | Scene, ViewLayer | Synchronizing object | grejig-3::wire lattice across.007
Fra:1 Mem:199.08M (Peak 200.38M) | Time:00:00.21 | Mem:0.00M, Peak:0.00M | Scene, ViewLayer | Synchronizing object | grejig-3::wire lattice across.008
Fra:1 Mem:199.08M (Peak 200.38M) | Time:00:00.21 | Mem:0.00M, Peak:0.00M | Scene, ViewLayer | Synchronizing object | grejig-3::wire lattice across.009
Fra:1 Mem:199.08M (Peak 200.38M) | Time:00:00.21 | Mem:0.00M, Peak:0.00M | Scene, ViewLayer | Synchronizing object | grejig-3::wire lattice across.010
Fra:1 Mem:199.08M (Peak 200.38M) | Time:00:00.21 | Mem:0.00M, Peak:0.00M | Scene, ViewLayer | Synchronizing object | grejig-3::wire lattice lengthwise
Fra:1 Mem:199.08M (Peak 200.38M) | Time:00:00.21 | Mem:0.00M, Peak:0.00M | Scene, ViewLayer | Synchronizing object | grejig-3::wire lattice lengthwise.001
Fra:1 Mem:199.09M (Peak 200.38M) | Time:00:00.21 | Mem:0.00M, Peak:0.00M | Scene, ViewLayer | Synchronizing object | grejig-3::wire lattice lengthwise.002
Fra:1 Mem:199.09M (Peak 200.38M) | Time:00:00.21 | Mem:0.00M, Peak:0.00M | Scene, ViewLayer | Synchronizing object | grejig-3::wire lattice lengthwise.003
Fra:1 Mem:199.09M (Peak 200.38M) | Time:00:00.21 | Mem:0.00M, Peak:0.00M | Scene, ViewLayer | Synchronizing object | grejig-3::wire lattice lengthwise.004
Fra:1 Mem:199.09M (Peak 200.38M) | Time:00:00.21 | Mem:0.00M, Peak:0.00M | Scene, ViewLayer | Synchronizing object | Provisional rack floor support — closet unrecorded
Fra:1 Mem:199.09M (Peak 200.38M) | Time:00:00.21 | Mem:0.00M, Peak:0.00M | Scene, ViewLayer | Synchronizing object | U-base closed crossbar
Fra:1 Mem:199.10M (Peak 200.38M) | Time:00:00.21 | Mem:0.00M, Peak:0.00M | Scene, ViewLayer | Synchronizing object | U-base open prong
Fra:1 Mem:199.10M (Peak 200.38M) | Time:00:00.21 | Mem:0.00M, Peak:0.00M | Scene, ViewLayer | Synchronizing object | U-base open prong.001
Fra:1 Mem:199.11M (Peak 200.38M) | Time:00:00.21 | Mem:0.00M, Peak:0.00M | Scene, ViewLayer | Synchronizing object | Slim rectangular upright
Fra:1 Mem:199.12M (Peak 200.38M) | Time:00:00.21 | Mem:0.00M, Peak:0.00M | Scene, ViewLayer | Synchronizing object | Rotary dimming knob
Fra:1 Mem:199.12M (Peak 200.38M) | Time:00:00.21 | Mem:0.00M, Peak:0.00M | Scene, ViewLayer | Synchronizing object | Rectangular panel long rim
Fra:1 Mem:199.13M (Peak 200.38M) | Time:00:00.21 | Mem:0.00M, Peak:0.00M | Scene, ViewLayer | Synchronizing object | Rectangular panel long rim.001
Fra:1 Mem:199.14M (Peak 200.38M) | Time:00:00.21 | Mem:0.00M, Peak:0.00M | Scene, ViewLayer | Synchronizing object | Rectangular panel end rim
Fra:1 Mem:199.15M (Peak 200.38M) | Time:00:00.21 | Mem:0.00M, Peak:0.00M | Scene, ViewLayer | Synchronizing object | Rectangular panel end rim.001
Fra:1 Mem:199.15M (Peak 200.38M) | Time:00:00.21 | Mem:0.00M, Peak:0.00M | Scene, ViewLayer | Synchronizing object | Narrow parallel LED light bar
Fra:1 Mem:199.16M (Peak 200.38M) | Time:00:00.21 | Mem:0.00M, Peak:0.00M | Scene, ViewLayer | Synchronizing object | Narrow parallel LED light bar.001
Fra:1 Mem:199.17M (Peak 200.38M) | Time:00:00.21 | Mem:0.00M, Peak:0.00M | Scene, ViewLayer | Synchronizing object | Triple thickness brown fleece base
Fra:1 Mem:199.18M (Peak 200.38M) | Time:00:00.21 | Mem:0.00M, Peak:0.00M | Scene, ViewLayer | Synchronizing object | kept-muttros-cat-tree::arched hollow condo wall
Fra:1 Mem:199.44M (Peak 200.38M) | Time:00:00.21 | Mem:0.00M, Peak:0.00M | Scene, ViewLayer | Synchronizing object | Condo top plush cushion
Fra:1 Mem:199.45M (Peak 200.38M) | Time:00:00.21 | Mem:0.00M, Peak:0.00M | Scene, ViewLayer | Synchronizing object | Condo dark floor
Fra:1 Mem:199.46M (Peak 200.38M) | Time:00:00.21 | Mem:0.00M, Peak:0.00M | Scene, ViewLayer | Synchronizing object | Natural wood branch0-0
Fra:1 Mem:199.46M (Peak 200.38M) | Time:00:00.21 | Mem:0.00M, Peak:0.00M | Scene, ViewLayer | Synchronizing object | Natural wood branch0-1
Fra:1 Mem:199.46M (Peak 200.38M) | Time:00:00.21 | Mem:0.00M, Peak:0.00M | Scene, ViewLayer | Synchronizing object | Natural wood branch0-2
Fra:1 Mem:199.47M (Peak 200.38M) | Time:00:00.21 | Mem:0.00M, Peak:0.00M | Scene, ViewLayer | Synchronizing object | Natural wood branch0-3
Fra:1 Mem:199.47M (Peak 200.38M) | Time:00:00.22 | Mem:0.00M, Peak:0.00M | Scene, ViewLayer | Synchronizing object | Organic branch junction
Fra:1 Mem:199.51M (Peak 200.38M) | Time:00:00.22 | Mem:0.00M, Peak:0.00M | Scene, ViewLayer | Synchronizing object | Organic branch junction.001
Fra:1 Mem:199.55M (Peak 200.38M) | Time:00:00.22 | Mem:0.00M, Peak:0.00M | Scene, ViewLayer | Synchronizing object | Organic branch junction.002
Fra:1 Mem:199.58M (Peak 200.38M) | Time:00:00.22 | Mem:0.00M, Peak:0.00M | Scene, ViewLayer | Synchronizing object | Natural wood branch1-0
Fra:1 Mem:199.59M (Peak 200.38M) | Time:00:00.22 | Mem:0.00M, Peak:0.00M | Scene, ViewLayer | Synchronizing object | Natural wood branch1-1
Fra:1 Mem:199.59M (Peak 200.38M) | Time:00:00.22 | Mem:0.00M, Peak:0.00M | Scene, ViewLayer | Synchronizing object | Natural wood branch1-2
Fra:1 Mem:199.59M (Peak 200.38M) | Time:00:00.22 | Mem:0.00M, Peak:0.00M | Scene, ViewLayer | Synchronizing object | Organic branch junction.003
Fra:1 Mem:199.63M (Peak 200.38M) | Time:00:00.22 | Mem:0.00M, Peak:0.00M | Scene, ViewLayer | Synchronizing object | Organic branch junction.004
Fra:1 Mem:199.67M (Peak 200.38M) | Time:00:00.22 | Mem:0.00M, Peak:0.00M | Scene, ViewLayer | Synchronizing object | Natural wood branch2-0
Fra:1 Mem:199.67M (Peak 200.38M) | Time:00:00.22 | Mem:0.00M, Peak:0.00M | Scene, ViewLayer | Synchronizing object | Natural wood branch2-1
Fra:1 Mem:199.68M (Peak 200.38M) | Time:00:00.22 | Mem:0.00M, Peak:0.00M | Scene, ViewLayer | Synchronizing object | Organic branch junction.005
Fra:1 Mem:199.72M (Peak 200.38M) | Time:00:00.22 | Mem:0.00M, Peak:0.00M | Scene, ViewLayer | Synchronizing object | Natural wood branch3-0
Fra:1 Mem:199.72M (Peak 200.38M) | Time:00:00.22 | Mem:0.00M, Peak:0.00M | Scene, ViewLayer | Synchronizing object | Natural wood branch3-1
Fra:1 Mem:199.72M (Peak 200.38M) | Time:00:00.22 | Mem:0.00M, Peak:0.00M | Scene, ViewLayer | Synchronizing object | Organic branch junction.006
Fra:1 Mem:199.76M (Peak 200.38M) | Time:00:00.22 | Mem:0.00M, Peak:0.00M | Scene, ViewLayer | Synchronizing object | kept-muttros-cat-tree::Top wicker basket woven horizontal cours
Fra:1 Mem:200.26M (Peak 200.38M) | Time:00:00.22 | Mem:0.00M, Peak:0.00M | Scene, ViewLayer | Synchronizing object | kept-muttros-cat-tree::Top wicker basket crossing wicker strand
Fra:1 Mem:200.62M (Peak 200.62M) | Time:00:00.22 | Mem:0.00M, Peak:0.00M | Scene, ViewLayer | Synchronizing object | dresser-parlor-palm::representative leaflet.035
Fra:1 Mem:200.62M (Peak 200.62M) | Time:00:00.22 | Mem:0.00M, Peak:0.00M | Scene, ViewLayer | Synchronizing object | dresser-parlor-palm::representative leaflet.034
Fra:1 Mem:200.62M (Peak 200.62M) | Time:00:00.22 | Mem:0.00M, Peak:0.00M | Scene, ViewLayer | Synchronizing object | dresser-parlor-palm::representative leaflet.033
Fra:1 Mem:200.62M (Peak 200.62M) | Time:00:00.22 | Mem:0.00M, Peak:0.00M | Scene, ViewLayer | Synchronizing object | dresser-parlor-palm::representative leaflet.032
Fra:1 Mem:200.62M (Peak 200.62M) | Time:00:00.22 | Mem:0.00M, Peak:0.00M | Scene, ViewLayer | Synchronizing object | dresser-parlor-palm::representative leaflet.031
Fra:1 Mem:200.62M (Peak 200.62M) | Time:00:00.22 | Mem:0.00M, Peak:0.00M | Scene, ViewLayer | Synchronizing object | dresser-parlor-palm::representative leaflet.030
Fra:1 Mem:200.62M (Peak 200.62M) | Time:00:00.22 | Mem:0.00M, Peak:0.00M | Scene, ViewLayer | Synchronizing object | dresser-parlor-palm::representative leaflet.029
Fra:1 Mem:200.62M (Peak 200.62M) | Time:00:00.22 | Mem:0.00M, Peak:0.00M | Scene, ViewLayer | Synchronizing object | dresser-parlor-palm::representative leaflet.028
Fra:1 Mem:200.71M (Peak 200.71M) | Time:00:00.22 | Mem:0.00M, Peak:0.00M | Scene, ViewLayer | Synchronizing object | dresser-parlor-palm::thin palm rachis2
Fra:1 Mem:200.71M (Peak 200.71M) | Time:00:00.22 | Mem:0.00M, Peak:0.00M | Scene, ViewLayer | Synchronizing object | dresser-parlor-palm::representative leaflet.027
Fra:1 Mem:200.71M (Peak 200.71M) | Time:00:00.22 | Mem:0.00M, Peak:0.00M | Scene, ViewLayer | Synchronizing object | dresser-parlor-palm::representative leaflet.026
Fra:1 Mem:200.71M (Peak 200.71M) | Time:00:00.22 | Mem:0.00M, Peak:0.00M | Scene, ViewLayer | Synchronizing object | dresser-parlor-palm::representative leaflet.025
Fra:1 Mem:200.71M (Peak 200.71M) | Time:00:00.22 | Mem:0.00M, Peak:0.00M | Scene, ViewLayer | Synchronizing object | dresser-parlor-palm::representative leaflet.024
Fra:1 Mem:200.71M (Peak 200.71M) | Time:00:00.22 | Mem:0.00M, Peak:0.00M | Scene, ViewLayer | Synchronizing object | dresser-parlor-palm::representative leaflet.023
Fra:1 Mem:200.71M (Peak 200.71M) | Time:00:00.22 | Mem:0.00M, Peak:0.00M | Scene, ViewLayer | Synchronizing object | dresser-parlor-palm::representative leaflet.022
Fra:1 Mem:200.72M (Peak 200.72M) | Time:00:00.22 | Mem:0.00M, Peak:0.00M | Scene, ViewLayer | Synchronizing object | dresser-parlor-palm::representative leaflet.021
Fra:1 Mem:200.72M (Peak 200.72M) | Time:00:00.22 | Mem:0.00M, Peak:0.00M | Scene, ViewLayer | Synchronizing object | dresser-parlor-palm::representative leaflet.020
Fra:1 Mem:200.81M (Peak 200.81M) | Time:00:00.22 | Mem:0.00M, Peak:0.00M | Scene, ViewLayer | Synchronizing object | dresser-parlor-palm::representative leaflet.019
Fra:1 Mem:200.81M (Peak 200.81M) | Time:00:00.22 | Mem:0.00M, Peak:0.00M | Scene, ViewLayer | Synchronizing object | dresser-parlor-palm::representative leaflet.018
Fra:1 Mem:200.81M (Peak 200.81M) | Time:00:00.22 | Mem:0.00M, Peak:0.00M | Scene, ViewLayer | Synchronizing object | dresser-parlor-palm::representative leaflet.017
Fra:1 Mem:200.81M (Peak 200.81M) | Time:00:00.22 | Mem:0.00M, Peak:0.00M | Scene, ViewLayer | Synchronizing object | dresser-parlor-palm::representative leaflet.016
Fra:1 Mem:200.81M (Peak 200.81M) | Time:00:00.22 | Mem:0.00M, Peak:0.00M | Scene, ViewLayer | Synchronizing object | dresser-parlor-palm::representative leaflet.015
Fra:1 Mem:200.81M (Peak 200.81M) | Time:00:00.22 | Mem:0.00M, Peak:0.00M | Scene, ViewLayer | Synchronizing object | dresser-parlor-palm::representative leaflet.014
Fra:1 Mem:200.81M (Peak 200.81M) | Time:00:00.22 | Mem:0.00M, Peak:0.00M | Scene, ViewLayer | Synchronizing object | dresser-parlor-palm::thin palm rachis1
Fra:1 Mem:200.72M (Peak 200.81M) | Time:00:00.22 | Mem:0.00M, Peak:0.00M | Scene, ViewLayer | Synchronizing object | Top wicker basket brown fleece cushion
Fra:1 Mem:200.74M (Peak 200.81M) | Time:00:00.22 | Mem:0.00M, Peak:0.00M | Scene, ViewLayer | Synchronizing object | dresser-parlor-palm::representative leaflet.013
Fra:1 Mem:200.76M (Peak 200.81M) | Time:00:00.22 | Mem:0.00M, Peak:0.00M | Scene, ViewLayer | Synchronizing object | dresser-parlor-palm::representative leaflet.012
Fra:1 Mem:200.76M (Peak 200.81M) | Time:00:00.22 | Mem:0.00M, Peak:0.00M | Scene, ViewLayer | Synchronizing object | dresser-parlor-palm::representative leaflet.011
Fra:1 Mem:200.76M (Peak 200.81M) | Time:00:00.22 | Mem:0.00M, Peak:0.00M | Scene, ViewLayer | Synchronizing object | kept-muttros-cat-tree::High side wicker basket woven horizontal
Fra:1 Mem:200.76M (Peak 200.81M) | Time:00:00.22 | Mem:0.00M, Peak:0.00M | Scene, ViewLayer | Synchronizing object | dresser-parlor-palm::representative leaflet.010
Fra:1 Mem:201.05M (Peak 201.05M) | Time:00:00.22 | Mem:0.00M, Peak:0.00M | Scene, ViewLayer | Synchronizing object | dresser-parlor-palm::representative leaflet.009
Fra:1 Mem:201.16M (Peak 201.16M) | Time:00:00.22 | Mem:0.00M, Peak:0.00M | Scene, ViewLayer | Synchronizing object | dresser-parlor-palm::representative leaflet.008
Fra:1 Mem:201.16M (Peak 201.16M) | Time:00:00.22 | Mem:0.00M, Peak:0.00M | Scene, ViewLayer | Synchronizing object | dresser-parlor-palm::representative leaflet.007
Fra:1 Mem:201.16M (Peak 201.16M) | Time:00:00.22 | Mem:0.00M, Peak:0.00M | Scene, ViewLayer | Synchronizing object | dresser-parlor-palm::representative leaflet.006
Fra:1 Mem:201.16M (Peak 201.16M) | Time:00:00.22 | Mem:0.00M, Peak:0.00M | Scene, ViewLayer | Synchronizing object | dresser-parlor-palm::representative leaflet.005
Fra:1 Mem:201.16M (Peak 201.16M) | Time:00:00.22 | Mem:0.00M, Peak:0.00M | Scene, ViewLayer | Synchronizing object | dresser-parlor-palm::representative leaflet.004
Fra:1 Mem:201.26M (Peak 201.26M) | Time:00:00.22 | Mem:0.00M, Peak:0.00M | Scene, ViewLayer | Synchronizing object | dresser-parlor-palm::representative leaflet.003
Fra:1 Mem:201.26M (Peak 201.26M) | Time:00:00.22 | Mem:0.00M, Peak:0.00M | Scene, ViewLayer | Synchronizing object | dresser-parlor-palm::representative leaflet.002
Fra:1 Mem:201.26M (Peak 201.26M) | Time:00:00.22 | Mem:0.00M, Peak:0.00M | Scene, ViewLayer | Synchronizing object | dresser-parlor-palm::representative leaflet.001
Fra:1 Mem:201.26M (Peak 201.26M) | Time:00:00.22 | Mem:0.00M, Peak:0.00M | Scene, ViewLayer | Synchronizing object | dresser-parlor-palm::representative leaflet
Fra:1 Mem:201.26M (Peak 201.26M) | Time:00:00.22 | Mem:0.00M, Peak:0.00M | Scene, ViewLayer | Synchronizing object | dresser-parlor-palm::thin palm rachis0
Fra:1 Mem:201.26M (Peak 201.26M) | Time:00:00.22 | Mem:0.00M, Peak:0.00M | Scene, ViewLayer | Synchronizing object | dresser-parlor-palm::soil
Fra:1 Mem:201.27M (Peak 201.27M) | Time:00:00.22 | Mem:0.00M, Peak:0.00M | Scene, ViewLayer | Synchronizing object | dresser-parlor-palm::black Westcott pot proxy
Fra:1 Mem:201.37M (Peak 201.37M) | Time:00:00.22 | Mem:0.00M, Peak:0.00M | Scene, ViewLayer | Synchronizing object | dresser-parlor-palm::black saucer
Fra:1 Mem:201.38M (Peak 201.38M) | Time:00:00.22 | Mem:0.00M, Peak:0.00M | Scene, ViewLayer | Synchronizing object | dresser-fado::illustrative rear cord1
Fra:1 Mem:201.39M (Peak 201.39M) | Time:00:00.22 | Mem:0.00M, Peak:0.00M | Scene, ViewLayer | Synchronizing object | dresser-fado::illustrative rear cord0
Fra:1 Mem:201.39M (Peak 201.39M) | Time:00:00.22 | Mem:0.00M, Peak:0.00M | Scene, ViewLayer | Synchronizing object | dresser-fado::original body component3
Fra:1 Mem:201.37M (Peak 201.39M) | Time:00:00.22 | Mem:0.00M, Peak:0.00M | Scene, ViewLayer | Synchronizing object | kept-muttros-cat-tree::High side wicker basket crossing wicker 
Fra:1 Mem:201.73M (Peak 201.73M) | Time:00:00.22 | Mem:0.00M, Peak:0.00M | Scene, ViewLayer | Synchronizing object | dresser-fado::original body component2
Fra:1 Mem:202.07M (Peak 202.07M) | Time:00:00.22 | Mem:0.00M, Peak:0.00M | Scene, ViewLayer | Synchronizing object | dresser-fado::original body component1
Fra:1 Mem:202.07M (Peak 202.07M) | Time:00:00.22 | Mem:0.00M, Peak:0.00M | Scene, ViewLayer | Synchronizing object | High side wicker basket brown fleece cushion
Fra:1 Mem:202.08M (Peak 202.08M) | Time:00:00.22 | Mem:0.00M, Peak:0.00M | Scene, ViewLayer | Synchronizing object | dresser-fado::original body component0
Fra:1 Mem:202.44M (Peak 202.44M) | Time:00:00.22 | Mem:0.00M, Peak:0.00M | Scene, ViewLayer | Synchronizing object | kept-muttros-cat-tree::Low side wicker basket woven horizontal 
Fra:1 Mem:203.27M (Peak 203.27M) | Time:00:00.22 | Mem:0.00M, Peak:0.00M | Scene, ViewLayer | Synchronizing object | primary-display-ledge::illustrative pocket journal2
Fra:1 Mem:203.17M (Peak 203.27M) | Time:00:00.22 | Mem:0.00M, Peak:0.00M | Scene, ViewLayer | Synchronizing object | kept-muttros-cat-tree::Low side wicker basket crossing wicker s
Fra:1 Mem:203.54M (Peak 203.54M) | Time:00:00.22 | Mem:0.00M, Peak:0.00M | Scene, ViewLayer | Synchronizing object | primary-display-ledge::illustrative pocket journal1
Fra:1 Mem:203.65M (Peak 203.65M) | Time:00:00.22 | Mem:0.00M, Peak:0.00M | Scene, ViewLayer | Synchronizing object | primary-display-ledge::illustrative pocket journal0
Fra:1 Mem:203.66M (Peak 203.66M) | Time:00:00.22 | Mem:0.00M, Peak:0.00M | Scene, ViewLayer | Synchronizing object | primary-display-ledge::original supplier black ledge
Fra:1 Mem:203.85M (Peak 203.85M) | Time:00:00.22 | Mem:0.00M, Peak:0.00M | Scene, ViewLayer | Synchronizing object | Low side wicker basket brown fleece cushion
Fra:1 Mem:203.90M (Peak 203.90M) | Time:00:00.22 | Mem:0.00M, Peak:0.00M | Scene, ViewLayer | Synchronizing object | kept-muttros-cat-tree::Brown fleece suspended bowl hammock
Fra:1 Mem:204.01M (Peak 204.01M) | Time:00:00.22 | Mem:0.00M, Peak:0.00M | Scene, ViewLayer | Synchronizing object | kept-muttros-cat-tree::Thick fleece hammock rim
Fra:1 Mem:204.06M (Peak 204.06M) | Time:00:00.22 | Mem:0.00M, Peak:0.00M | Scene, ViewLayer | Synchronizing object | kept-muttros-cat-tree::Sisal rope winding
Fra:1 Mem:204.16M (Peak 204.16M) | Time:00:00.22 | Mem:0.00M, Peak:0.00M | Scene, ViewLayer | Synchronizing object | kept-muttros-cat-tree::Sisal rope winding.001
Fra:1 Mem:204.34M (Peak 204.34M) | Time:00:00.22 | Mem:0.00M, Peak:0.00M | Scene, ViewLayer | Synchronizing object | kept-muttros-cat-tree::Sisal rope winding.002
Fra:1 Mem:204.44M (Peak 204.44M) | Time:00:00.22 | Mem:0.00M, Peak:0.00M | Scene, ViewLayer | Synchronizing object | kept-muttros-cat-tree::Hanging pom-pom cord
Fra:1 Mem:204.44M (Peak 204.44M) | Time:00:00.22 | Mem:0.00M, Peak:0.00M | Scene, ViewLayer | Synchronizing object | Brown play ball
Fra:1 Mem:204.48M (Peak 204.48M) | Time:00:00.22 | Mem:0.00M, Peak:0.00M | Scene, ViewLayer | Synchronizing object | kept-muttros-cat-tree::Hanging pom-pom cord.001
Fra:1 Mem:204.48M (Peak 204.48M) | Time:00:00.22 | Mem:0.00M, Peak:0.00M | Scene, ViewLayer | Synchronizing object | Brown play ball.001
Fra:1 Mem:204.51M (Peak 204.51M) | Time:00:00.22 | Mem:0.00M, Peak:0.00M | Scene, ViewLayer | Synchronizing object | kept-muttros-cat-tree::Hanging pom-pom cord.002
Fra:1 Mem:204.47M (Peak 204.51M) | Time:00:00.22 | Mem:0.00M, Peak:0.00M | Scene, ViewLayer | Synchronizing object | Brown play ball.002
Fra:1 Mem:204.53M (Peak 204.53M) | Time:00:00.22 | Mem:0.00M, Peak:0.00M | Scene, ViewLayer | Synchronizing object | aeron-primary :: five-star spoke 1
Fra:1 Mem:204.39M (Peak 204.53M) | Time:00:00.22 | Mem:0.00M, Peak:0.00M | Scene, ViewLayer | Synchronizing object | aeron-primary :: caster 1 wheel -1
Fra:1 Mem:204.39M (Peak 204.53M) | Time:00:00.22 | Mem:0.00M, Peak:0.00M | Scene, ViewLayer | Synchronizing object | aeron-primary :: caster 1 wheel 1
Fra:1 Mem:204.37M (Peak 204.53M) | Time:00:00.22 | Mem:0.00M, Peak:0.00M | Scene, ViewLayer | Synchronizing object | aeron-primary :: caster 1 swivel
Fra:1 Mem:204.37M (Peak 204.53M) | Time:00:00.22 | Mem:0.00M, Peak:0.00M | Scene, ViewLayer | Synchronizing object | aeron-primary :: five-star spoke 2
Fra:1 Mem:204.37M (Peak 204.53M) | Time:00:00.22 | Mem:0.00M, Peak:0.00M | Scene, ViewLayer | Synchronizing object | aeron-primary :: caster 2 wheel -1
Fra:1 Mem:204.38M (Peak 204.53M) | Time:00:00.22 | Mem:0.00M, Peak:0.00M | Scene, ViewLayer | Synchronizing object | aeron-primary :: caster 2 wheel 1
Fra:1 Mem:204.38M (Peak 204.53M) | Time:00:00.22 | Mem:0.00M, Peak:0.00M | Scene, ViewLayer | Synchronizing object | aeron-primary :: caster 2 swivel
Fra:1 Mem:204.38M (Peak 204.53M) | Time:00:00.22 | Mem:0.00M, Peak:0.00M | Scene, ViewLayer | Synchronizing object | aeron-primary :: five-star spoke 3
Fra:1 Mem:204.38M (Peak 204.53M) | Time:00:00.22 | Mem:0.00M, Peak:0.00M | Scene, ViewLayer | Synchronizing object | aeron-primary :: caster 3 wheel -1
Fra:1 Mem:204.39M (Peak 204.53M) | Time:00:00.22 | Mem:0.00M, Peak:0.00M | Scene, ViewLayer | Synchronizing object | aeron-primary :: caster 3 wheel 1
Fra:1 Mem:204.39M (Peak 204.53M) | Time:00:00.22 | Mem:0.00M, Peak:0.00M | Scene, ViewLayer | Synchronizing object | aeron-primary :: caster 3 swivel
Fra:1 Mem:204.39M (Peak 204.53M) | Time:00:00.22 | Mem:0.00M, Peak:0.00M | Scene, ViewLayer | Synchronizing object | aeron-primary :: five-star spoke 4
Fra:1 Mem:204.40M (Peak 204.53M) | Time:00:00.22 | Mem:0.00M, Peak:0.00M | Scene, ViewLayer | Synchronizing object | aeron-primary :: caster 4 wheel -1
Fra:1 Mem:204.40M (Peak 204.53M) | Time:00:00.22 | Mem:0.00M, Peak:0.00M | Scene, ViewLayer | Synchronizing object | aeron-primary :: caster 4 wheel 1
Fra:1 Mem:204.40M (Peak 204.53M) | Time:00:00.22 | Mem:0.00M, Peak:0.00M | Scene, ViewLayer | Synchronizing object | aeron-primary :: caster 4 swivel
Fra:1 Mem:204.41M (Peak 204.53M) | Time:00:00.22 | Mem:0.00M, Peak:0.00M | Scene, ViewLayer | Synchronizing object | aeron-primary :: five-star spoke 5
Fra:1 Mem:204.41M (Peak 204.53M) | Time:00:00.22 | Mem:0.00M, Peak:0.00M | Scene, ViewLayer | Synchronizing object | aeron-primary :: caster 5 wheel -1
Fra:1 Mem:204.41M (Peak 204.53M) | Time:00:00.22 | Mem:0.00M, Peak:0.00M | Scene, ViewLayer | Synchronizing object | aeron-primary :: caster 5 wheel 1
Fra:1 Mem:204.42M (Peak 204.53M) | Time:00:00.22 | Mem:0.00M, Peak:0.00M | Scene, ViewLayer | Synchronizing object | aeron-primary :: caster 5 swivel
Fra:1 Mem:204.42M (Peak 204.53M) | Time:00:00.22 | Mem:0.00M, Peak:0.00M | Scene, ViewLayer | Synchronizing object | aeron-primary :: base hub
Fra:1 Mem:204.42M (Peak 204.53M) | Time:00:00.22 | Mem:0.00M, Peak:0.00M | Scene, ViewLayer | Synchronizing object | aeron-primary :: gas lift cylinder
Fra:1 Mem:204.43M (Peak 204.53M) | Time:00:00.22 | Mem:0.00M, Peak:0.00M | Scene, ViewLayer | Synchronizing object | aeron-primary :: tilt mechanism housing
Fra:1 Mem:204.46M (Peak 204.53M) | Time:00:00.22 | Mem:0.00M, Peak:0.00M | Scene, ViewLayer | Synchronizing object | aeron-primary :: underseat cross support
Fra:1 Mem:204.47M (Peak 204.53M) | Time:00:00.22 | Mem:0.00M, Peak:0.00M | Scene, ViewLayer | Synchronizing object | aeron-primary :: right tilt control stem
Fra:1 Mem:204.47M (Peak 204.53M) | Time:00:00.22 | Mem:0.00M, Peak:0.00M | Scene, ViewLayer | Synchronizing object | aeron-primary :: tilt control knob
Fra:1 Mem:204.51M (Peak 204.53M) | Time:00:00.22 | Mem:0.00M, Peak:0.00M | Scene, ViewLayer | Synchronizing object | aeron-primary :: sculpted open oval back perimeter
Fra:1 Mem:204.63M (Peak 204.63M) | Time:00:00.22 | Mem:0.00M, Peak:0.00M | Scene, ViewLayer | Synchronizing object | aeron-primary :: sculpted open seat perimeter
Fra:1 Mem:204.75M (Peak 204.75M) | Time:00:00.22 | Mem:0.00M, Peak:0.00M | Scene, ViewLayer | Synchronizing object | aeron-primary :: fine open curved back weave
Fra:1 Mem:209.92M (Peak 211.39M) | Time:00:00.22 | Mem:0.00M, Peak:0.00M | Scene, ViewLayer | Synchronizing object | aeron-primary :: fine open suspended seat weave
Fra:1 Mem:212.58M (Peak 212.58M) | Time:00:00.22 | Mem:0.00M, Peak:0.00M | Scene, ViewLayer | Synchronizing object | project-display-ledge::illustrative pocket journal1
Fra:1 Mem:213.64M (Peak 213.64M) | Time:00:00.22 | Mem:0.00M, Peak:0.00M | Scene, ViewLayer | Synchronizing object | project-display-ledge::illustrative pocket journal0
Fra:1 Mem:213.65M (Peak 213.65M) | Time:00:00.22 | Mem:0.00M, Peak:0.00M | Scene, ViewLayer | Synchronizing object | project-display-ledge::original supplier black ledge
Fra:1 Mem:214.80M (Peak 214.92M) | Time:00:00.23 | Mem:0.00M, Peak:0.00M | Scene, ViewLayer | Synchronizing object | richmond-art::full actual native landscape print
Fra:1 Mem:214.80M (Peak 214.92M) | Time:00:00.23 | Mem:0.00M, Peak:0.00M | Scene, ViewLayer | Synchronizing object | richmond-art::black wood frame right
Fra:1 Mem:214.82M (Peak 214.92M) | Time:00:00.23 | Mem:0.00M, Peak:0.00M | Scene, ViewLayer | Synchronizing object | richmond-art::black wood frame left
Fra:1 Mem:214.83M (Peak 214.92M) | Time:00:00.23 | Mem:0.00M, Peak:0.00M | Scene, ViewLayer | Synchronizing object | richmond-art::black wood frame bottom
Fra:1 Mem:214.84M (Peak 214.92M) | Time:00:00.23 | Mem:0.00M, Peak:0.00M | Scene, ViewLayer | Synchronizing object | richmond-art::black wood frame top
Fra:1 Mem:214.86M (Peak 214.92M) | Time:00:00.23 | Mem:0.00M, Peak:0.00M | Scene, ViewLayer | Synchronizing object | visitor-chair::rear walnut seat stretcher
Fra:1 Mem:214.87M (Peak 214.92M) | Time:00:00.23 | Mem:0.00M, Peak:0.00M | Scene, ViewLayer | Synchronizing object | visitor-chair::front walnut seat stretcher
Fra:1 Mem:213.84M (Peak 214.92M) | Time:00:00.23 | Mem:0.00M, Peak:0.00M | Scene, ViewLayer | Synchronizing object | aeron-primary :: rear central back carrier
Fra:1 Mem:213.85M (Peak 214.92M) | Time:00:00.23 | Mem:0.00M, Peak:0.00M | Scene, ViewLayer | Synchronizing object | visitor-chair::side seat rail.001
Fra:1 Mem:213.85M (Peak 214.92M) | Time:00:00.23 | Mem:0.00M, Peak:0.00M | Scene, ViewLayer | Synchronizing object | aeron-primary :: reference lumbar support
Fra:1 Mem:213.85M (Peak 214.92M) | Time:00:00.23 | Mem:0.00M, Peak:0.00M | Scene, ViewLayer | Synchronizing object | aeron-primary :: seat hinge and back carrier -1
Fra:1 Mem:213.85M (Peak 214.92M) | Time:00:00.23 | Mem:0.00M, Peak:0.00M | Scene, ViewLayer | Synchronizing object | visitor-chair::rear walnut leg.001
Fra:1 Mem:213.85M (Peak 214.92M) | Time:00:00.23 | Mem:0.00M, Peak:0.00M | Scene, ViewLayer | Synchronizing object | aeron-primary :: seat pivot cap -1
Fra:1 Mem:213.89M (Peak 214.92M) | Time:00:00.23 | Mem:0.00M, Peak:0.00M | Scene, ViewLayer | Synchronizing object | visitor-chair::front walnut leg.001
Fra:1 Mem:213.90M (Peak 214.92M) | Time:00:00.23 | Mem:0.00M, Peak:0.00M | Scene, ViewLayer | Synchronizing object | aeron-primary :: adjustable arm support -1
Fra:1 Mem:213.90M (Peak 214.92M) | Time:00:00.23 | Mem:0.00M, Peak:0.00M | Scene, ViewLayer | Synchronizing object | visitor-chair::rounded walnut arm.001
Fra:1 Mem:213.90M (Peak 214.92M) | Time:00:00.23 | Mem:0.00M, Peak:0.00M | Scene, ViewLayer | Synchronizing object | aeron-primary :: gray arm pad -1
Fra:1 Mem:213.95M (Peak 214.92M) | Time:00:00.23 | Mem:0.00M, Peak:0.00M | Scene, ViewLayer | Synchronizing object | aeron-primary :: seat hinge and back carrier 1
Fra:1 Mem:213.95M (Peak 214.92M) | Time:00:00.23 | Mem:0.00M, Peak:0.00M | Scene, ViewLayer | Synchronizing object | aeron-primary :: seat pivot cap 1
Fra:1 Mem:213.99M (Peak 214.92M) | Time:00:00.23 | Mem:0.00M, Peak:0.00M | Scene, ViewLayer | Synchronizing object | visitor-chair::side seat rail
Fra:1 Mem:213.99M (Peak 214.92M) | Time:00:00.23 | Mem:0.00M, Peak:0.00M | Scene, ViewLayer | Synchronizing object | aeron-primary :: adjustable arm support 1
Fra:1 Mem:214.00M (Peak 214.92M) | Time:00:00.23 | Mem:0.00M, Peak:0.00M | Scene, ViewLayer | Synchronizing object | aeron-primary :: gray arm pad 1
Fra:1 Mem:214.03M (Peak 214.92M) | Time:00:00.23 | Mem:0.00M, Peak:0.00M | Scene, ViewLayer | Synchronizing object | visitor-chair::rear walnut leg
Fra:1 Mem:214.04M (Peak 214.92M) | Time:00:00.23 | Mem:0.00M, Peak:0.00M | Scene, ViewLayer | Synchronizing object | standing-main-desk::cable_door_lid
Fra:1 Mem:214.04M (Peak 214.92M) | Time:00:00.23 | Mem:0.00M, Peak:0.00M | Scene, ViewLayer | Synchronizing object | visitor-chair::front walnut leg
Fra:1 Mem:214.08M (Peak 214.92M) | Time:00:00.23 | Mem:0.00M, Peak:0.00M | Scene, ViewLayer | Synchronizing object | visitor-chair::rounded walnut arm
Fra:1 Mem:214.41M (Peak 214.92M) | Time:00:00.23 | Mem:0.00M, Peak:0.00M | Scene, ViewLayer | Synchronizing object | visitor-chair::rounded sloping boucle back
Fra:1 Mem:214.42M (Peak 214.92M) | Time:00:00.23 | Mem:0.00M, Peak:0.00M | Scene, ViewLayer | Synchronizing object | visitor-chair::rounded boucle seat
Fra:1 Mem:214.44M (Peak 214.92M) | Time:00:00.23 | Mem:0.00M, Peak:0.00M | Scene, ViewLayer | Synchronizing object | standing-main-desk::frame_rail_front
Fra:1 Mem:219.57M (Peak 220.53M) | Time:00:00.23 | Mem:0.00M, Peak:0.00M | Scene, ViewLayer | Synchronizing object | standing-main-desk::lifting_column_right_inner_stage
Fra:1 Mem:224.36M (Peak 228.23M) | Time:00:00.27 | Mem:0.00M, Peak:0.00M | Scene, ViewLayer | Synchronizing object | standing-main-desk::frame_cover_right
Fra:1 Mem:227.28M (Peak 229.27M) | Time:00:00.28 | Mem:0.00M, Peak:0.00M | Scene, ViewLayer | Synchronizing object | standing-main-desk::desktop_bracket_right
Fra:1 Mem:225.69M (Peak 231.02M) | Time:00:00.29 | Mem:0.00M, Peak:0.00M | Scene, ViewLayer | Synchronizing object | standing-main-desk::leveling_glide_left_front
Fra:1 Mem:226.38M (Peak 231.02M) | Time:00:00.30 | Mem:0.00M, Peak:0.00M | Scene, ViewLayer | Synchronizing object | standing-main-desk::leveling_glide_right_rear
Fra:1 Mem:225.20M (Peak 231.02M) | Time:00:00.30 | Mem:0.00M, Peak:0.00M | Scene, ViewLayer | Synchronizing object | standing-main-desk::lifting_column_right_middle_stage
Fra:1 Mem:227.20M (Peak 231.02M) | Time:00:00.31 | Mem:0.00M, Peak:0.00M | Scene, ViewLayer | Synchronizing object | standing-main-desk::lifting_column_left_head
Fra:1 Mem:233.58M (Peak 243.26M) | Time:00:00.36 | Mem:0.00M, Peak:0.00M | Scene, ViewLayer | Synchronizing object | standing-main-desk::lifting_column_right_outer_stage
Fra:1 Mem:236.80M (Peak 243.26M) | Time:00:00.37 | Mem:0.00M, Peak:0.00M | Scene, ViewLayer | Synchronizing object | standing-main-desk::foot_right
Fra:1 Mem:241.78M (Peak 244.49M) | Time:00:00.39 | Mem:0.00M, Peak:0.00M | Scene, ViewLayer | Synchronizing object | standing-main-desk::lifting_column_left_inner_stage
Fra:1 Mem:237.85M (Peak 244.60M) | Time:00:00.40 | Mem:0.00M, Peak:0.00M | Scene, ViewLayer | Synchronizing object | standing-main-desk::frame_rail_rear
Fra:1 Mem:242.42M (Peak 247.63M) | Time:00:00.42 | Mem:0.00M, Peak:0.00M | Scene, ViewLayer | Synchronizing object | standing-main-desk::lifting_column_left_middle_stage
Fra:1 Mem:242.21M (Peak 247.63M) | Time:00:00.43 | Mem:0.00M, Peak:0.00M | Scene, ViewLayer | Synchronizing object | standing-main-desk::desktop
Fra:1 Mem:244.11M (Peak 248.40M) | Time:00:00.46 | Mem:0.00M, Peak:0.00M | Scene, ViewLayer | Synchronizing object | standing-main-desk::foot_left
Fra:1 Mem:246.86M (Peak 249.69M) | Time:00:00.49 | Mem:0.00M, Peak:0.00M | Scene, ViewLayer | Synchronizing object | standing-main-desk::desktop_bracket_left
Fra:1 Mem:244.76M (Peak 249.69M) | Time:00:00.49 | Mem:0.00M, Peak:0.00M | Scene, ViewLayer | Synchronizing object | standing-main-desk::keypad_controls
Fra:1 Mem:247.30M (Peak 249.69M) | Time:00:00.50 | Mem:0.00M, Peak:0.00M | Scene, ViewLayer | Synchronizing object | standing-main-desk::frame_end_left
Fra:1 Mem:248.70M (Peak 251.77M) | Time:00:00.52 | Mem:0.00M, Peak:0.00M | Scene, ViewLayer | Synchronizing object | standing-main-desk::frame_end_right
Fra:1 Mem:273.82M (Peak 292.17M) | Time:00:00.70 | Mem:0.00M, Peak:0.00M | Scene, ViewLayer | Synchronizing object | standing-main-desk::leveling_glide_left_rear
Fra:1 Mem:282.13M (Peak 292.17M) | Time:00:00.71 | Mem:0.00M, Peak:0.00M | Scene, ViewLayer | Synchronizing object | standing-main-desk::cable_door
Fra:1 Mem:282.76M (Peak 292.17M) | Time:00:00.71 | Mem:0.00M, Peak:0.00M | Scene, ViewLayer | Synchronizing object | standing-main-desk::lifting_column_right_head
Fra:1 Mem:276.89M (Peak 295.91M) | Time:00:00.76 | Mem:0.00M, Peak:0.00M | Scene, ViewLayer | Synchronizing object | standing-main-desk::cable_door_brush
Fra:1 Mem:276.89M (Peak 295.91M) | Time:00:00.76 | Mem:0.00M, Peak:0.00M | Scene, ViewLayer | Synchronizing object | standing-main-desk::control_box
Fra:1 Mem:270.33M (Peak 295.91M) | Time:00:00.76 | Mem:0.00M, Peak:0.00M | Scene, ViewLayer | Synchronizing object | standing-main-desk::frame_cover_left
Fra:1 Mem:281.40M (Peak 295.91M) | Time:00:00.79 | Mem:0.00M, Peak:0.00M | Scene, ViewLayer | Synchronizing object | standing-main-desk::leveling_glide_right_front
Fra:1 Mem:282.89M (Peak 295.91M) | Time:00:00.79 | Mem:0.00M, Peak:0.00M | Scene, ViewLayer | Synchronizing object | standing-main-desk::felt_cable_organizer
Fra:1 Mem:283.24M (Peak 295.91M) | Time:00:00.79 | Mem:0.00M, Peak:0.00M | Scene, ViewLayer | Synchronizing object | standing-main-desk::keypad
Fra:1 Mem:287.96M (Peak 300.09M) | Time:00:00.91 | Mem:0.00M, Peak:0.00M | Scene, ViewLayer | Synchronizing object | standing-main-desk::lifting_column_left_outer_stage
Fra:1 Mem:283.70M (Peak 300.09M) | Time:00:00.97 | Mem:0.00M, Peak:0.00M | Scene, ViewLayer | Initializing
Fra:1 Mem:280.34M (Peak 300.09M) | Time:00:00.98 | Mem:0.00M, Peak:0.00M | Scene, ViewLayer | Updating Images | Loading dan-hobday-richmond-70x100-official.jpg
Fra:1 Mem:291.02M (Peak 300.09M) | Time:00:00.98 | Mem:0.00M, Peak:0.00M | Scene, ViewLayer | Updating Images | Loading wood-upper.png
Fra:1 Mem:293.04M (Peak 300.09M) | Time:00:01.01 | Mem:2.00M, Peak:2.00M | Scene, ViewLayer | Updating Images | Loading brick-upper.png
Fra:1 Mem:295.04M (Peak 300.09M) | Time:00:01.06 | Mem:4.00M, Peak:4.00M | Scene, ViewLayer | Updating Images | Loading rift-6x9.jpg
Fra:1 Mem:307.37M (Peak 377.44M) | Time:00:01.35 | Mem:42.15M, Peak:42.15M | Scene, ViewLayer | Waiting for render to start
Fra:1 Mem:307.37M (Peak 377.44M) | Time:00:01.35 | Mem:42.15M, Peak:42.15M | Scene, ViewLayer | Loading render kernels (may take a few minutes the first time)
Fra:1 Mem:307.37M (Peak 377.44M) | Time:00:01.35 | Mem:42.15M, Peak:42.15M | Scene, ViewLayer | Updating Scene
Fra:1 Mem:307.37M (Peak 377.44M) | Time:00:01.35 | Mem:42.15M, Peak:42.15M | Scene, ViewLayer | Updating Shaders
Fra:1 Mem:307.49M (Peak 377.44M) | Time:00:01.35 | Mem:42.19M, Peak:42.19M | Scene, ViewLayer | Updating Procedurals
Fra:1 Mem:307.49M (Peak 377.44M) | Time:00:01.35 | Mem:42.19M, Peak:42.19M | Scene, ViewLayer | Updating Background
Fra:1 Mem:307.49M (Peak 377.44M) | Time:00:01.35 | Mem:42.19M, Peak:42.19M | Scene, ViewLayer | Updating Camera
Fra:1 Mem:307.49M (Peak 377.44M) | Time:00:01.35 | Mem:42.19M, Peak:42.19M | Scene, ViewLayer | Updating Meshes Flags
Fra:1 Mem:307.49M (Peak 377.44M) | Time:00:01.35 | Mem:42.19M, Peak:42.19M | Scene, ViewLayer | Updating Objects
Fra:1 Mem:307.49M (Peak 377.44M) | Time:00:01.35 | Mem:42.19M, Peak:42.19M | Scene, ViewLayer | Updating Objects | Copying Transformations to device
Fra:1 Mem:307.60M (Peak 377.44M) | Time:00:01.35 | Mem:42.29M, Peak:42.29M | Scene, ViewLayer | Updating Objects | Applying Static Transformations
Fra:1 Mem:307.60M (Peak 377.44M) | Time:00:01.36 | Mem:42.29M, Peak:42.29M | Scene, ViewLayer | Updating Particle Systems
Fra:1 Mem:307.60M (Peak 377.44M) | Time:00:01.36 | Mem:42.29M, Peak:42.29M | Scene, ViewLayer | Updating Particle Systems | Copying Particles to device
Fra:1 Mem:307.60M (Peak 377.44M) | Time:00:01.36 | Mem:42.29M, Peak:42.29M | Scene, ViewLayer | Updating Meshes
Fra:1 Mem:327.80M (Peak 377.44M) | Time:00:01.39 | Mem:42.29M, Peak:42.29M | Scene, ViewLayer | Updating Mesh | Computing attributes
Fra:1 Mem:344.12M (Peak 377.44M) | Time:00:01.40 | Mem:42.31M, Peak:42.31M | Scene, ViewLayer | Updating Mesh | Copying Attributes to device
Fra:1 Mem:344.05M (Peak 377.44M) | Time:00:01.40 | Mem:58.54M, Peak:58.54M | Scene, ViewLayer | Updating Geometry BVH Original FADO source body component 1/1 | Building BVH
Fra:1 Mem:344.05M (Peak 377.44M) | Time:00:01.40 | Mem:59.00M, Peak:59.00M | Scene, ViewLayer | Updating Geometry BVH Original FADO source body component 1/1 | Building BVH 0%
Fra:1 Mem:344.05M (Peak 377.44M) | Time:00:01.40 | Mem:59.45M, Peak:59.90M | Scene, ViewLayer | Updating Scene BVH | Building
Fra:1 Mem:344.06M (Peak 377.44M) | Time:00:01.40 | Mem:59.45M, Peak:59.90M | Scene, ViewLayer | Updating Scene BVH | Building BVH
Fra:1 Mem:344.06M (Peak 377.44M) | Time:00:01.65 | Mem:137.39M, Peak:137.39M | Scene, ViewLayer | Updating Scene BVH | Building BVH 43%
Fra:1 Mem:344.06M (Peak 377.44M) | Time:00:01.86 | Mem:145.45M, Peak:185.39M | Scene, ViewLayer | Updating Scene BVH | Copying BVH to device
Fra:1 Mem:344.06M (Peak 377.44M) | Time:00:01.86 | Mem:145.45M, Peak:185.39M | Scene, ViewLayer | Updating Mesh | Computing normals
Fra:1 Mem:412.57M (Peak 412.57M) | Time:00:01.89 | Mem:145.45M, Peak:185.39M | Scene, ViewLayer | Updating Mesh | Copying Mesh to device
Fra:1 Mem:412.57M (Peak 412.57M) | Time:00:01.89 | Mem:213.96M, Peak:213.96M | Scene, ViewLayer | Updating Objects Flags
Fra:1 Mem:412.57M (Peak 412.57M) | Time:00:01.89 | Mem:213.97M, Peak:213.97M | Scene, ViewLayer | Updating Primitive Offsets
Fra:1 Mem:412.58M (Peak 412.58M) | Time:00:01.89 | Mem:213.97M, Peak:213.97M | Scene, ViewLayer | Updating Images
Fra:1 Mem:412.58M (Peak 412.58M) | Time:00:01.89 | Mem:213.97M, Peak:213.97M | Scene, ViewLayer | Updating Camera Volume
Fra:1 Mem:412.58M (Peak 412.58M) | Time:00:01.89 | Mem:213.97M, Peak:213.97M | Scene, ViewLayer | Updating Lookup Tables
Fra:1 Mem:412.58M (Peak 412.58M) | Time:00:01.89 | Mem:214.05M, Peak:214.05M | Scene, ViewLayer | Updating Lights
Fra:1 Mem:412.58M (Peak 412.58M) | Time:00:01.89 | Mem:214.05M, Peak:214.05M | Scene, ViewLayer | Updating Lights | Computing tree
Fra:1 Mem:412.65M (Peak 412.65M) | Time:00:01.89 | Mem:214.12M, Peak:214.12M | Scene, ViewLayer | Updating Integrator
Fra:1 Mem:412.65M (Peak 412.65M) | Time:00:01.89 | Mem:214.12M, Peak:214.12M | Scene, ViewLayer | Updating Film
Fra:1 Mem:412.65M (Peak 412.65M) | Time:00:01.89 | Mem:214.04M, Peak:214.12M | Scene, ViewLayer | Updating Lookup Tables
Fra:1 Mem:412.65M (Peak 412.65M) | Time:00:01.89 | Mem:214.12M, Peak:214.12M | Scene, ViewLayer | Updating Baking
Fra:1 Mem:412.65M (Peak 412.65M) | Time:00:01.89 | Mem:214.12M, Peak:214.12M | Scene, ViewLayer | Updating Device | Writing constant memory
Fra:1 Mem:412.66M (Peak 412.66M) | Time:00:01.89 | Mem:214.12M, Peak:214.12M | Scene, ViewLayer | Sample 0/64
Fra:1 Mem:462.10M (Peak 462.10M) | Time:00:09.63 | Remaining:08:07.41 | Mem:263.57M, Peak:263.57M | Scene, ViewLayer | Sample 1/64
Fra:1 Mem:462.10M (Peak 462.10M) | Time:00:40.60 | Remaining:07:36.79 | Mem:263.57M, Peak:263.57M | Scene, ViewLayer | Sample 5/64
Fra:1 Mem:462.10M (Peak 462.10M) | Time:01:07.35 | Remaining:06:40.07 | Mem:263.57M, Peak:263.57M | Scene, ViewLayer | Sample 9/64
Fra:1 Mem:462.10M (Peak 462.10M) | Time:01:34.88 | Remaining:06:04.82 | Mem:263.57M, Peak:263.57M | Scene, ViewLayer | Sample 13/64
Fra:1 Mem:462.10M (Peak 462.10M) | Time:02:00.73 | Remaining:05:28.55 | Mem:263.57M, Peak:263.57M | Scene, ViewLayer | Sample 17/64
Fra:1 Mem:462.10M (Peak 462.10M) | Time:02:23.14 | Remaining:04:49.23 | Mem:263.57M, Peak:263.57M | Scene, ViewLayer | Sample 21/64
Fra:1 Mem:462.10M (Peak 462.10M) | Time:02:45.31 | Remaining:04:14.94 | Mem:263.57M, Peak:263.57M | Scene, ViewLayer | Sample 25/64
Fra:1 Mem:462.10M (Peak 462.10M) | Time:03:17.78 | Remaining:03:56.42 | Mem:263.57M, Peak:263.57M | Scene, ViewLayer | Sample 29/64
Fra:1 Mem:462.10M (Peak 462.10M) | Time:03:43.01 | Remaining:03:41.12 | Mem:263.57M, Peak:263.57M | Scene, ViewLayer | Sample 32/64
Fra:1 Mem:462.10M (Peak 462.10M) | Time:04:17.88 | Remaining:03:19.10 | Mem:263.57M, Peak:263.57M | Scene, ViewLayer | Sample 36/64
Fra:1 Mem:462.10M (Peak 462.10M) | Time:04:49.32 | Remaining:02:52.46 | Mem:263.57M, Peak:263.57M | Scene, ViewLayer | Sample 40/64
Fra:1 Mem:462.10M (Peak 462.10M) | Time:05:19.37 | Remaining:02:24.30 | Mem:263.57M, Peak:263.57M | Scene, ViewLayer | Sample 44/64
Fra:1 Mem:462.10M (Peak 462.10M) | Time:05:50.02 | Remaining:01:56.04 | Mem:263.57M, Peak:263.57M | Scene, ViewLayer | Sample 48/64
Fra:1 Mem:462.10M (Peak 462.10M) | Time:06:19.08 | Remaining:01:27.04 | Mem:263.57M, Peak:263.57M | Scene, ViewLayer | Sample 52/64
Fra:1 Mem:462.10M (Peak 462.10M) | Time:06:50.40 | Remaining:00:58.35 | Mem:263.57M, Peak:263.57M | Scene, ViewLayer | Sample 56/64
Fra:1 Mem:462.10M (Peak 462.10M) | Time:07:19.73 | Remaining:00:29.18 | Mem:263.57M, Peak:263.57M | Scene, ViewLayer | Sample 60/64
Fra:1 Mem:484.08M (Peak 528.02M) | Time:07:49.08 | Mem:263.57M, Peak:263.57M | Scene, ViewLayer | Sample 64/64
Fra:1 Mem:484.08M (Peak 528.02M) | Time:07:49.08 | Mem:263.57M, Peak:263.57M | Scene, ViewLayer | Finished
Saved: '/workspace/his-office-pinterest/variants/c-ink-studio/model/renders/room-c.jpg'
Time: 07:49.42 (Saving: 00:00.32)

VIEW_READY c-ink-studio room-c

Blender quit
