Blender 4.3.2
Read blend: "/workspace/his-office-pinterest/variants/b-charcoal-slat/model/his-office-design.blend"
Fra:1 Mem:160.26M (Peak 160.40M) | Time:00:00.17 | Mem:0.00M, Peak:0.00M | Scene, ViewLayer | Synchronizing object | architecture_ceiling — his-office
Fra:1 Mem:160.27M (Peak 160.40M) | Time:00:00.17 | Mem:0.00M, Peak:0.00M | Scene, ViewLayer | Synchronizing object | architecture_floor — his-office
Fra:1 Mem:160.27M (Peak 160.40M) | Time:00:00.17 | Mem:0.00M, Peak:0.00M | Scene, ViewLayer | Synchronizing object | his-office wall0 segment
Fra:1 Mem:160.27M (Peak 160.40M) | Time:00:00.17 | Mem:0.00M, Peak:0.00M | Scene, ViewLayer | Synchronizing object | his-office wall2 segment
Fra:1 Mem:160.27M (Peak 160.40M) | Time:00:00.17 | Mem:0.00M, Peak:0.00M | Scene, ViewLayer | Synchronizing object | his-office wall4 segment
Fra:1 Mem:160.27M (Peak 160.40M) | Time:00:00.17 | Mem:0.00M, Peak:0.00M | Scene, ViewLayer | Synchronizing object | his-office wall5 corrected solid 0
Fra:1 Mem:160.27M (Peak 160.40M) | Time:00:00.17 | Mem:0.00M, Peak:0.00M | Scene, ViewLayer | Synchronizing object | his-office wall5 corrected bottom 1
Fra:1 Mem:160.27M (Peak 160.40M) | Time:00:00.17 | Mem:0.00M, Peak:0.00M | Scene, ViewLayer | Synchronizing object | his-office wall5 corrected head 1
Fra:1 Mem:160.27M (Peak 160.40M) | Time:00:00.17 | Mem:0.00M, Peak:0.00M | Scene, ViewLayer | Synchronizing object | his-office wall5 corrected solid 2
Fra:1 Mem:160.27M (Peak 160.40M) | Time:00:00.17 | Mem:0.00M, Peak:0.00M | Scene, ViewLayer | Synchronizing object | his-office wall5 corrected bottom 3
Fra:1 Mem:160.27M (Peak 160.40M) | Time:00:00.17 | Mem:0.00M, Peak:0.00M | Scene, ViewLayer | Synchronizing object | his-office wall5 corrected head 3
Fra:1 Mem:160.28M (Peak 160.40M) | Time:00:00.17 | Mem:0.00M, Peak:0.00M | Scene, ViewLayer | Synchronizing object | his-office wall5 corrected solid 4
Fra:1 Mem:160.28M (Peak 160.40M) | Time:00:00.17 | Mem:0.00M, Peak:0.00M | Scene, ViewLayer | Synchronizing object | his-office wall3 — lower-Y side
Fra:1 Mem:160.28M (Peak 160.40M) | Time:00:00.17 | Mem:0.00M, Peak:0.00M | Scene, ViewLayer | Synchronizing object | his-office wall3 — upper-Y side
Fra:1 Mem:160.28M (Peak 160.40M) | Time:00:00.17 | Mem:0.00M, Peak:0.00M | Scene, ViewLayer | Synchronizing object | his-office wall3 — head continuation
Fra:1 Mem:160.28M (Peak 160.40M) | Time:00:00.17 | Mem:0.00M, Peak:0.00M | Scene, ViewLayer | Synchronizing object | his-office wall3 — below floor continuation
Fra:1 Mem:160.28M (Peak 160.40M) | Time:00:00.17 | Mem:0.00M, Peak:0.00M | Scene, ViewLayer | Synchronizing object | his-office wall1 — lower-Y side
Fra:1 Mem:160.28M (Peak 160.40M) | Time:00:00.17 | Mem:0.00M, Peak:0.00M | Scene, ViewLayer | Synchronizing object | his-office wall1 — upper-Y side
Fra:1 Mem:160.28M (Peak 160.40M) | Time:00:00.17 | Mem:0.00M, Peak:0.00M | Scene, ViewLayer | Synchronizing object | his-office wall1 — head continuation
Fra:1 Mem:160.28M (Peak 160.40M) | Time:00:00.17 | Mem:0.00M, Peak:0.00M | Scene, ViewLayer | Synchronizing object | his-office wall1 — below floor continuation
Fra:1 Mem:160.29M (Peak 160.40M) | Time:00:00.17 | Mem:0.00M, Peak:0.00M | Scene, ViewLayer | Synchronizing object | Observed brick chimney projection
Fra:1 Mem:160.30M (Peak 160.40M) | Time:00:00.17 | Mem:0.00M, Peak:0.00M | Scene, ViewLayer | Synchronizing object | Local floor continuation to observed brick face
Fra:1 Mem:160.30M (Peak 160.40M) | Time:00:00.17 | Mem:0.00M, Peak:0.00M | Scene, ViewLayer | Synchronizing object | Observed single-window glazing
Fra:1 Mem:160.31M (Peak 160.40M) | Time:00:00.17 | Mem:0.00M, Peak:0.00M | Scene, ViewLayer | Synchronizing object | Observed single-window vertical trim
Fra:1 Mem:160.33M (Peak 160.40M) | Time:00:00.17 | Mem:0.00M, Peak:0.00M | Scene, ViewLayer | Synchronizing object | Observed single-window vertical trim.001
Fra:1 Mem:160.34M (Peak 160.40M) | Time:00:00.17 | Mem:0.00M, Peak:0.00M | Scene, ViewLayer | Synchronizing object | Observed single-window horizontal trim
Fra:1 Mem:160.36M (Peak 160.40M) | Time:00:00.17 | Mem:0.00M, Peak:0.00M | Scene, ViewLayer | Synchronizing object | Observed single-window horizontal trim.001
Fra:1 Mem:160.37M (Peak 160.40M) | Time:00:00.17 | Mem:0.00M, Peak:0.00M | Scene, ViewLayer | Synchronizing object | Observed single-window horizontal trim.002
Fra:1 Mem:160.38M (Peak 160.40M) | Time:00:00.17 | Mem:0.00M, Peak:0.00M | Scene, ViewLayer | Synchronizing object | Observed single-window projecting sill
Fra:1 Mem:160.40M (Peak 160.40M) | Time:00:00.17 | Mem:0.00M, Peak:0.00M | Scene, ViewLayer | Synchronizing object | Observed single-window sill apron
Fra:1 Mem:160.41M (Peak 160.41M) | Time:00:00.17 | Mem:0.00M, Peak:0.00M | Scene, ViewLayer | Synchronizing object | Existing closet frame jamb
Fra:1 Mem:160.43M (Peak 160.43M) | Time:00:00.17 | Mem:0.00M, Peak:0.00M | Scene, ViewLayer | Synchronizing object | Existing closet frame jamb.001
Fra:1 Mem:160.44M (Peak 160.44M) | Time:00:00.17 | Mem:0.00M, Peak:0.00M | Scene, ViewLayer | Synchronizing object | Existing closet frame header
Fra:1 Mem:160.46M (Peak 160.46M) | Time:00:00.17 | Mem:0.00M, Peak:0.00M | Scene, ViewLayer | Synchronizing object | Existing closet transom
Fra:1 Mem:160.47M (Peak 160.47M) | Time:00:00.17 | Mem:0.00M, Peak:0.00M | Scene, ViewLayer | Synchronizing object | Existing overhead cupboard frame jamb
Fra:1 Mem:160.49M (Peak 160.49M) | Time:00:00.17 | Mem:0.00M, Peak:0.00M | Scene, ViewLayer | Synchronizing object | Existing overhead cupboard frame jamb.001
Fra:1 Mem:160.50M (Peak 160.50M) | Time:00:00.17 | Mem:0.00M, Peak:0.00M | Scene, ViewLayer | Synchronizing object | Existing overhead cupboard frame header
Fra:1 Mem:160.51M (Peak 160.51M) | Time:00:00.17 | Mem:0.00M, Peak:0.00M | Scene, ViewLayer | Synchronizing object | Existing overhead cupboard panel
Fra:1 Mem:160.53M (Peak 160.53M) | Time:00:00.17 | Mem:0.00M, Peak:0.00M | Scene, ViewLayer | Synchronizing object | Existing cupboard metal latch
Fra:1 Mem:160.54M (Peak 160.54M) | Time:00:00.17 | Mem:0.00M, Peak:0.00M | Scene, ViewLayer | Synchronizing object | Existing living-entry frame jamb
Fra:1 Mem:160.56M (Peak 160.56M) | Time:00:00.17 | Mem:0.00M, Peak:0.00M | Scene, ViewLayer | Synchronizing object | Existing living-entry frame jamb.001
Fra:1 Mem:160.57M (Peak 160.57M) | Time:00:00.17 | Mem:0.00M, Peak:0.00M | Scene, ViewLayer | Synchronizing object | Existing living-entry frame header
Fra:1 Mem:160.59M (Peak 160.59M) | Time:00:00.17 | Mem:0.00M, Peak:0.00M | Scene, ViewLayer | Synchronizing object | Existing exterior-door frame jamb
Fra:1 Mem:160.60M (Peak 160.60M) | Time:00:00.17 | Mem:0.00M, Peak:0.00M | Scene, ViewLayer | Synchronizing object | Existing exterior-door frame jamb.001
Fra:1 Mem:160.61M (Peak 160.61M) | Time:00:00.17 | Mem:0.00M, Peak:0.00M | Scene, ViewLayer | Synchronizing object | Existing exterior-door frame header
Fra:1 Mem:160.63M (Peak 160.63M) | Time:00:00.17 | Mem:0.00M, Peak:0.00M | Scene, ViewLayer | Synchronizing object | Existing cast-iron radiator section
Fra:1 Mem:160.64M (Peak 160.64M) | Time:00:00.17 | Mem:0.00M, Peak:0.00M | Scene, ViewLayer | Synchronizing object | Existing cast-iron radiator section.001
Fra:1 Mem:160.66M (Peak 160.66M) | Time:00:00.17 | Mem:0.00M, Peak:0.00M | Scene, ViewLayer | Synchronizing object | Existing cast-iron radiator section.002
Fra:1 Mem:160.67M (Peak 160.67M) | Time:00:00.17 | Mem:0.00M, Peak:0.00M | Scene, ViewLayer | Synchronizing object | Existing cast-iron radiator section.003
Fra:1 Mem:160.69M (Peak 160.69M) | Time:00:00.17 | Mem:0.00M, Peak:0.00M | Scene, ViewLayer | Synchronizing object | Existing cast-iron radiator section.004
Fra:1 Mem:160.70M (Peak 160.70M) | Time:00:00.17 | Mem:0.00M, Peak:0.00M | Scene, ViewLayer | Synchronizing object | Existing cast-iron radiator section.005
Fra:1 Mem:160.71M (Peak 160.71M) | Time:00:00.17 | Mem:0.00M, Peak:0.00M | Scene, ViewLayer | Synchronizing object | Existing cast-iron radiator section.006
Fra:1 Mem:160.73M (Peak 160.73M) | Time:00:00.17 | Mem:0.00M, Peak:0.00M | Scene, ViewLayer | Synchronizing object | Existing cast-iron radiator section.007
Fra:1 Mem:160.74M (Peak 160.74M) | Time:00:00.17 | Mem:0.00M, Peak:0.00M | Scene, ViewLayer | Synchronizing object | Existing cast-iron radiator section.008
Fra:1 Mem:160.76M (Peak 160.76M) | Time:00:00.17 | Mem:0.00M, Peak:0.00M | Scene, ViewLayer | Synchronizing object | Existing radiator foot
Fra:1 Mem:160.77M (Peak 160.77M) | Time:00:00.17 | Mem:0.00M, Peak:0.00M | Scene, ViewLayer | Synchronizing object | Existing radiator foot.001
Fra:1 Mem:160.79M (Peak 160.79M) | Time:00:00.17 | Mem:0.00M, Peak:0.00M | Scene, ViewLayer | Synchronizing object | Existing radiator horizontal connection
Fra:1 Mem:160.80M (Peak 160.80M) | Time:00:00.17 | Mem:0.00M, Peak:0.00M | Scene, ViewLayer | Synchronizing object | Existing radiator horizontal connection.001
Fra:1 Mem:160.82M (Peak 160.82M) | Time:00:00.17 | Mem:0.00M, Peak:0.00M | Scene, ViewLayer | Synchronizing object | Existing built-in shelf white back
Fra:1 Mem:160.83M (Peak 160.83M) | Time:00:00.17 | Mem:0.00M, Peak:0.00M | Scene, ViewLayer | Synchronizing object | Existing built-in shelf board
Fra:1 Mem:160.84M (Peak 160.84M) | Time:00:00.17 | Mem:0.00M, Peak:0.00M | Scene, ViewLayer | Synchronizing object | Existing built-in shelf board.001
Fra:1 Mem:160.86M (Peak 160.86M) | Time:00:00.17 | Mem:0.00M, Peak:0.00M | Scene, ViewLayer | Synchronizing object | Existing built-in shelf board.002
Fra:1 Mem:160.87M (Peak 160.87M) | Time:00:00.17 | Mem:0.00M, Peak:0.00M | Scene, ViewLayer | Synchronizing object | Existing built-in shelf board.003
Fra:1 Mem:160.89M (Peak 160.89M) | Time:00:00.17 | Mem:0.00M, Peak:0.00M | Scene, ViewLayer | Synchronizing object | Existing built-in shelf board.004
Fra:1 Mem:160.90M (Peak 160.90M) | Time:00:00.17 | Mem:0.00M, Peak:0.00M | Scene, ViewLayer | Synchronizing object | Existing built-in shelf board.005
Fra:1 Mem:160.92M (Peak 160.92M) | Time:00:00.17 | Mem:0.00M, Peak:0.00M | Scene, ViewLayer | Synchronizing object | Existing rear vertical white pipe
Fra:1 Mem:160.93M (Peak 160.93M) | Time:00:00.17 | Mem:0.00M, Peak:0.00M | Scene, ViewLayer | Synchronizing object | Observed recessed white arched fireplace infill
Fra:1 Mem:160.94M (Peak 160.94M) | Time:00:00.17 | Mem:0.00M, Peak:0.00M | Scene, ViewLayer | Synchronizing object | Existing entry thermostat
Fra:1 Mem:160.95M (Peak 160.95M) | Time:00:00.17 | Mem:0.00M, Peak:0.00M | Scene, ViewLayer | Synchronizing object | Existing entry small wall control
Fra:1 Mem:160.97M (Peak 160.97M) | Time:00:00.17 | Mem:0.00M, Peak:0.00M | Scene, ViewLayer | Synchronizing object | Sky outside window
Fra:1 Mem:160.97M (Peak 160.97M) | Time:00:00.17 | Mem:0.00M, Peak:0.00M | Scene, ViewLayer | Synchronizing object | secondary-workspace::official alex-drawers part0
Fra:1 Mem:165.05M (Peak 165.05M) | Time:00:00.20 | Mem:0.00M, Peak:0.00M | Scene, ViewLayer | Synchronizing object | WoodUpp panel5 vertical BlackAsh slat15
Fra:1 Mem:165.07M (Peak 165.07M) | Time:00:00.20 | Mem:0.00M, Peak:0.00M | Scene, ViewLayer | Synchronizing object | WoodUpp panel5 vertical BlackAsh slat14
Fra:1 Mem:165.08M (Peak 165.08M) | Time:00:00.20 | Mem:0.00M, Peak:0.00M | Scene, ViewLayer | Synchronizing object | WoodUpp panel5 vertical BlackAsh slat13
Fra:1 Mem:165.10M (Peak 165.10M) | Time:00:00.20 | Mem:0.00M, Peak:0.00M | Scene, ViewLayer | Synchronizing object | WoodUpp panel5 vertical BlackAsh slat12
Fra:1 Mem:165.11M (Peak 165.11M) | Time:00:00.20 | Mem:0.00M, Peak:0.00M | Scene, ViewLayer | Synchronizing object | WoodUpp panel5 vertical BlackAsh slat11
Fra:1 Mem:165.13M (Peak 165.13M) | Time:00:00.20 | Mem:0.00M, Peak:0.00M | Scene, ViewLayer | Synchronizing object | WoodUpp panel5 vertical BlackAsh slat10
Fra:1 Mem:165.14M (Peak 165.14M) | Time:00:00.20 | Mem:0.00M, Peak:0.00M | Scene, ViewLayer | Synchronizing object | WoodUpp panel5 vertical BlackAsh slat9
Fra:1 Mem:165.16M (Peak 165.16M) | Time:00:00.20 | Mem:0.00M, Peak:0.00M | Scene, ViewLayer | Synchronizing object | WoodUpp panel5 vertical BlackAsh slat8
Fra:1 Mem:165.17M (Peak 165.17M) | Time:00:00.20 | Mem:0.00M, Peak:0.00M | Scene, ViewLayer | Synchronizing object | WoodUpp panel5 vertical BlackAsh slat7
Fra:1 Mem:165.18M (Peak 165.18M) | Time:00:00.20 | Mem:0.00M, Peak:0.00M | Scene, ViewLayer | Synchronizing object | WoodUpp panel5 vertical BlackAsh slat6
Fra:1 Mem:165.20M (Peak 165.20M) | Time:00:00.20 | Mem:0.00M, Peak:0.00M | Scene, ViewLayer | Synchronizing object | WoodUpp panel5 vertical BlackAsh slat5
Fra:1 Mem:165.21M (Peak 165.21M) | Time:00:00.20 | Mem:0.00M, Peak:0.00M | Scene, ViewLayer | Synchronizing object | WoodUpp panel5 vertical BlackAsh slat4
Fra:1 Mem:165.23M (Peak 165.23M) | Time:00:00.20 | Mem:0.00M, Peak:0.00M | Scene, ViewLayer | Synchronizing object | WoodUpp panel5 vertical BlackAsh slat3
Fra:1 Mem:165.24M (Peak 165.24M) | Time:00:00.20 | Mem:0.00M, Peak:0.00M | Scene, ViewLayer | Synchronizing object | WoodUpp panel5 vertical BlackAsh slat2
Fra:1 Mem:165.26M (Peak 165.26M) | Time:00:00.20 | Mem:0.00M, Peak:0.00M | Scene, ViewLayer | Synchronizing object | WoodUpp panel5 vertical BlackAsh slat1
Fra:1 Mem:165.27M (Peak 165.27M) | Time:00:00.20 | Mem:0.00M, Peak:0.00M | Scene, ViewLayer | Synchronizing object | WoodUpp panel5 black felt
Fra:1 Mem:165.27M (Peak 165.27M) | Time:00:00.20 | Mem:0.00M, Peak:0.00M | Scene, ViewLayer | Synchronizing object | WoodUpp panel4 vertical BlackAsh slat15
Fra:1 Mem:165.29M (Peak 165.29M) | Time:00:00.20 | Mem:0.00M, Peak:0.00M | Scene, ViewLayer | Synchronizing object | WoodUpp panel4 vertical BlackAsh slat14
Fra:1 Mem:165.30M (Peak 165.30M) | Time:00:00.20 | Mem:0.00M, Peak:0.00M | Scene, ViewLayer | Synchronizing object | WoodUpp panel4 vertical BlackAsh slat13
Fra:1 Mem:165.31M (Peak 165.31M) | Time:00:00.20 | Mem:0.00M, Peak:0.00M | Scene, ViewLayer | Synchronizing object | WoodUpp panel4 vertical BlackAsh slat12
Fra:1 Mem:165.33M (Peak 165.33M) | Time:00:00.20 | Mem:0.00M, Peak:0.00M | Scene, ViewLayer | Synchronizing object | WoodUpp panel4 vertical BlackAsh slat11
Fra:1 Mem:165.34M (Peak 165.34M) | Time:00:00.20 | Mem:0.00M, Peak:0.00M | Scene, ViewLayer | Synchronizing object | WoodUpp panel4 vertical BlackAsh slat10
Fra:1 Mem:165.36M (Peak 165.36M) | Time:00:00.20 | Mem:0.00M, Peak:0.00M | Scene, ViewLayer | Synchronizing object | WoodUpp panel4 vertical BlackAsh slat9
Fra:1 Mem:165.37M (Peak 165.37M) | Time:00:00.20 | Mem:0.00M, Peak:0.00M | Scene, ViewLayer | Synchronizing object | WoodUpp panel4 vertical BlackAsh slat8
Fra:1 Mem:165.39M (Peak 165.39M) | Time:00:00.20 | Mem:0.00M, Peak:0.00M | Scene, ViewLayer | Synchronizing object | WoodUpp panel4 vertical BlackAsh slat7
Fra:1 Mem:165.40M (Peak 165.40M) | Time:00:00.20 | Mem:0.00M, Peak:0.00M | Scene, ViewLayer | Synchronizing object | WoodUpp panel4 vertical BlackAsh slat6
Fra:1 Mem:165.41M (Peak 165.41M) | Time:00:00.20 | Mem:0.00M, Peak:0.00M | Scene, ViewLayer | Synchronizing object | WoodUpp panel4 vertical BlackAsh slat5
Fra:1 Mem:165.43M (Peak 165.43M) | Time:00:00.20 | Mem:0.00M, Peak:0.00M | Scene, ViewLayer | Synchronizing object | WoodUpp panel4 vertical BlackAsh slat4
Fra:1 Mem:165.44M (Peak 165.44M) | Time:00:00.20 | Mem:0.00M, Peak:0.00M | Scene, ViewLayer | Synchronizing object | WoodUpp panel4 vertical BlackAsh slat3
Fra:1 Mem:165.46M (Peak 165.46M) | Time:00:00.20 | Mem:0.00M, Peak:0.00M | Scene, ViewLayer | Synchronizing object | WoodUpp panel4 vertical BlackAsh slat2
Fra:1 Mem:165.47M (Peak 165.47M) | Time:00:00.20 | Mem:0.00M, Peak:0.00M | Scene, ViewLayer | Synchronizing object | WoodUpp panel4 vertical BlackAsh slat1
Fra:1 Mem:165.49M (Peak 165.49M) | Time:00:00.20 | Mem:0.00M, Peak:0.00M | Scene, ViewLayer | Synchronizing object | WoodUpp panel4 black felt
Fra:1 Mem:165.49M (Peak 165.49M) | Time:00:00.20 | Mem:0.00M, Peak:0.00M | Scene, ViewLayer | Synchronizing object | WoodUpp panel3 vertical BlackAsh slat15
Fra:1 Mem:165.50M (Peak 165.50M) | Time:00:00.20 | Mem:0.00M, Peak:0.00M | Scene, ViewLayer | Synchronizing object | WoodUpp panel3 vertical BlackAsh slat14
Fra:1 Mem:165.52M (Peak 165.52M) | Time:00:00.20 | Mem:0.00M, Peak:0.00M | Scene, ViewLayer | Synchronizing object | WoodUpp panel3 vertical BlackAsh slat13
Fra:1 Mem:165.53M (Peak 165.53M) | Time:00:00.20 | Mem:0.00M, Peak:0.00M | Scene, ViewLayer | Synchronizing object | WoodUpp panel3 vertical BlackAsh slat12
Fra:1 Mem:165.55M (Peak 165.55M) | Time:00:00.20 | Mem:0.00M, Peak:0.00M | Scene, ViewLayer | Synchronizing object | WoodUpp panel3 vertical BlackAsh slat11
Fra:1 Mem:165.56M (Peak 165.56M) | Time:00:00.20 | Mem:0.00M, Peak:0.00M | Scene, ViewLayer | Synchronizing object | WoodUpp panel3 vertical BlackAsh slat10
Fra:1 Mem:165.57M (Peak 165.57M) | Time:00:00.20 | Mem:0.00M, Peak:0.00M | Scene, ViewLayer | Synchronizing object | WoodUpp panel3 vertical BlackAsh slat9
Fra:1 Mem:165.59M (Peak 165.59M) | Time:00:00.20 | Mem:0.00M, Peak:0.00M | Scene, ViewLayer | Synchronizing object | WoodUpp panel3 vertical BlackAsh slat8
Fra:1 Mem:165.60M (Peak 165.60M) | Time:00:00.20 | Mem:0.00M, Peak:0.00M | Scene, ViewLayer | Synchronizing object | WoodUpp panel3 vertical BlackAsh slat7
Fra:1 Mem:165.62M (Peak 165.62M) | Time:00:00.20 | Mem:0.00M, Peak:0.00M | Scene, ViewLayer | Synchronizing object | WoodUpp panel3 vertical BlackAsh slat6
Fra:1 Mem:165.63M (Peak 165.63M) | Time:00:00.20 | Mem:0.00M, Peak:0.00M | Scene, ViewLayer | Synchronizing object | WoodUpp panel3 vertical BlackAsh slat5
Fra:1 Mem:165.65M (Peak 165.65M) | Time:00:00.20 | Mem:0.00M, Peak:0.00M | Scene, ViewLayer | Synchronizing object | WoodUpp panel3 vertical BlackAsh slat4
Fra:1 Mem:165.66M (Peak 165.66M) | Time:00:00.20 | Mem:0.00M, Peak:0.00M | Scene, ViewLayer | Synchronizing object | WoodUpp panel3 vertical BlackAsh slat3
Fra:1 Mem:165.67M (Peak 165.67M) | Time:00:00.20 | Mem:0.00M, Peak:0.00M | Scene, ViewLayer | Synchronizing object | WoodUpp panel3 vertical BlackAsh slat2
Fra:1 Mem:165.69M (Peak 165.69M) | Time:00:00.20 | Mem:0.00M, Peak:0.00M | Scene, ViewLayer | Synchronizing object | WoodUpp panel3 vertical BlackAsh slat1
Fra:1 Mem:165.70M (Peak 165.70M) | Time:00:00.20 | Mem:0.00M, Peak:0.00M | Scene, ViewLayer | Synchronizing object | WoodUpp panel3 black felt
Fra:1 Mem:165.70M (Peak 165.70M) | Time:00:00.20 | Mem:0.00M, Peak:0.00M | Scene, ViewLayer | Synchronizing object | WoodUpp panel2 vertical BlackAsh slat15
Fra:1 Mem:165.72M (Peak 165.72M) | Time:00:00.20 | Mem:0.00M, Peak:0.00M | Scene, ViewLayer | Synchronizing object | WoodUpp panel2 vertical BlackAsh slat14
Fra:1 Mem:165.73M (Peak 165.73M) | Time:00:00.20 | Mem:0.00M, Peak:0.00M | Scene, ViewLayer | Synchronizing object | WoodUpp panel2 vertical BlackAsh slat13
Fra:1 Mem:165.75M (Peak 165.75M) | Time:00:00.20 | Mem:0.00M, Peak:0.00M | Scene, ViewLayer | Synchronizing object | WoodUpp panel2 vertical BlackAsh slat12
Fra:1 Mem:165.76M (Peak 165.76M) | Time:00:00.20 | Mem:0.00M, Peak:0.00M | Scene, ViewLayer | Synchronizing object | WoodUpp panel2 vertical BlackAsh slat11
Fra:1 Mem:165.78M (Peak 165.78M) | Time:00:00.20 | Mem:0.00M, Peak:0.00M | Scene, ViewLayer | Synchronizing object | WoodUpp panel2 vertical BlackAsh slat10
Fra:1 Mem:165.79M (Peak 165.79M) | Time:00:00.20 | Mem:0.00M, Peak:0.00M | Scene, ViewLayer | Synchronizing object | WoodUpp panel2 vertical BlackAsh slat9
Fra:1 Mem:165.80M (Peak 165.80M) | Time:00:00.20 | Mem:0.00M, Peak:0.00M | Scene, ViewLayer | Synchronizing object | WoodUpp panel2 vertical BlackAsh slat8
Fra:1 Mem:165.82M (Peak 165.82M) | Time:00:00.20 | Mem:0.00M, Peak:0.00M | Scene, ViewLayer | Synchronizing object | WoodUpp panel2 vertical BlackAsh slat7
Fra:1 Mem:165.83M (Peak 165.83M) | Time:00:00.20 | Mem:0.00M, Peak:0.00M | Scene, ViewLayer | Synchronizing object | WoodUpp panel2 vertical BlackAsh slat6
Fra:1 Mem:165.85M (Peak 165.85M) | Time:00:00.20 | Mem:0.00M, Peak:0.00M | Scene, ViewLayer | Synchronizing object | WoodUpp panel2 vertical BlackAsh slat5
Fra:1 Mem:165.86M (Peak 165.86M) | Time:00:00.20 | Mem:0.00M, Peak:0.00M | Scene, ViewLayer | Synchronizing object | WoodUpp panel2 vertical BlackAsh slat4
Fra:1 Mem:165.88M (Peak 165.88M) | Time:00:00.20 | Mem:0.00M, Peak:0.00M | Scene, ViewLayer | Synchronizing object | WoodUpp panel2 vertical BlackAsh slat3
Fra:1 Mem:165.89M (Peak 165.89M) | Time:00:00.20 | Mem:0.00M, Peak:0.00M | Scene, ViewLayer | Synchronizing object | WoodUpp panel2 vertical BlackAsh slat2
Fra:1 Mem:165.91M (Peak 165.91M) | Time:00:00.20 | Mem:0.00M, Peak:0.00M | Scene, ViewLayer | Synchronizing object | WoodUpp panel2 vertical BlackAsh slat1
Fra:1 Mem:165.92M (Peak 165.92M) | Time:00:00.20 | Mem:0.00M, Peak:0.00M | Scene, ViewLayer | Synchronizing object | WoodUpp panel2 black felt
Fra:1 Mem:165.92M (Peak 165.92M) | Time:00:00.20 | Mem:0.00M, Peak:0.00M | Scene, ViewLayer | Synchronizing object | WoodUpp panel1 vertical BlackAsh slat15
Fra:1 Mem:165.94M (Peak 165.94M) | Time:00:00.20 | Mem:0.00M, Peak:0.00M | Scene, ViewLayer | Synchronizing object | WoodUpp panel1 vertical BlackAsh slat14
Fra:1 Mem:165.95M (Peak 165.95M) | Time:00:00.20 | Mem:0.00M, Peak:0.00M | Scene, ViewLayer | Synchronizing object | WoodUpp panel1 vertical BlackAsh slat13
Fra:1 Mem:165.96M (Peak 165.96M) | Time:00:00.20 | Mem:0.00M, Peak:0.00M | Scene, ViewLayer | Synchronizing object | WoodUpp panel1 vertical BlackAsh slat12
Fra:1 Mem:165.98M (Peak 165.98M) | Time:00:00.20 | Mem:0.00M, Peak:0.00M | Scene, ViewLayer | Synchronizing object | WoodUpp panel1 vertical BlackAsh slat11
Fra:1 Mem:165.99M (Peak 165.99M) | Time:00:00.20 | Mem:0.00M, Peak:0.00M | Scene, ViewLayer | Synchronizing object | WoodUpp panel1 vertical BlackAsh slat10
Fra:1 Mem:166.01M (Peak 166.01M) | Time:00:00.20 | Mem:0.00M, Peak:0.00M | Scene, ViewLayer | Synchronizing object | WoodUpp panel1 vertical BlackAsh slat9
Fra:1 Mem:166.02M (Peak 166.02M) | Time:00:00.20 | Mem:0.00M, Peak:0.00M | Scene, ViewLayer | Synchronizing object | WoodUpp panel1 vertical BlackAsh slat8
Fra:1 Mem:166.04M (Peak 166.04M) | Time:00:00.20 | Mem:0.00M, Peak:0.00M | Scene, ViewLayer | Synchronizing object | WoodUpp panel1 vertical BlackAsh slat7
Fra:1 Mem:166.05M (Peak 166.05M) | Time:00:00.20 | Mem:0.00M, Peak:0.00M | Scene, ViewLayer | Synchronizing object | WoodUpp panel1 vertical BlackAsh slat6
Fra:1 Mem:166.06M (Peak 166.06M) | Time:00:00.20 | Mem:0.00M, Peak:0.00M | Scene, ViewLayer | Synchronizing object | WoodUpp panel1 vertical BlackAsh slat5
Fra:1 Mem:166.08M (Peak 166.08M) | Time:00:00.20 | Mem:0.00M, Peak:0.00M | Scene, ViewLayer | Synchronizing object | WoodUpp panel1 vertical BlackAsh slat4
Fra:1 Mem:166.09M (Peak 166.09M) | Time:00:00.20 | Mem:0.00M, Peak:0.00M | Scene, ViewLayer | Synchronizing object | WoodUpp panel1 vertical BlackAsh slat3
Fra:1 Mem:166.11M (Peak 166.11M) | Time:00:00.20 | Mem:0.00M, Peak:0.00M | Scene, ViewLayer | Synchronizing object | WoodUpp panel1 vertical BlackAsh slat2
Fra:1 Mem:166.80M (Peak 166.80M) | Time:00:00.23 | Mem:0.00M, Peak:0.00M | Scene, ViewLayer | Synchronizing object | WoodUpp panel1 vertical BlackAsh slat1
Fra:1 Mem:166.81M (Peak 166.81M) | Time:00:00.23 | Mem:0.00M, Peak:0.00M | Scene, ViewLayer | Synchronizing object | WoodUpp panel1 black felt
Fra:1 Mem:166.82M (Peak 166.82M) | Time:00:00.23 | Mem:0.00M, Peak:0.00M | Scene, ViewLayer | Synchronizing object | primary-felt-mat::MediumPlus darkgray wool felt
Fra:1 Mem:166.83M (Peak 166.83M) | Time:00:00.23 | Mem:0.00M, Peak:0.00M | Scene, ViewLayer | Synchronizing object | dresser::illustrative tray rim.003
Fra:1 Mem:166.84M (Peak 166.84M) | Time:00:00.23 | Mem:0.00M, Peak:0.00M | Scene, ViewLayer | Synchronizing object | dresser::illustrative tray rim.002
Fra:1 Mem:166.86M (Peak 166.86M) | Time:00:00.23 | Mem:0.00M, Peak:0.00M | Scene, ViewLayer | Synchronizing object | dresser::illustrative tray rim.001
Fra:1 Mem:166.87M (Peak 166.87M) | Time:00:00.23 | Mem:0.00M, Peak:0.00M | Scene, ViewLayer | Synchronizing object | dresser::illustrative tray rim
Fra:1 Mem:166.89M (Peak 166.89M) | Time:00:00.23 | Mem:0.00M, Peak:0.00M | Scene, ViewLayer | Synchronizing object | dresser::illustrative tray base
Fra:1 Mem:166.90M (Peak 166.90M) | Time:00:00.23 | Mem:0.00M, Peak:0.00M | Scene, ViewLayer | Synchronizing object | dresser-parlor-palm::representative leaflet.097
Fra:1 Mem:166.90M (Peak 166.90M) | Time:00:00.23 | Mem:0.00M, Peak:0.00M | Scene, ViewLayer | Synchronizing object | dresser-parlor-palm::representative leaflet.096
Fra:1 Mem:166.90M (Peak 166.90M) | Time:00:00.23 | Mem:0.00M, Peak:0.00M | Scene, ViewLayer | Synchronizing object | dresser-parlor-palm::representative leaflet.095
Fra:1 Mem:166.90M (Peak 166.90M) | Time:00:00.23 | Mem:0.00M, Peak:0.00M | Scene, ViewLayer | Synchronizing object | dresser-parlor-palm::representative leaflet.094
Fra:1 Mem:166.90M (Peak 166.90M) | Time:00:00.23 | Mem:0.00M, Peak:0.00M | Scene, ViewLayer | Synchronizing object | dresser-parlor-palm::representative leaflet.093
Fra:1 Mem:166.90M (Peak 166.90M) | Time:00:00.23 | Mem:0.00M, Peak:0.00M | Scene, ViewLayer | Synchronizing object | dresser-parlor-palm::representative leaflet.092
Fra:1 Mem:166.90M (Peak 166.90M) | Time:00:00.23 | Mem:0.00M, Peak:0.00M | Scene, ViewLayer | Synchronizing object | dresser-parlor-palm::representative leaflet.091
Fra:1 Mem:166.90M (Peak 166.90M) | Time:00:00.23 | Mem:0.00M, Peak:0.00M | Scene, ViewLayer | Synchronizing object | dresser-parlor-palm::representative leaflet.090
Fra:1 Mem:166.90M (Peak 166.90M) | Time:00:00.23 | Mem:0.00M, Peak:0.00M | Scene, ViewLayer | Synchronizing object | dresser-parlor-palm::representative leaflet.089
Fra:1 Mem:166.90M (Peak 166.90M) | Time:00:00.23 | Mem:0.00M, Peak:0.00M | Scene, ViewLayer | Synchronizing object | dresser-parlor-palm::representative leaflet.088
Fra:1 Mem:166.90M (Peak 166.90M) | Time:00:00.23 | Mem:0.00M, Peak:0.00M | Scene, ViewLayer | Synchronizing object | dresser-parlor-palm::representative leaflet.087
Fra:1 Mem:166.90M (Peak 166.90M) | Time:00:00.23 | Mem:0.00M, Peak:0.00M | Scene, ViewLayer | Synchronizing object | dresser-parlor-palm::representative leaflet.086
Fra:1 Mem:166.90M (Peak 166.90M) | Time:00:00.23 | Mem:0.00M, Peak:0.00M | Scene, ViewLayer | Synchronizing object | dresser-parlor-palm::representative leaflet.085
Fra:1 Mem:166.90M (Peak 166.90M) | Time:00:00.23 | Mem:0.00M, Peak:0.00M | Scene, ViewLayer | Synchronizing object | dresser-parlor-palm::representative leaflet.084
Fra:1 Mem:166.90M (Peak 166.90M) | Time:00:00.23 | Mem:0.00M, Peak:0.00M | Scene, ViewLayer | Synchronizing object | dresser-parlor-palm::thin palm rachis6
Fra:1 Mem:166.91M (Peak 166.91M) | Time:00:00.23 | Mem:0.00M, Peak:0.00M | Scene, ViewLayer | Synchronizing object | dresser-parlor-palm::representative leaflet.083
Fra:1 Mem:166.91M (Peak 166.91M) | Time:00:00.23 | Mem:0.00M, Peak:0.00M | Scene, ViewLayer | Synchronizing object | dresser-parlor-palm::representative leaflet.082
Fra:1 Mem:166.91M (Peak 166.91M) | Time:00:00.23 | Mem:0.00M, Peak:0.00M | Scene, ViewLayer | Synchronizing object | dresser-parlor-palm::representative leaflet.081
Fra:1 Mem:166.91M (Peak 166.91M) | Time:00:00.23 | Mem:0.00M, Peak:0.00M | Scene, ViewLayer | Synchronizing object | dresser-parlor-palm::representative leaflet.080
Fra:1 Mem:166.91M (Peak 166.91M) | Time:00:00.23 | Mem:0.00M, Peak:0.00M | Scene, ViewLayer | Synchronizing object | dresser-parlor-palm::representative leaflet.079
Fra:1 Mem:166.91M (Peak 166.91M) | Time:00:00.23 | Mem:0.00M, Peak:0.00M | Scene, ViewLayer | Synchronizing object | dresser-parlor-palm::representative leaflet.078
Fra:1 Mem:166.91M (Peak 166.91M) | Time:00:00.23 | Mem:0.00M, Peak:0.00M | Scene, ViewLayer | Synchronizing object | dresser-parlor-palm::representative leaflet.077
Fra:1 Mem:166.91M (Peak 166.91M) | Time:00:00.23 | Mem:0.00M, Peak:0.00M | Scene, ViewLayer | Synchronizing object | dresser-parlor-palm::representative leaflet.076
Fra:1 Mem:166.91M (Peak 166.91M) | Time:00:00.23 | Mem:0.00M, Peak:0.00M | Scene, ViewLayer | Synchronizing object | dresser-parlor-palm::representative leaflet.075
Fra:1 Mem:166.91M (Peak 166.91M) | Time:00:00.23 | Mem:0.00M, Peak:0.00M | Scene, ViewLayer | Synchronizing object | dresser-parlor-palm::representative leaflet.074
Fra:1 Mem:166.91M (Peak 166.91M) | Time:00:00.23 | Mem:0.00M, Peak:0.00M | Scene, ViewLayer | Synchronizing object | dresser-parlor-palm::representative leaflet.073
Fra:1 Mem:166.91M (Peak 166.91M) | Time:00:00.23 | Mem:0.00M, Peak:0.00M | Scene, ViewLayer | Synchronizing object | dresser-parlor-palm::representative leaflet.072
Fra:1 Mem:166.91M (Peak 166.91M) | Time:00:00.23 | Mem:0.00M, Peak:0.00M | Scene, ViewLayer | Synchronizing object | dresser-parlor-palm::representative leaflet.071
Fra:1 Mem:166.91M (Peak 166.91M) | Time:00:00.23 | Mem:0.00M, Peak:0.00M | Scene, ViewLayer | Synchronizing object | dresser-parlor-palm::representative leaflet.070
Fra:1 Mem:166.91M (Peak 166.91M) | Time:00:00.23 | Mem:0.00M, Peak:0.00M | Scene, ViewLayer | Synchronizing object | dresser-parlor-palm::thin palm rachis5
Fra:1 Mem:166.91M (Peak 166.91M) | Time:00:00.23 | Mem:0.00M, Peak:0.00M | Scene, ViewLayer | Synchronizing object | dresser-parlor-palm::representative leaflet.069
Fra:1 Mem:166.91M (Peak 166.91M) | Time:00:00.23 | Mem:0.00M, Peak:0.00M | Scene, ViewLayer | Synchronizing object | dresser-parlor-palm::representative leaflet.068
Fra:1 Mem:166.91M (Peak 166.91M) | Time:00:00.23 | Mem:0.00M, Peak:0.00M | Scene, ViewLayer | Synchronizing object | dresser-parlor-palm::representative leaflet.067
Fra:1 Mem:166.91M (Peak 166.91M) | Time:00:00.23 | Mem:0.00M, Peak:0.00M | Scene, ViewLayer | Synchronizing object | dresser-parlor-palm::representative leaflet.066
Fra:1 Mem:166.91M (Peak 166.91M) | Time:00:00.23 | Mem:0.00M, Peak:0.00M | Scene, ViewLayer | Synchronizing object | dresser-parlor-palm::representative leaflet.065
Fra:1 Mem:166.91M (Peak 166.91M) | Time:00:00.23 | Mem:0.00M, Peak:0.00M | Scene, ViewLayer | Synchronizing object | dresser-parlor-palm::representative leaflet.064
Fra:1 Mem:166.91M (Peak 166.91M) | Time:00:00.23 | Mem:0.00M, Peak:0.00M | Scene, ViewLayer | Synchronizing object | dresser-parlor-palm::representative leaflet.063
Fra:1 Mem:166.91M (Peak 166.91M) | Time:00:00.23 | Mem:0.00M, Peak:0.00M | Scene, ViewLayer | Synchronizing object | dresser-parlor-palm::representative leaflet.062
Fra:1 Mem:166.91M (Peak 166.91M) | Time:00:00.23 | Mem:0.00M, Peak:0.00M | Scene, ViewLayer | Synchronizing object | dresser-parlor-palm::representative leaflet.061
Fra:1 Mem:166.91M (Peak 166.91M) | Time:00:00.23 | Mem:0.00M, Peak:0.00M | Scene, ViewLayer | Synchronizing object | dresser-parlor-palm::representative leaflet.060
Fra:1 Mem:166.91M (Peak 166.91M) | Time:00:00.23 | Mem:0.00M, Peak:0.00M | Scene, ViewLayer | Synchronizing object | dresser-parlor-palm::representative leaflet.059
Fra:1 Mem:166.92M (Peak 166.92M) | Time:00:00.23 | Mem:0.00M, Peak:0.00M | Scene, ViewLayer | Synchronizing object | dresser-parlor-palm::representative leaflet.058
Fra:1 Mem:166.92M (Peak 166.92M) | Time:00:00.23 | Mem:0.00M, Peak:0.00M | Scene, ViewLayer | Synchronizing object | dresser-parlor-palm::representative leaflet.057
Fra:1 Mem:166.92M (Peak 166.92M) | Time:00:00.23 | Mem:0.00M, Peak:0.00M | Scene, ViewLayer | Synchronizing object | dresser-parlor-palm::representative leaflet.056
Fra:1 Mem:166.92M (Peak 166.92M) | Time:00:00.23 | Mem:0.00M, Peak:0.00M | Scene, ViewLayer | Synchronizing object | dresser-parlor-palm::thin palm rachis4
Fra:1 Mem:166.92M (Peak 166.92M) | Time:00:00.23 | Mem:0.00M, Peak:0.00M | Scene, ViewLayer | Synchronizing object | dresser-parlor-palm::representative leaflet.055
Fra:1 Mem:166.92M (Peak 166.92M) | Time:00:00.23 | Mem:0.00M, Peak:0.00M | Scene, ViewLayer | Synchronizing object | dresser-parlor-palm::representative leaflet.054
Fra:1 Mem:166.92M (Peak 166.92M) | Time:00:00.23 | Mem:0.00M, Peak:0.00M | Scene, ViewLayer | Synchronizing object | dresser-parlor-palm::representative leaflet.053
Fra:1 Mem:166.92M (Peak 166.92M) | Time:00:00.23 | Mem:0.00M, Peak:0.00M | Scene, ViewLayer | Synchronizing object | dresser-parlor-palm::representative leaflet.052
Fra:1 Mem:166.92M (Peak 166.92M) | Time:00:00.23 | Mem:0.00M, Peak:0.00M | Scene, ViewLayer | Synchronizing object | dresser-parlor-palm::representative leaflet.051
Fra:1 Mem:166.92M (Peak 166.92M) | Time:00:00.23 | Mem:0.00M, Peak:0.00M | Scene, ViewLayer | Synchronizing object | dresser-parlor-palm::representative leaflet.050
Fra:1 Mem:166.92M (Peak 166.92M) | Time:00:00.23 | Mem:0.00M, Peak:0.00M | Scene, ViewLayer | Synchronizing object | dresser-parlor-palm::representative leaflet.049
Fra:1 Mem:166.92M (Peak 166.92M) | Time:00:00.23 | Mem:0.00M, Peak:0.00M | Scene, ViewLayer | Synchronizing object | dresser-parlor-palm::representative leaflet.048
Fra:1 Mem:166.92M (Peak 166.92M) | Time:00:00.23 | Mem:0.00M, Peak:0.00M | Scene, ViewLayer | Synchronizing object | dresser-parlor-palm::representative leaflet.047
Fra:1 Mem:166.92M (Peak 166.92M) | Time:00:00.23 | Mem:0.00M, Peak:0.00M | Scene, ViewLayer | Synchronizing object | dresser-parlor-palm::representative leaflet.046
Fra:1 Mem:166.92M (Peak 166.92M) | Time:00:00.23 | Mem:0.00M, Peak:0.00M | Scene, ViewLayer | Synchronizing object | dresser-parlor-palm::representative leaflet.045
Fra:1 Mem:166.92M (Peak 166.92M) | Time:00:00.23 | Mem:0.00M, Peak:0.00M | Scene, ViewLayer | Synchronizing object | dresser-parlor-palm::representative leaflet.044
Fra:1 Mem:166.92M (Peak 166.92M) | Time:00:00.23 | Mem:0.00M, Peak:0.00M | Scene, ViewLayer | Synchronizing object | dresser-parlor-palm::representative leaflet.043
Fra:1 Mem:166.92M (Peak 166.92M) | Time:00:00.23 | Mem:0.00M, Peak:0.00M | Scene, ViewLayer | Synchronizing object | dresser-parlor-palm::representative leaflet.042
Fra:1 Mem:166.92M (Peak 166.92M) | Time:00:00.23 | Mem:0.00M, Peak:0.00M | Scene, ViewLayer | Synchronizing object | dresser-parlor-palm::thin palm rachis3
Fra:1 Mem:166.92M (Peak 166.92M) | Time:00:00.23 | Mem:0.00M, Peak:0.00M | Scene, ViewLayer | Synchronizing object | dresser-parlor-palm::representative leaflet.041
Fra:1 Mem:166.92M (Peak 166.92M) | Time:00:00.23 | Mem:0.00M, Peak:0.00M | Scene, ViewLayer | Synchronizing object | dresser-parlor-palm::representative leaflet.040
Fra:1 Mem:166.92M (Peak 166.92M) | Time:00:00.23 | Mem:0.00M, Peak:0.00M | Scene, ViewLayer | Synchronizing object | dresser-parlor-palm::representative leaflet.039
Fra:1 Mem:166.92M (Peak 166.92M) | Time:00:00.23 | Mem:0.00M, Peak:0.00M | Scene, ViewLayer | Synchronizing object | dresser-parlor-palm::representative leaflet.038
Fra:1 Mem:166.92M (Peak 166.92M) | Time:00:00.23 | Mem:0.00M, Peak:0.00M | Scene, ViewLayer | Synchronizing object | dresser-parlor-palm::representative leaflet.037
Fra:1 Mem:166.92M (Peak 166.92M) | Time:00:00.23 | Mem:0.00M, Peak:0.00M | Scene, ViewLayer | Synchronizing object | dresser-parlor-palm::representative leaflet.036
Fra:1 Mem:166.92M (Peak 166.92M) | Time:00:00.23 | Mem:0.00M, Peak:0.00M | Scene, ViewLayer | Synchronizing object | dresser-parlor-palm::representative leaflet.035
Fra:1 Mem:166.93M (Peak 166.93M) | Time:00:00.23 | Mem:0.00M, Peak:0.00M | Scene, ViewLayer | Synchronizing object | dresser-parlor-palm::representative leaflet.034
Fra:1 Mem:166.93M (Peak 166.93M) | Time:00:00.23 | Mem:0.00M, Peak:0.00M | Scene, ViewLayer | Synchronizing object | dresser-parlor-palm::representative leaflet.033
Fra:1 Mem:166.93M (Peak 166.93M) | Time:00:00.23 | Mem:0.00M, Peak:0.00M | Scene, ViewLayer | Synchronizing object | dresser-parlor-palm::representative leaflet.032
Fra:1 Mem:166.93M (Peak 166.93M) | Time:00:00.23 | Mem:0.00M, Peak:0.00M | Scene, ViewLayer | Synchronizing object | dresser-parlor-palm::representative leaflet.031
Fra:1 Mem:166.93M (Peak 166.93M) | Time:00:00.23 | Mem:0.00M, Peak:0.00M | Scene, ViewLayer | Synchronizing object | dresser-parlor-palm::representative leaflet.030
Fra:1 Mem:166.93M (Peak 166.93M) | Time:00:00.23 | Mem:0.00M, Peak:0.00M | Scene, ViewLayer | Synchronizing object | dresser-parlor-palm::representative leaflet.029
Fra:1 Mem:166.93M (Peak 166.93M) | Time:00:00.23 | Mem:0.00M, Peak:0.00M | Scene, ViewLayer | Synchronizing object | dresser-parlor-palm::representative leaflet.028
Fra:1 Mem:166.93M (Peak 166.93M) | Time:00:00.23 | Mem:0.00M, Peak:0.00M | Scene, ViewLayer | Synchronizing object | dresser-parlor-palm::thin palm rachis2
Fra:1 Mem:166.93M (Peak 166.93M) | Time:00:00.23 | Mem:0.00M, Peak:0.00M | Scene, ViewLayer | Synchronizing object | dresser-parlor-palm::representative leaflet.027
Fra:1 Mem:166.93M (Peak 166.93M) | Time:00:00.23 | Mem:0.00M, Peak:0.00M | Scene, ViewLayer | Synchronizing object | dresser-parlor-palm::representative leaflet.026
Fra:1 Mem:166.93M (Peak 166.93M) | Time:00:00.23 | Mem:0.00M, Peak:0.00M | Scene, ViewLayer | Synchronizing object | dresser-parlor-palm::representative leaflet.025
Fra:1 Mem:166.93M (Peak 166.93M) | Time:00:00.23 | Mem:0.00M, Peak:0.00M | Scene, ViewLayer | Synchronizing object | dresser-parlor-palm::representative leaflet.024
Fra:1 Mem:166.93M (Peak 166.93M) | Time:00:00.23 | Mem:0.00M, Peak:0.00M | Scene, ViewLayer | Synchronizing object | dresser-parlor-palm::representative leaflet.023
Fra:1 Mem:166.93M (Peak 166.93M) | Time:00:00.23 | Mem:0.00M, Peak:0.00M | Scene, ViewLayer | Synchronizing object | dresser-parlor-palm::representative leaflet.022
Fra:1 Mem:166.93M (Peak 166.93M) | Time:00:00.23 | Mem:0.00M, Peak:0.00M | Scene, ViewLayer | Synchronizing object | dresser-parlor-palm::representative leaflet.021
Fra:1 Mem:166.93M (Peak 166.93M) | Time:00:00.23 | Mem:0.00M, Peak:0.00M | Scene, ViewLayer | Synchronizing object | dresser-parlor-palm::representative leaflet.020
Fra:1 Mem:166.93M (Peak 166.93M) | Time:00:00.23 | Mem:0.00M, Peak:0.00M | Scene, ViewLayer | Synchronizing object | dresser-parlor-palm::representative leaflet.019
Fra:1 Mem:166.93M (Peak 166.93M) | Time:00:00.23 | Mem:0.00M, Peak:0.00M | Scene, ViewLayer | Synchronizing object | dresser-parlor-palm::representative leaflet.018
Fra:1 Mem:166.93M (Peak 166.93M) | Time:00:00.23 | Mem:0.00M, Peak:0.00M | Scene, ViewLayer | Synchronizing object | dresser-parlor-palm::representative leaflet.017
Fra:1 Mem:166.93M (Peak 166.93M) | Time:00:00.23 | Mem:0.00M, Peak:0.00M | Scene, ViewLayer | Synchronizing object | dresser-parlor-palm::representative leaflet.016
Fra:1 Mem:166.93M (Peak 166.93M) | Time:00:00.23 | Mem:0.00M, Peak:0.00M | Scene, ViewLayer | Synchronizing object | dresser-parlor-palm::representative leaflet.015
Fra:1 Mem:166.93M (Peak 166.93M) | Time:00:00.23 | Mem:0.00M, Peak:0.00M | Scene, ViewLayer | Synchronizing object | dresser-parlor-palm::representative leaflet.014
Fra:1 Mem:166.93M (Peak 166.93M) | Time:00:00.23 | Mem:0.00M, Peak:0.00M | Scene, ViewLayer | Synchronizing object | dresser-parlor-palm::thin palm rachis1
Fra:1 Mem:166.93M (Peak 166.93M) | Time:00:00.23 | Mem:0.00M, Peak:0.00M | Scene, ViewLayer | Synchronizing object | dresser-parlor-palm::representative leaflet.013
Fra:1 Mem:166.93M (Peak 166.93M) | Time:00:00.23 | Mem:0.00M, Peak:0.00M | Scene, ViewLayer | Synchronizing object | dresser-parlor-palm::representative leaflet.012
Fra:1 Mem:166.93M (Peak 166.93M) | Time:00:00.23 | Mem:0.00M, Peak:0.00M | Scene, ViewLayer | Synchronizing object | dresser-parlor-palm::representative leaflet.011
Fra:1 Mem:166.94M (Peak 166.94M) | Time:00:00.23 | Mem:0.00M, Peak:0.00M | Scene, ViewLayer | Synchronizing object | dresser-parlor-palm::representative leaflet.010
Fra:1 Mem:166.94M (Peak 166.94M) | Time:00:00.23 | Mem:0.00M, Peak:0.00M | Scene, ViewLayer | Synchronizing object | dresser-parlor-palm::representative leaflet.009
Fra:1 Mem:166.94M (Peak 166.94M) | Time:00:00.23 | Mem:0.00M, Peak:0.00M | Scene, ViewLayer | Synchronizing object | dresser-parlor-palm::representative leaflet.008
Fra:1 Mem:166.94M (Peak 166.94M) | Time:00:00.23 | Mem:0.00M, Peak:0.00M | Scene, ViewLayer | Synchronizing object | dresser-parlor-palm::representative leaflet.007
Fra:1 Mem:166.94M (Peak 166.94M) | Time:00:00.23 | Mem:0.00M, Peak:0.00M | Scene, ViewLayer | Synchronizing object | dresser-parlor-palm::representative leaflet.006
Fra:1 Mem:166.94M (Peak 166.94M) | Time:00:00.23 | Mem:0.00M, Peak:0.00M | Scene, ViewLayer | Synchronizing object | dresser-parlor-palm::representative leaflet.005
Fra:1 Mem:166.94M (Peak 166.94M) | Time:00:00.23 | Mem:0.00M, Peak:0.00M | Scene, ViewLayer | Synchronizing object | dresser-parlor-palm::representative leaflet.004
Fra:1 Mem:166.94M (Peak 166.94M) | Time:00:00.23 | Mem:0.00M, Peak:0.00M | Scene, ViewLayer | Synchronizing object | dresser-parlor-palm::representative leaflet.003
Fra:1 Mem:166.94M (Peak 166.94M) | Time:00:00.23 | Mem:0.00M, Peak:0.00M | Scene, ViewLayer | Synchronizing object | dresser-parlor-palm::representative leaflet.002
Fra:1 Mem:166.94M (Peak 166.94M) | Time:00:00.23 | Mem:0.00M, Peak:0.00M | Scene, ViewLayer | Synchronizing object | dresser-parlor-palm::representative leaflet.001
Fra:1 Mem:166.94M (Peak 166.94M) | Time:00:00.23 | Mem:0.00M, Peak:0.00M | Scene, ViewLayer | Synchronizing object | dresser-parlor-palm::representative leaflet
Fra:1 Mem:166.94M (Peak 166.94M) | Time:00:00.23 | Mem:0.00M, Peak:0.00M | Scene, ViewLayer | Synchronizing object | dresser-parlor-palm::thin palm rachis0
Fra:1 Mem:166.94M (Peak 166.94M) | Time:00:00.23 | Mem:0.00M, Peak:0.00M | Scene, ViewLayer | Synchronizing object | dresser-parlor-palm::soil
Fra:1 Mem:166.95M (Peak 166.95M) | Time:00:00.23 | Mem:0.00M, Peak:0.00M | Scene, ViewLayer | Synchronizing object | dresser-parlor-palm::black Westcott pot proxy
Fra:1 Mem:166.97M (Peak 166.97M) | Time:00:00.23 | Mem:0.00M, Peak:0.00M | Scene, ViewLayer | Synchronizing object | dresser-parlor-palm::black saucer
Fra:1 Mem:166.99M (Peak 166.99M) | Time:00:00.23 | Mem:0.00M, Peak:0.00M | Scene, ViewLayer | Synchronizing object | dresser-fado::illustrative rear cord1
Fra:1 Mem:167.00M (Peak 167.00M) | Time:00:00.23 | Mem:0.00M, Peak:0.00M | Scene, ViewLayer | Synchronizing object | dresser-fado::illustrative rear cord0
Fra:1 Mem:167.01M (Peak 167.01M) | Time:00:00.23 | Mem:0.00M, Peak:0.00M | Scene, ViewLayer | Synchronizing object | dresser-fado::original body component3
Fra:1 Mem:167.16M (Peak 167.16M) | Time:00:00.23 | Mem:0.00M, Peak:0.00M | Scene, ViewLayer | Synchronizing object | dresser-fado::original body component2
Fra:1 Mem:167.96M (Peak 167.96M) | Time:00:00.24 | Mem:0.00M, Peak:0.00M | Scene, ViewLayer | Synchronizing object | dresser-fado::original body component1
Fra:1 Mem:168.12M (Peak 168.12M) | Time:00:00.24 | Mem:0.00M, Peak:0.00M | Scene, ViewLayer | Synchronizing object | dresser-fado::original body component0
Fra:1 Mem:169.38M (Peak 169.38M) | Time:00:00.24 | Mem:0.00M, Peak:0.00M | Scene, ViewLayer | Synchronizing object | primary-display-ledge::illustrative pocket journal2
Fra:1 Mem:169.39M (Peak 169.39M) | Time:00:00.24 | Mem:0.00M, Peak:0.00M | Scene, ViewLayer | Synchronizing object | primary-display-ledge::illustrative pocket journal1
Fra:1 Mem:169.41M (Peak 169.41M) | Time:00:00.24 | Mem:0.00M, Peak:0.00M | Scene, ViewLayer | Synchronizing object | primary-display-ledge::illustrative pocket journal0
Fra:1 Mem:169.42M (Peak 169.42M) | Time:00:00.24 | Mem:0.00M, Peak:0.00M | Scene, ViewLayer | Synchronizing object | primary-display-ledge::original supplier black ledge
Fra:1 Mem:167.70M (Peak 169.42M) | Time:00:00.24 | Mem:0.00M, Peak:0.00M | Scene, ViewLayer | Synchronizing object | secondary-workspace::black-brown tabletop
Fra:1 Mem:167.72M (Peak 169.42M) | Time:00:00.24 | Mem:0.00M, Peak:0.00M | Scene, ViewLayer | Synchronizing object | secondary-workspace::right black ADILS leg
Fra:1 Mem:167.73M (Peak 169.42M) | Time:00:00.24 | Mem:0.00M, Peak:0.00M | Scene, ViewLayer | Synchronizing object | secondary-workspace::black adjustment foot
Fra:1 Mem:167.74M (Peak 169.42M) | Time:00:00.24 | Mem:0.00M, Peak:0.00M | Scene, ViewLayer | Synchronizing object | secondary-workspace::right black ADILS leg.001
Fra:1 Mem:167.76M (Peak 169.42M) | Time:00:00.24 | Mem:0.00M, Peak:0.00M | Scene, ViewLayer | Synchronizing object | secondary-workspace::black adjustment foot.001
Fra:1 Mem:167.77M (Peak 169.42M) | Time:00:00.24 | Mem:0.00M, Peak:0.00M | Scene, ViewLayer | Synchronizing object | clothes-dresser::official storklinta-low-drawers part0
Fra:1 Mem:167.94M (Peak 169.42M) | Time:00:00.25 | Mem:0.00M, Peak:0.00M | Scene, ViewLayer | Synchronizing object | project-display-ledge::illustrative pocket journal2
Fra:1 Mem:167.96M (Peak 169.42M) | Time:00:00.25 | Mem:0.00M, Peak:0.00M | Scene, ViewLayer | Synchronizing object | project-display-ledge::illustrative pocket journal1
Fra:1 Mem:167.97M (Peak 169.42M) | Time:00:00.25 | Mem:0.00M, Peak:0.00M | Scene, ViewLayer | Synchronizing object | project-display-ledge::illustrative pocket journal0
Fra:1 Mem:167.98M (Peak 169.42M) | Time:00:00.25 | Mem:0.00M, Peak:0.00M | Scene, ViewLayer | Synchronizing object | project-display-ledge::original supplier black ledge
Fra:1 Mem:168.12M (Peak 169.42M) | Time:00:00.25 | Mem:0.00M, Peak:0.00M | Scene, ViewLayer | Synchronizing object | richmond-art::full actual native landscape print
Fra:1 Mem:168.12M (Peak 169.42M) | Time:00:00.25 | Mem:0.00M, Peak:0.00M | Scene, ViewLayer | Synchronizing object | richmond-art::black wood frame right
Fra:1 Mem:168.13M (Peak 169.42M) | Time:00:00.25 | Mem:0.00M, Peak:0.00M | Scene, ViewLayer | Synchronizing object | richmond-art::black wood frame left
Fra:1 Mem:168.15M (Peak 169.42M) | Time:00:00.25 | Mem:0.00M, Peak:0.00M | Scene, ViewLayer | Synchronizing object | richmond-art::black wood frame bottom
Fra:1 Mem:168.16M (Peak 169.42M) | Time:00:00.25 | Mem:0.00M, Peak:0.00M | Scene, ViewLayer | Synchronizing object | richmond-art::black wood frame top
Fra:1 Mem:168.18M (Peak 169.42M) | Time:00:00.25 | Mem:0.00M, Peak:0.00M | Scene, ViewLayer | Synchronizing object | visitor-chair::rear walnut seat stretcher
Fra:1 Mem:168.19M (Peak 169.42M) | Time:00:00.25 | Mem:0.00M, Peak:0.00M | Scene, ViewLayer | Synchronizing object | visitor-chair::front walnut seat stretcher
Fra:1 Mem:168.21M (Peak 169.42M) | Time:00:00.25 | Mem:0.00M, Peak:0.00M | Scene, ViewLayer | Synchronizing object | visitor-chair::side seat rail.001
Fra:1 Mem:168.21M (Peak 169.42M) | Time:00:00.25 | Mem:0.00M, Peak:0.00M | Scene, ViewLayer | Synchronizing object | visitor-chair::rear walnut leg.001
Fra:1 Mem:168.22M (Peak 169.42M) | Time:00:00.25 | Mem:0.00M, Peak:0.00M | Scene, ViewLayer | Synchronizing object | visitor-chair::front walnut leg.001
Fra:1 Mem:168.23M (Peak 169.42M) | Time:00:00.25 | Mem:0.00M, Peak:0.00M | Scene, ViewLayer | Synchronizing object | visitor-chair::rounded walnut arm.001
Fra:1 Mem:168.24M (Peak 169.42M) | Time:00:00.25 | Mem:0.00M, Peak:0.00M | Scene, ViewLayer | Synchronizing object | visitor-chair::side seat rail
Fra:1 Mem:168.25M (Peak 169.42M) | Time:00:00.25 | Mem:0.00M, Peak:0.00M | Scene, ViewLayer | Synchronizing object | visitor-chair::rear walnut leg
Fra:1 Mem:168.25M (Peak 169.42M) | Time:00:00.25 | Mem:0.00M, Peak:0.00M | Scene, ViewLayer | Synchronizing object | visitor-chair::front walnut leg
Fra:1 Mem:168.26M (Peak 169.42M) | Time:00:00.25 | Mem:0.00M, Peak:0.00M | Scene, ViewLayer | Synchronizing object | visitor-chair::rounded walnut arm
Fra:1 Mem:168.28M (Peak 169.42M) | Time:00:00.25 | Mem:0.00M, Peak:0.00M | Scene, ViewLayer | Synchronizing object | visitor-chair::rounded sloping boucle back
Fra:1 Mem:168.29M (Peak 169.42M) | Time:00:00.25 | Mem:0.00M, Peak:0.00M | Scene, ViewLayer | Synchronizing object | visitor-chair::rounded boucle seat
Fra:1 Mem:168.30M (Peak 169.42M) | Time:00:00.25 | Mem:0.00M, Peak:0.00M | Scene, ViewLayer | Synchronizing object | standing-main-desk::leveling_glide_left_front
Fra:1 Mem:169.47M (Peak 169.47M) | Time:00:00.25 | Mem:0.00M, Peak:0.00M | Scene, ViewLayer | Synchronizing object | clothes-dresser::official storklinta-low-drawers part1
Fra:1 Mem:169.52M (Peak 169.52M) | Time:00:00.25 | Mem:0.00M, Peak:0.00M | Scene, ViewLayer | Synchronizing object | clothes-dresser::official storklinta-low-drawers part2
Fra:1 Mem:169.56M (Peak 169.56M) | Time:00:00.25 | Mem:0.00M, Peak:0.00M | Scene, ViewLayer | Synchronizing object | clothes-dresser::official storklinta-low-drawers part3
Fra:1 Mem:169.64M (Peak 169.64M) | Time:00:00.25 | Mem:0.00M, Peak:0.00M | Scene, ViewLayer | Synchronizing object | rug::Standard Pad support
Fra:1 Mem:169.64M (Peak 169.64M) | Time:00:00.25 | Mem:0.00M, Peak:0.00M | Scene, ViewLayer | Synchronizing object | rug::actual Rift Charcoal6x9 flatwoven textile
Fra:1 Mem:169.64M (Peak 169.64M) | Time:00:00.25 | Mem:0.00M, Peak:0.00M | Scene, ViewLayer | Synchronizing object | standing-main-desk::generic equipment assumption::monitor stand
Fra:1 Mem:169.65M (Peak 169.65M) | Time:00:00.25 | Mem:0.00M, Peak:0.00M | Scene, ViewLayer | Synchronizing object | standing-main-desk::generic equipment assumption::monitor stem
Fra:1 Mem:169.67M (Peak 169.67M) | Time:00:00.25 | Mem:0.00M, Peak:0.00M | Scene, ViewLayer | Synchronizing object | standing-main-desk::generic equipment assumption::monitor frame
Fra:1 Mem:169.68M (Peak 169.68M) | Time:00:00.25 | Mem:0.00M, Peak:0.00M | Scene, ViewLayer | Synchronizing object | standing-main-desk::generic equipment assumption::dark display
Fra:1 Mem:169.68M (Peak 169.68M) | Time:00:00.25 | Mem:0.00M, Peak:0.00M | Scene, ViewLayer | Synchronizing object | standing-main-desk::generic equipment assumption::keyboard
Fra:1 Mem:169.70M (Peak 169.70M) | Time:00:00.25 | Mem:0.00M, Peak:0.00M | Scene, ViewLayer | Synchronizing object | Existing full-height closet leaf
Fra:1 Mem:169.71M (Peak 169.71M) | Time:00:00.25 | Mem:0.00M, Peak:0.00M | Scene, ViewLayer | Synchronizing object | Existing closet metal knob
Fra:1 Mem:169.72M (Peak 169.72M) | Time:00:00.25 | Mem:0.00M, Peak:0.00M | Scene, ViewLayer | Synchronizing object | Existing living-entry flat white leaf
Fra:1 Mem:169.74M (Peak 169.74M) | Time:00:00.25 | Mem:0.00M, Peak:0.00M | Scene, ViewLayer | Synchronizing object | Existing living-entry silver lever
Fra:1 Mem:169.75M (Peak 169.75M) | Time:00:00.25 | Mem:0.00M, Peak:0.00M | Scene, ViewLayer | Synchronizing object | Existing exterior-door six-panel leaf
Fra:1 Mem:169.77M (Peak 169.77M) | Time:00:00.25 | Mem:0.00M, Peak:0.00M | Scene, ViewLayer | Synchronizing object | Existing exterior-door raised panel
Fra:1 Mem:169.78M (Peak 169.78M) | Time:00:00.25 | Mem:0.00M, Peak:0.00M | Scene, ViewLayer | Synchronizing object | Existing exterior-door raised panel.001
Fra:1 Mem:169.80M (Peak 169.80M) | Time:00:00.25 | Mem:0.00M, Peak:0.00M | Scene, ViewLayer | Synchronizing object | Existing exterior-door raised panel.002
Fra:1 Mem:169.81M (Peak 169.81M) | Time:00:00.25 | Mem:0.00M, Peak:0.00M | Scene, ViewLayer | Synchronizing object | Existing exterior-door raised panel.003
Fra:1 Mem:169.82M (Peak 169.82M) | Time:00:00.25 | Mem:0.00M, Peak:0.00M | Scene, ViewLayer | Synchronizing object | Existing exterior-door raised panel.004
Fra:1 Mem:169.84M (Peak 169.84M) | Time:00:00.25 | Mem:0.00M, Peak:0.00M | Scene, ViewLayer | Synchronizing object | Existing exterior-door raised panel.005
Fra:1 Mem:169.85M (Peak 169.85M) | Time:00:00.25 | Mem:0.00M, Peak:0.00M | Scene, ViewLayer | Synchronizing object | Existing exterior-door brass knob
Fra:1 Mem:169.87M (Peak 169.87M) | Time:00:00.25 | Mem:0.00M, Peak:0.00M | Scene, ViewLayer | Synchronizing object | Existing exterior-door brass deadbolt
Fra:1 Mem:169.88M (Peak 169.88M) | Time:00:00.25 | Mem:0.00M, Peak:0.00M | Scene, ViewLayer | Synchronizing object | grejig-1::folded steel leg
Fra:1 Mem:169.88M (Peak 169.88M) | Time:00:00.25 | Mem:0.00M, Peak:0.00M | Scene, ViewLayer | Synchronizing object | grejig-1::folded steel leg.001
Fra:1 Mem:169.89M (Peak 169.89M) | Time:00:00.25 | Mem:0.00M, Peak:0.00M | Scene, ViewLayer | Synchronizing object | grejig-1::folded steel leg.002
Fra:1 Mem:169.89M (Peak 169.89M) | Time:00:00.25 | Mem:0.00M, Peak:0.00M | Scene, ViewLayer | Synchronizing object | grejig-1::folded steel leg.003
Fra:1 Mem:169.89M (Peak 169.89M) | Time:00:00.25 | Mem:0.00M, Peak:0.00M | Scene, ViewLayer | Synchronizing object | grejig-1::top long rim
Fra:1 Mem:169.90M (Peak 169.90M) | Time:00:00.25 | Mem:0.00M, Peak:0.00M | Scene, ViewLayer | Synchronizing object | grejig-1::top long rim.001
Fra:1 Mem:169.90M (Peak 169.90M) | Time:00:00.25 | Mem:0.00M, Peak:0.00M | Scene, ViewLayer | Synchronizing object | grejig-1::top end rim
Fra:1 Mem:169.90M (Peak 169.90M) | Time:00:00.25 | Mem:0.00M, Peak:0.00M | Scene, ViewLayer | Synchronizing object | grejig-1::top end rim.001
Fra:1 Mem:169.91M (Peak 169.91M) | Time:00:00.25 | Mem:0.00M, Peak:0.00M | Scene, ViewLayer | Synchronizing object | grejig-1::wire lattice across
Fra:1 Mem:169.91M (Peak 169.91M) | Time:00:00.25 | Mem:0.00M, Peak:0.00M | Scene, ViewLayer | Synchronizing object | grejig-1::wire lattice across.001
Fra:1 Mem:169.91M (Peak 169.91M) | Time:00:00.25 | Mem:0.00M, Peak:0.00M | Scene, ViewLayer | Synchronizing object | grejig-1::wire lattice across.002
Fra:1 Mem:169.91M (Peak 169.91M) | Time:00:00.25 | Mem:0.00M, Peak:0.00M | Scene, ViewLayer | Synchronizing object | grejig-1::wire lattice across.003
Fra:1 Mem:169.92M (Peak 169.92M) | Time:00:00.25 | Mem:0.00M, Peak:0.00M | Scene, ViewLayer | Synchronizing object | grejig-1::wire lattice across.004
Fra:1 Mem:169.92M (Peak 169.92M) | Time:00:00.25 | Mem:0.00M, Peak:0.00M | Scene, ViewLayer | Synchronizing object | grejig-1::wire lattice across.005
Fra:1 Mem:169.92M (Peak 169.92M) | Time:00:00.25 | Mem:0.00M, Peak:0.00M | Scene, ViewLayer | Synchronizing object | grejig-1::wire lattice across.006
Fra:1 Mem:169.92M (Peak 169.92M) | Time:00:00.25 | Mem:0.00M, Peak:0.00M | Scene, ViewLayer | Synchronizing object | grejig-1::wire lattice across.007
Fra:1 Mem:169.92M (Peak 169.92M) | Time:00:00.25 | Mem:0.00M, Peak:0.00M | Scene, ViewLayer | Synchronizing object | grejig-1::wire lattice across.008
Fra:1 Mem:169.93M (Peak 169.93M) | Time:00:00.25 | Mem:0.00M, Peak:0.00M | Scene, ViewLayer | Synchronizing object | grejig-1::wire lattice across.009
Fra:1 Mem:169.93M (Peak 169.93M) | Time:00:00.25 | Mem:0.00M, Peak:0.00M | Scene, ViewLayer | Synchronizing object | grejig-1::wire lattice across.010
Fra:1 Mem:169.93M (Peak 169.93M) | Time:00:00.25 | Mem:0.00M, Peak:0.00M | Scene, ViewLayer | Synchronizing object | grejig-1::wire lattice lengthwise
Fra:1 Mem:169.93M (Peak 169.93M) | Time:00:00.25 | Mem:0.00M, Peak:0.00M | Scene, ViewLayer | Synchronizing object | grejig-1::wire lattice lengthwise.001
Fra:1 Mem:169.93M (Peak 169.93M) | Time:00:00.25 | Mem:0.00M, Peak:0.00M | Scene, ViewLayer | Synchronizing object | grejig-1::wire lattice lengthwise.002
Fra:1 Mem:169.94M (Peak 169.94M) | Time:00:00.25 | Mem:0.00M, Peak:0.00M | Scene, ViewLayer | Synchronizing object | grejig-1::wire lattice lengthwise.003
Fra:1 Mem:169.94M (Peak 169.94M) | Time:00:00.25 | Mem:0.00M, Peak:0.00M | Scene, ViewLayer | Synchronizing object | grejig-1::wire lattice lengthwise.004
Fra:1 Mem:169.94M (Peak 169.94M) | Time:00:00.25 | Mem:0.00M, Peak:0.00M | Scene, ViewLayer | Synchronizing object | grejig-2::folded steel leg
Fra:1 Mem:169.94M (Peak 169.94M) | Time:00:00.25 | Mem:0.00M, Peak:0.00M | Scene, ViewLayer | Synchronizing object | grejig-2::folded steel leg.001
Fra:1 Mem:169.95M (Peak 169.95M) | Time:00:00.25 | Mem:0.00M, Peak:0.00M | Scene, ViewLayer | Synchronizing object | grejig-2::folded steel leg.002
Fra:1 Mem:169.95M (Peak 169.95M) | Time:00:00.25 | Mem:0.00M, Peak:0.00M | Scene, ViewLayer | Synchronizing object | grejig-2::folded steel leg.003
Fra:1 Mem:169.95M (Peak 169.95M) | Time:00:00.25 | Mem:0.00M, Peak:0.00M | Scene, ViewLayer | Synchronizing object | grejig-2::top long rim
Fra:1 Mem:169.96M (Peak 169.96M) | Time:00:00.25 | Mem:0.00M, Peak:0.00M | Scene, ViewLayer | Synchronizing object | grejig-2::top long rim.001
Fra:1 Mem:169.96M (Peak 169.96M) | Time:00:00.25 | Mem:0.00M, Peak:0.00M | Scene, ViewLayer | Synchronizing object | grejig-2::top end rim
Fra:1 Mem:169.96M (Peak 169.96M) | Time:00:00.25 | Mem:0.00M, Peak:0.00M | Scene, ViewLayer | Synchronizing object | grejig-2::top end rim.001
Fra:1 Mem:169.97M (Peak 169.97M) | Time:00:00.25 | Mem:0.00M, Peak:0.00M | Scene, ViewLayer | Synchronizing object | grejig-2::wire lattice across
Fra:1 Mem:169.97M (Peak 169.97M) | Time:00:00.25 | Mem:0.00M, Peak:0.00M | Scene, ViewLayer | Synchronizing object | grejig-2::wire lattice across.001
Fra:1 Mem:169.97M (Peak 169.97M) | Time:00:00.25 | Mem:0.00M, Peak:0.00M | Scene, ViewLayer | Synchronizing object | grejig-2::wire lattice across.002
Fra:1 Mem:169.97M (Peak 169.97M) | Time:00:00.25 | Mem:0.00M, Peak:0.00M | Scene, ViewLayer | Synchronizing object | grejig-2::wire lattice across.003
Fra:1 Mem:169.98M (Peak 169.98M) | Time:00:00.25 | Mem:0.00M, Peak:0.00M | Scene, ViewLayer | Synchronizing object | grejig-2::wire lattice across.004
Fra:1 Mem:169.98M (Peak 169.98M) | Time:00:00.25 | Mem:0.00M, Peak:0.00M | Scene, ViewLayer | Synchronizing object | grejig-2::wire lattice across.005
Fra:1 Mem:169.98M (Peak 169.98M) | Time:00:00.25 | Mem:0.00M, Peak:0.00M | Scene, ViewLayer | Synchronizing object | grejig-2::wire lattice across.006
Fra:1 Mem:169.98M (Peak 169.98M) | Time:00:00.25 | Mem:0.00M, Peak:0.00M | Scene, ViewLayer | Synchronizing object | grejig-2::wire lattice across.007
Fra:1 Mem:169.98M (Peak 169.98M) | Time:00:00.25 | Mem:0.00M, Peak:0.00M | Scene, ViewLayer | Synchronizing object | grejig-2::wire lattice across.008
Fra:1 Mem:169.99M (Peak 169.99M) | Time:00:00.25 | Mem:0.00M, Peak:0.00M | Scene, ViewLayer | Synchronizing object | grejig-2::wire lattice across.009
Fra:1 Mem:169.99M (Peak 169.99M) | Time:00:00.25 | Mem:0.00M, Peak:0.00M | Scene, ViewLayer | Synchronizing object | grejig-2::wire lattice across.010
Fra:1 Mem:169.99M (Peak 169.99M) | Time:00:00.25 | Mem:0.00M, Peak:0.00M | Scene, ViewLayer | Synchronizing object | grejig-2::wire lattice lengthwise
Fra:1 Mem:169.99M (Peak 169.99M) | Time:00:00.25 | Mem:0.00M, Peak:0.00M | Scene, ViewLayer | Synchronizing object | grejig-2::wire lattice lengthwise.001
Fra:1 Mem:170.00M (Peak 170.00M) | Time:00:00.25 | Mem:0.00M, Peak:0.00M | Scene, ViewLayer | Synchronizing object | grejig-2::wire lattice lengthwise.002
Fra:1 Mem:170.00M (Peak 170.00M) | Time:00:00.25 | Mem:0.00M, Peak:0.00M | Scene, ViewLayer | Synchronizing object | grejig-2::wire lattice lengthwise.003
Fra:1 Mem:170.00M (Peak 170.00M) | Time:00:00.25 | Mem:0.00M, Peak:0.00M | Scene, ViewLayer | Synchronizing object | grejig-2::wire lattice lengthwise.004
Fra:1 Mem:170.00M (Peak 170.00M) | Time:00:00.25 | Mem:0.00M, Peak:0.00M | Scene, ViewLayer | Synchronizing object | grejig-3::folded steel leg
Fra:1 Mem:170.01M (Peak 170.01M) | Time:00:00.25 | Mem:0.00M, Peak:0.00M | Scene, ViewLayer | Synchronizing object | grejig-3::folded steel leg.001
Fra:1 Mem:170.01M (Peak 170.01M) | Time:00:00.25 | Mem:0.00M, Peak:0.00M | Scene, ViewLayer | Synchronizing object | grejig-3::folded steel leg.002
Fra:1 Mem:170.01M (Peak 170.01M) | Time:00:00.25 | Mem:0.00M, Peak:0.00M | Scene, ViewLayer | Synchronizing object | grejig-3::folded steel leg.003
Fra:1 Mem:170.02M (Peak 170.02M) | Time:00:00.25 | Mem:0.00M, Peak:0.00M | Scene, ViewLayer | Synchronizing object | grejig-3::top long rim
Fra:1 Mem:170.02M (Peak 170.02M) | Time:00:00.25 | Mem:0.00M, Peak:0.00M | Scene, ViewLayer | Synchronizing object | grejig-3::top long rim.001
Fra:1 Mem:170.02M (Peak 170.02M) | Time:00:00.25 | Mem:0.00M, Peak:0.00M | Scene, ViewLayer | Synchronizing object | grejig-3::top end rim
Fra:1 Mem:170.03M (Peak 170.03M) | Time:00:00.25 | Mem:0.00M, Peak:0.00M | Scene, ViewLayer | Synchronizing object | grejig-3::top end rim.001
Fra:1 Mem:170.03M (Peak 170.03M) | Time:00:00.25 | Mem:0.00M, Peak:0.00M | Scene, ViewLayer | Synchronizing object | grejig-3::wire lattice across
Fra:1 Mem:170.03M (Peak 170.03M) | Time:00:00.25 | Mem:0.00M, Peak:0.00M | Scene, ViewLayer | Synchronizing object | grejig-3::wire lattice across.001
Fra:1 Mem:170.03M (Peak 170.03M) | Time:00:00.25 | Mem:0.00M, Peak:0.00M | Scene, ViewLayer | Synchronizing object | grejig-3::wire lattice across.002
Fra:1 Mem:170.03M (Peak 170.03M) | Time:00:00.25 | Mem:0.00M, Peak:0.00M | Scene, ViewLayer | Synchronizing object | grejig-3::wire lattice across.003
Fra:1 Mem:170.04M (Peak 170.04M) | Time:00:00.25 | Mem:0.00M, Peak:0.00M | Scene, ViewLayer | Synchronizing object | grejig-3::wire lattice across.004
Fra:1 Mem:170.04M (Peak 170.04M) | Time:00:00.25 | Mem:0.00M, Peak:0.00M | Scene, ViewLayer | Synchronizing object | grejig-3::wire lattice across.005
Fra:1 Mem:170.04M (Peak 170.04M) | Time:00:00.25 | Mem:0.00M, Peak:0.00M | Scene, ViewLayer | Synchronizing object | grejig-3::wire lattice across.006
Fra:1 Mem:170.04M (Peak 170.04M) | Time:00:00.25 | Mem:0.00M, Peak:0.00M | Scene, ViewLayer | Synchronizing object | grejig-3::wire lattice across.007
Fra:1 Mem:170.05M (Peak 170.05M) | Time:00:00.25 | Mem:0.00M, Peak:0.00M | Scene, ViewLayer | Synchronizing object | grejig-3::wire lattice across.008
Fra:1 Mem:170.05M (Peak 170.05M) | Time:00:00.25 | Mem:0.00M, Peak:0.00M | Scene, ViewLayer | Synchronizing object | grejig-3::wire lattice across.009
Fra:1 Mem:170.05M (Peak 170.05M) | Time:00:00.25 | Mem:0.00M, Peak:0.00M | Scene, ViewLayer | Synchronizing object | grejig-3::wire lattice across.010
Fra:1 Mem:170.05M (Peak 170.05M) | Time:00:00.25 | Mem:0.00M, Peak:0.00M | Scene, ViewLayer | Synchronizing object | grejig-3::wire lattice lengthwise
Fra:1 Mem:170.05M (Peak 170.05M) | Time:00:00.25 | Mem:0.00M, Peak:0.00M | Scene, ViewLayer | Synchronizing object | grejig-3::wire lattice lengthwise.001
Fra:1 Mem:170.06M (Peak 170.06M) | Time:00:00.25 | Mem:0.00M, Peak:0.00M | Scene, ViewLayer | Synchronizing object | grejig-3::wire lattice lengthwise.002
Fra:1 Mem:170.06M (Peak 170.06M) | Time:00:00.25 | Mem:0.00M, Peak:0.00M | Scene, ViewLayer | Synchronizing object | grejig-3::wire lattice lengthwise.003
Fra:1 Mem:170.06M (Peak 170.06M) | Time:00:00.25 | Mem:0.00M, Peak:0.00M | Scene, ViewLayer | Synchronizing object | grejig-3::wire lattice lengthwise.004
Fra:1 Mem:170.06M (Peak 170.06M) | Time:00:00.25 | Mem:0.00M, Peak:0.00M | Scene, ViewLayer | Synchronizing object | Provisional rack floor support — closet unrecorded
Fra:1 Mem:170.06M (Peak 170.06M) | Time:00:00.25 | Mem:0.00M, Peak:0.00M | Scene, ViewLayer | Synchronizing object | U-base closed crossbar
Fra:1 Mem:170.08M (Peak 170.08M) | Time:00:00.25 | Mem:0.00M, Peak:0.00M | Scene, ViewLayer | Synchronizing object | U-base open prong
Fra:1 Mem:170.09M (Peak 170.09M) | Time:00:00.25 | Mem:0.00M, Peak:0.00M | Scene, ViewLayer | Synchronizing object | U-base open prong.001
Fra:1 Mem:170.11M (Peak 170.11M) | Time:00:00.25 | Mem:0.00M, Peak:0.00M | Scene, ViewLayer | Synchronizing object | Slim rectangular upright
Fra:1 Mem:170.12M (Peak 170.12M) | Time:00:00.25 | Mem:0.00M, Peak:0.00M | Scene, ViewLayer | Synchronizing object | Rotary dimming knob
Fra:1 Mem:170.13M (Peak 170.13M) | Time:00:00.25 | Mem:0.00M, Peak:0.00M | Scene, ViewLayer | Synchronizing object | Rectangular panel long rim
Fra:1 Mem:170.15M (Peak 170.15M) | Time:00:00.25 | Mem:0.00M, Peak:0.00M | Scene, ViewLayer | Synchronizing object | Rectangular panel long rim.001
Fra:1 Mem:170.16M (Peak 170.16M) | Time:00:00.25 | Mem:0.00M, Peak:0.00M | Scene, ViewLayer | Synchronizing object | Rectangular panel end rim
Fra:1 Mem:170.17M (Peak 170.17M) | Time:00:00.25 | Mem:0.00M, Peak:0.00M | Scene, ViewLayer | Synchronizing object | Rectangular panel end rim.001
Fra:1 Mem:170.19M (Peak 170.19M) | Time:00:00.25 | Mem:0.00M, Peak:0.00M | Scene, ViewLayer | Synchronizing object | Narrow parallel LED light bar
Fra:1 Mem:170.20M (Peak 170.20M) | Time:00:00.25 | Mem:0.00M, Peak:0.00M | Scene, ViewLayer | Synchronizing object | Narrow parallel LED light bar.001
Fra:1 Mem:170.22M (Peak 170.22M) | Time:00:00.25 | Mem:0.00M, Peak:0.00M | Scene, ViewLayer | Synchronizing object | Triple thickness brown fleece base
Fra:1 Mem:170.23M (Peak 170.23M) | Time:00:00.25 | Mem:0.00M, Peak:0.00M | Scene, ViewLayer | Synchronizing object | kept-muttros-cat-tree::arched hollow condo wall
Fra:1 Mem:171.72M (Peak 171.72M) | Time:00:00.26 | Mem:0.00M, Peak:0.00M | Scene, ViewLayer | Synchronizing object | Condo top plush cushion
Fra:1 Mem:171.74M (Peak 171.74M) | Time:00:00.26 | Mem:0.00M, Peak:0.00M | Scene, ViewLayer | Synchronizing object | Condo dark floor
Fra:1 Mem:171.75M (Peak 171.75M) | Time:00:00.26 | Mem:0.00M, Peak:0.00M | Scene, ViewLayer | Synchronizing object | Natural wood branch0-0
Fra:1 Mem:171.76M (Peak 171.76M) | Time:00:00.26 | Mem:0.00M, Peak:0.00M | Scene, ViewLayer | Synchronizing object | Natural wood branch0-1
Fra:1 Mem:171.76M (Peak 171.76M) | Time:00:00.26 | Mem:0.00M, Peak:0.00M | Scene, ViewLayer | Synchronizing object | Natural wood branch0-2
Fra:1 Mem:171.77M (Peak 171.77M) | Time:00:00.26 | Mem:0.00M, Peak:0.00M | Scene, ViewLayer | Synchronizing object | Natural wood branch0-3
Fra:1 Mem:171.78M (Peak 171.78M) | Time:00:00.26 | Mem:0.00M, Peak:0.00M | Scene, ViewLayer | Synchronizing object | Organic branch junction
Fra:1 Mem:171.85M (Peak 171.85M) | Time:00:00.26 | Mem:0.00M, Peak:0.00M | Scene, ViewLayer | Synchronizing object | Organic branch junction.001
Fra:1 Mem:171.92M (Peak 171.92M) | Time:00:00.26 | Mem:0.00M, Peak:0.00M | Scene, ViewLayer | Synchronizing object | Organic branch junction.002
Fra:1 Mem:172.00M (Peak 172.00M) | Time:00:00.26 | Mem:0.00M, Peak:0.00M | Scene, ViewLayer | Synchronizing object | Natural wood branch1-0
Fra:1 Mem:172.00M (Peak 172.00M) | Time:00:00.26 | Mem:0.00M, Peak:0.00M | Scene, ViewLayer | Synchronizing object | Natural wood branch1-1
Fra:1 Mem:172.01M (Peak 172.01M) | Time:00:00.26 | Mem:0.00M, Peak:0.00M | Scene, ViewLayer | Synchronizing object | Natural wood branch1-2
Fra:1 Mem:172.02M (Peak 172.02M) | Time:00:00.26 | Mem:0.00M, Peak:0.00M | Scene, ViewLayer | Synchronizing object | Organic branch junction.003
Fra:1 Mem:172.09M (Peak 172.09M) | Time:00:00.26 | Mem:0.00M, Peak:0.00M | Scene, ViewLayer | Synchronizing object | Organic branch junction.004
Fra:1 Mem:172.16M (Peak 172.16M) | Time:00:00.26 | Mem:0.00M, Peak:0.00M | Scene, ViewLayer | Synchronizing object | Natural wood branch2-0
Fra:1 Mem:172.17M (Peak 172.17M) | Time:00:00.26 | Mem:0.00M, Peak:0.00M | Scene, ViewLayer | Synchronizing object | Natural wood branch2-1
Fra:1 Mem:172.18M (Peak 172.18M) | Time:00:00.26 | Mem:0.00M, Peak:0.00M | Scene, ViewLayer | Synchronizing object | Organic branch junction.005
Fra:1 Mem:172.25M (Peak 172.25M) | Time:00:00.26 | Mem:0.00M, Peak:0.00M | Scene, ViewLayer | Synchronizing object | Natural wood branch3-0
Fra:1 Mem:172.26M (Peak 172.26M) | Time:00:00.26 | Mem:0.00M, Peak:0.00M | Scene, ViewLayer | Synchronizing object | Natural wood branch3-1
Fra:1 Mem:172.26M (Peak 172.26M) | Time:00:00.26 | Mem:0.00M, Peak:0.00M | Scene, ViewLayer | Synchronizing object | Organic branch junction.006
Fra:1 Mem:172.34M (Peak 172.34M) | Time:00:00.26 | Mem:0.00M, Peak:0.00M | Scene, ViewLayer | Synchronizing object | kept-muttros-cat-tree::Top wicker basket woven horizontal cours
Fra:1 Mem:173.30M (Peak 173.39M) | Time:00:00.26 | Mem:0.00M, Peak:0.00M | Scene, ViewLayer | Synchronizing object | kept-muttros-cat-tree::Top wicker basket crossing wicker strand
Fra:1 Mem:172.51M (Peak 173.39M) | Time:00:00.26 | Mem:0.00M, Peak:0.00M | Scene, ViewLayer | Synchronizing object | standing-main-desk::lifting_column_right_inner_stage
Fra:1 Mem:176.96M (Peak 176.96M) | Time:00:00.27 | Mem:0.00M, Peak:0.00M | Scene, ViewLayer | Synchronizing object | Top wicker basket brown fleece cushion
Fra:1 Mem:177.03M (Peak 177.03M) | Time:00:00.27 | Mem:0.00M, Peak:0.00M | Scene, ViewLayer | Synchronizing object | kept-muttros-cat-tree::High side wicker basket woven horizontal
Fra:1 Mem:177.99M (Peak 178.09M) | Time:00:00.27 | Mem:0.00M, Peak:0.00M | Scene, ViewLayer | Synchronizing object | kept-muttros-cat-tree::High side wicker basket crossing wicker 
Fra:1 Mem:179.42M (Peak 179.42M) | Time:00:00.27 | Mem:0.00M, Peak:0.00M | Scene, ViewLayer | Synchronizing object | High side wicker basket brown fleece cushion
Fra:1 Mem:179.49M (Peak 179.49M) | Time:00:00.27 | Mem:0.00M, Peak:0.00M | Scene, ViewLayer | Synchronizing object | kept-muttros-cat-tree::Low side wicker basket woven horizontal 
Fra:1 Mem:180.45M (Peak 180.55M) | Time:00:00.27 | Mem:0.00M, Peak:0.00M | Scene, ViewLayer | Synchronizing object | kept-muttros-cat-tree::Low side wicker basket crossing wicker s
Fra:1 Mem:183.40M (Peak 183.40M) | Time:00:00.28 | Mem:0.00M, Peak:0.00M | Scene, ViewLayer | Synchronizing object | Low side wicker basket brown fleece cushion
Fra:1 Mem:183.47M (Peak 183.47M) | Time:00:00.28 | Mem:0.00M, Peak:0.00M | Scene, ViewLayer | Synchronizing object | kept-muttros-cat-tree::Brown fleece suspended bowl hammock
Fra:1 Mem:183.73M (Peak 183.73M) | Time:00:00.28 | Mem:0.00M, Peak:0.00M | Scene, ViewLayer | Synchronizing object | kept-muttros-cat-tree::Thick fleece hammock rim
Fra:1 Mem:183.82M (Peak 183.82M) | Time:00:00.28 | Mem:0.00M, Peak:0.00M | Scene, ViewLayer | Synchronizing object | kept-muttros-cat-tree::Sisal rope winding
Fra:1 Mem:183.97M (Peak 183.97M) | Time:00:00.28 | Mem:0.00M, Peak:0.00M | Scene, ViewLayer | Synchronizing object | kept-muttros-cat-tree::Sisal rope winding.001
Fra:1 Mem:184.13M (Peak 184.13M) | Time:00:00.28 | Mem:0.00M, Peak:0.00M | Scene, ViewLayer | Synchronizing object | kept-muttros-cat-tree::Sisal rope winding.002
Fra:1 Mem:184.32M (Peak 184.32M) | Time:00:00.28 | Mem:0.00M, Peak:0.00M | Scene, ViewLayer | Synchronizing object | kept-muttros-cat-tree::Hanging pom-pom cord
Fra:1 Mem:184.32M (Peak 184.32M) | Time:00:00.28 | Mem:0.00M, Peak:0.00M | Scene, ViewLayer | Synchronizing object | Brown play ball
Fra:1 Mem:184.39M (Peak 184.39M) | Time:00:00.28 | Mem:0.00M, Peak:0.00M | Scene, ViewLayer | Synchronizing object | kept-muttros-cat-tree::Hanging pom-pom cord.001
Fra:1 Mem:184.40M (Peak 184.40M) | Time:00:00.28 | Mem:0.00M, Peak:0.00M | Scene, ViewLayer | Synchronizing object | Brown play ball.001
Fra:1 Mem:184.47M (Peak 184.47M) | Time:00:00.28 | Mem:0.00M, Peak:0.00M | Scene, ViewLayer | Synchronizing object | kept-muttros-cat-tree::Hanging pom-pom cord.002
Fra:1 Mem:184.47M (Peak 184.47M) | Time:00:00.28 | Mem:0.00M, Peak:0.00M | Scene, ViewLayer | Synchronizing object | Brown play ball.002
Fra:1 Mem:184.54M (Peak 184.54M) | Time:00:00.28 | Mem:0.00M, Peak:0.00M | Scene, ViewLayer | Synchronizing object | aeron-primary :: five-star spoke 1
Fra:1 Mem:184.55M (Peak 184.55M) | Time:00:00.28 | Mem:0.00M, Peak:0.00M | Scene, ViewLayer | Synchronizing object | aeron-primary :: caster 1 wheel -1
Fra:1 Mem:184.55M (Peak 184.55M) | Time:00:00.28 | Mem:0.00M, Peak:0.00M | Scene, ViewLayer | Synchronizing object | aeron-primary :: caster 1 wheel 1
Fra:1 Mem:184.56M (Peak 184.56M) | Time:00:00.28 | Mem:0.00M, Peak:0.00M | Scene, ViewLayer | Synchronizing object | aeron-primary :: caster 1 swivel
Fra:1 Mem:184.56M (Peak 184.56M) | Time:00:00.28 | Mem:0.00M, Peak:0.00M | Scene, ViewLayer | Synchronizing object | aeron-primary :: five-star spoke 2
Fra:1 Mem:184.57M (Peak 184.57M) | Time:00:00.28 | Mem:0.00M, Peak:0.00M | Scene, ViewLayer | Synchronizing object | aeron-primary :: caster 2 wheel -1
Fra:1 Mem:184.58M (Peak 184.58M) | Time:00:00.28 | Mem:0.00M, Peak:0.00M | Scene, ViewLayer | Synchronizing object | aeron-primary :: caster 2 wheel 1
Fra:1 Mem:184.58M (Peak 184.58M) | Time:00:00.28 | Mem:0.00M, Peak:0.00M | Scene, ViewLayer | Synchronizing object | aeron-primary :: caster 2 swivel
Fra:1 Mem:184.59M (Peak 184.59M) | Time:00:00.28 | Mem:0.00M, Peak:0.00M | Scene, ViewLayer | Synchronizing object | aeron-primary :: five-star spoke 3
Fra:1 Mem:184.59M (Peak 184.59M) | Time:00:00.28 | Mem:0.00M, Peak:0.00M | Scene, ViewLayer | Synchronizing object | aeron-primary :: caster 3 wheel -1
Fra:1 Mem:184.60M (Peak 184.60M) | Time:00:00.28 | Mem:0.00M, Peak:0.00M | Scene, ViewLayer | Synchronizing object | aeron-primary :: caster 3 wheel 1
Fra:1 Mem:184.61M (Peak 184.61M) | Time:00:00.28 | Mem:0.00M, Peak:0.00M | Scene, ViewLayer | Synchronizing object | aeron-primary :: caster 3 swivel
Fra:1 Mem:184.61M (Peak 184.61M) | Time:00:00.28 | Mem:0.00M, Peak:0.00M | Scene, ViewLayer | Synchronizing object | aeron-primary :: five-star spoke 4
Fra:1 Mem:184.61M (Peak 184.61M) | Time:00:00.28 | Mem:0.00M, Peak:0.00M | Scene, ViewLayer | Synchronizing object | aeron-primary :: caster 4 wheel -1
Fra:1 Mem:184.62M (Peak 184.62M) | Time:00:00.28 | Mem:0.00M, Peak:0.00M | Scene, ViewLayer | Synchronizing object | aeron-primary :: caster 4 wheel 1
Fra:1 Mem:184.63M (Peak 184.63M) | Time:00:00.28 | Mem:0.00M, Peak:0.00M | Scene, ViewLayer | Synchronizing object | aeron-primary :: caster 4 swivel
Fra:1 Mem:184.63M (Peak 184.63M) | Time:00:00.28 | Mem:0.00M, Peak:0.00M | Scene, ViewLayer | Synchronizing object | aeron-primary :: five-star spoke 5
Fra:1 Mem:184.64M (Peak 184.64M) | Time:00:00.28 | Mem:0.00M, Peak:0.00M | Scene, ViewLayer | Synchronizing object | aeron-primary :: caster 5 wheel -1
Fra:1 Mem:184.64M (Peak 184.64M) | Time:00:00.28 | Mem:0.00M, Peak:0.00M | Scene, ViewLayer | Synchronizing object | aeron-primary :: caster 5 wheel 1
Fra:1 Mem:184.65M (Peak 184.65M) | Time:00:00.28 | Mem:0.00M, Peak:0.00M | Scene, ViewLayer | Synchronizing object | aeron-primary :: caster 5 swivel
Fra:1 Mem:184.65M (Peak 184.65M) | Time:00:00.28 | Mem:0.00M, Peak:0.00M | Scene, ViewLayer | Synchronizing object | aeron-primary :: base hub
Fra:1 Mem:184.66M (Peak 184.66M) | Time:00:00.28 | Mem:0.00M, Peak:0.00M | Scene, ViewLayer | Synchronizing object | aeron-primary :: gas lift cylinder
Fra:1 Mem:184.67M (Peak 184.67M) | Time:00:00.28 | Mem:0.00M, Peak:0.00M | Scene, ViewLayer | Synchronizing object | aeron-primary :: tilt mechanism housing
Fra:1 Mem:184.74M (Peak 184.74M) | Time:00:00.29 | Mem:0.00M, Peak:0.00M | Scene, ViewLayer | Synchronizing object | aeron-primary :: underseat cross support
Fra:1 Mem:184.75M (Peak 184.75M) | Time:00:00.29 | Mem:0.00M, Peak:0.00M | Scene, ViewLayer | Synchronizing object | aeron-primary :: right tilt control stem
Fra:1 Mem:184.75M (Peak 184.75M) | Time:00:00.29 | Mem:0.00M, Peak:0.00M | Scene, ViewLayer | Synchronizing object | aeron-primary :: tilt control knob
Fra:1 Mem:184.82M (Peak 184.82M) | Time:00:00.29 | Mem:0.00M, Peak:0.00M | Scene, ViewLayer | Synchronizing object | aeron-primary :: sculpted open oval back perimeter
Fra:1 Mem:185.05M (Peak 185.05M) | Time:00:00.29 | Mem:0.00M, Peak:0.00M | Scene, ViewLayer | Synchronizing object | aeron-primary :: sculpted open seat perimeter
Fra:1 Mem:185.28M (Peak 185.28M) | Time:00:00.29 | Mem:0.00M, Peak:0.00M | Scene, ViewLayer | Synchronizing object | aeron-primary :: fine open curved back weave
Fra:1 Mem:186.83M (Peak 190.55M) | Time:00:00.29 | Mem:0.00M, Peak:0.00M | Scene, ViewLayer | Synchronizing object | standing-main-desk::cable_door_lid
Fra:1 Mem:192.07M (Peak 193.54M) | Time:00:00.33 | Mem:0.00M, Peak:0.00M | Scene, ViewLayer | Synchronizing object | aeron-primary :: fine open suspended seat weave
Fra:1 Mem:194.30M (Peak 195.11M) | Time:00:00.33 | Mem:0.00M, Peak:0.00M | Scene, ViewLayer | Synchronizing object | standing-main-desk::frame_cover_right
Fra:1 Mem:201.77M (Peak 202.82M) | Time:00:00.34 | Mem:0.00M, Peak:0.00M | Scene, ViewLayer | Synchronizing object | aeron-primary :: rear central back carrier
Fra:1 Mem:201.78M (Peak 202.82M) | Time:00:00.34 | Mem:0.00M, Peak:0.00M | Scene, ViewLayer | Synchronizing object | aeron-primary :: reference lumbar support
Fra:1 Mem:201.78M (Peak 202.82M) | Time:00:00.34 | Mem:0.00M, Peak:0.00M | Scene, ViewLayer | Synchronizing object | aeron-primary :: seat hinge and back carrier -1
Fra:1 Mem:201.79M (Peak 202.82M) | Time:00:00.34 | Mem:0.00M, Peak:0.00M | Scene, ViewLayer | Synchronizing object | aeron-primary :: seat pivot cap -1
Fra:1 Mem:201.86M (Peak 202.82M) | Time:00:00.34 | Mem:0.00M, Peak:0.00M | Scene, ViewLayer | Synchronizing object | aeron-primary :: adjustable arm support -1
Fra:1 Mem:201.86M (Peak 202.82M) | Time:00:00.34 | Mem:0.00M, Peak:0.00M | Scene, ViewLayer | Synchronizing object | aeron-primary :: gray arm pad -1
Fra:1 Mem:201.93M (Peak 202.82M) | Time:00:00.34 | Mem:0.00M, Peak:0.00M | Scene, ViewLayer | Synchronizing object | aeron-primary :: seat hinge and back carrier 1
Fra:1 Mem:201.94M (Peak 202.82M) | Time:00:00.34 | Mem:0.00M, Peak:0.00M | Scene, ViewLayer | Synchronizing object | aeron-primary :: seat pivot cap 1
Fra:1 Mem:202.01M (Peak 202.82M) | Time:00:00.34 | Mem:0.00M, Peak:0.00M | Scene, ViewLayer | Synchronizing object | aeron-primary :: adjustable arm support 1
Fra:1 Mem:202.01M (Peak 202.82M) | Time:00:00.34 | Mem:0.00M, Peak:0.00M | Scene, ViewLayer | Synchronizing object | aeron-primary :: gray arm pad 1
Fra:1 Mem:202.08M (Peak 202.82M) | Time:00:00.34 | Mem:0.00M, Peak:0.00M | Scene, ViewLayer | Synchronizing object | standing-main-desk::leveling_glide_right_rear
Fra:1 Mem:204.58M (Peak 205.07M) | Time:00:00.36 | Mem:0.00M, Peak:0.00M | Scene, ViewLayer | Synchronizing object | standing-main-desk::lifting_column_left_head
Fra:1 Mem:209.94M (Peak 215.45M) | Time:00:00.38 | Mem:0.00M, Peak:0.00M | Scene, ViewLayer | Synchronizing object | standing-main-desk::lifting_column_right_middle_stage
Fra:1 Mem:219.10M (Peak 222.52M) | Time:00:00.44 | Mem:0.00M, Peak:0.00M | Scene, ViewLayer | Synchronizing object | standing-main-desk::frame_rail_front
Fra:1 Mem:216.38M (Peak 224.95M) | Time:00:00.46 | Mem:0.00M, Peak:0.00M | Scene, ViewLayer | Synchronizing object | standing-main-desk::lifting_column_right_outer_stage
Fra:1 Mem:221.17M (Peak 226.39M) | Time:00:00.48 | Mem:0.00M, Peak:0.00M | Scene, ViewLayer | Synchronizing object | standing-main-desk::desktop_bracket_right
Fra:1 Mem:226.95M (Peak 229.31M) | Time:00:00.53 | Mem:0.00M, Peak:0.00M | Scene, ViewLayer | Synchronizing object | standing-main-desk::keypad_controls
Fra:1 Mem:228.16M (Peak 229.31M) | Time:00:00.55 | Mem:0.00M, Peak:0.00M | Scene, ViewLayer | Synchronizing object | standing-main-desk::foot_right
Fra:1 Mem:223.38M (Peak 230.25M) | Time:00:00.55 | Mem:0.00M, Peak:0.00M | Scene, ViewLayer | Synchronizing object | standing-main-desk::desktop_bracket_left
Fra:1 Mem:227.42M (Peak 230.25M) | Time:00:00.58 | Mem:0.00M, Peak:0.00M | Scene, ViewLayer | Synchronizing object | standing-main-desk::lifting_column_left_inner_stage
Fra:1 Mem:224.96M (Peak 230.25M) | Time:00:00.58 | Mem:0.00M, Peak:0.00M | Scene, ViewLayer | Synchronizing object | standing-main-desk::frame_end_right
Fra:1 Mem:246.10M (Peak 249.37M) | Time:00:00.63 | Mem:0.00M, Peak:0.00M | Scene, ViewLayer | Synchronizing object | standing-main-desk::desktop
Fra:1 Mem:250.40M (Peak 254.29M) | Time:00:00.67 | Mem:0.00M, Peak:0.00M | Scene, ViewLayer | Synchronizing object | standing-main-desk::control_box
Fra:1 Mem:262.90M (Peak 278.97M) | Time:00:00.83 | Mem:0.00M, Peak:0.00M | Scene, ViewLayer | Synchronizing object | standing-main-desk::foot_left
Fra:1 Mem:260.38M (Peak 278.97M) | Time:00:00.86 | Mem:0.00M, Peak:0.00M | Scene, ViewLayer | Synchronizing object | standing-main-desk::frame_rail_rear
Fra:1 Mem:258.28M (Peak 278.97M) | Time:00:00.88 | Mem:0.00M, Peak:0.00M | Scene, ViewLayer | Synchronizing object | standing-main-desk::frame_end_left
Fra:1 Mem:274.62M (Peak 278.97M) | Time:00:00.92 | Mem:0.00M, Peak:0.00M | Scene, ViewLayer | Synchronizing object | standing-main-desk::lifting_column_left_middle_stage
Fra:1 Mem:278.93M (Peak 282.74M) | Time:00:00.97 | Mem:0.00M, Peak:0.00M | Scene, ViewLayer | Synchronizing object | standing-main-desk::leveling_glide_left_rear
Fra:1 Mem:281.84M (Peak 282.74M) | Time:00:00.97 | Mem:0.00M, Peak:0.00M | Scene, ViewLayer | Synchronizing object | standing-main-desk::cable_door
Fra:1 Mem:283.12M (Peak 284.30M) | Time:00:00.98 | Mem:0.00M, Peak:0.00M | Scene, ViewLayer | Synchronizing object | standing-main-desk::frame_cover_left
Fra:1 Mem:281.36M (Peak 299.76M) | Time:00:01.04 | Mem:0.00M, Peak:0.00M | Scene, ViewLayer | Synchronizing object | standing-main-desk::cable_door_brush
Fra:1 Mem:281.36M (Peak 299.76M) | Time:00:01.04 | Mem:0.00M, Peak:0.00M | Scene, ViewLayer | Synchronizing object | standing-main-desk::leveling_glide_right_front
Fra:1 Mem:277.18M (Peak 299.76M) | Time:00:01.04 | Mem:0.00M, Peak:0.00M | Scene, ViewLayer | Synchronizing object | standing-main-desk::lifting_column_right_head
Fra:1 Mem:285.93M (Peak 299.76M) | Time:00:01.05 | Mem:0.00M, Peak:0.00M | Scene, ViewLayer | Synchronizing object | standing-main-desk::lifting_column_left_outer_stage
Fra:1 Mem:294.90M (Peak 303.70M) | Time:00:01.09 | Mem:0.00M, Peak:0.00M | Scene, ViewLayer | Synchronizing object | standing-main-desk::felt_cable_organizer
Fra:1 Mem:295.36M (Peak 303.70M) | Time:00:01.09 | Mem:0.00M, Peak:0.00M | Scene, ViewLayer | Synchronizing object | standing-main-desk::keypad
Fra:1 Mem:292.47M (Peak 303.70M) | Time:00:01.14 | Mem:0.00M, Peak:0.00M | Scene, ViewLayer | Initializing
Fra:1 Mem:287.30M (Peak 303.70M) | Time:00:01.14 | Mem:0.00M, Peak:0.00M | Scene, ViewLayer | Updating Images | Loading wood-upper.png
Fra:1 Mem:299.99M (Peak 303.99M) | Time:00:01.17 | Mem:2.00M, Peak:2.00M | Scene, ViewLayer | Updating Images | Loading brick-upper.png
Fra:1 Mem:306.00M (Peak 327.37M) | Time:00:01.18 | Mem:12.68M, Peak:12.68M | Scene, ViewLayer | Updating Images | Loading rift-6x9.jpg
Fra:1 Mem:312.18M (Peak 384.40M) | Time:00:01.32 | Mem:42.15M, Peak:42.15M | Scene, ViewLayer | Waiting for render to start
Fra:1 Mem:312.18M (Peak 384.40M) | Time:00:01.32 | Mem:42.15M, Peak:42.15M | Scene, ViewLayer | Loading render kernels (may take a few minutes the first time)
Fra:1 Mem:312.18M (Peak 384.40M) | Time:00:01.32 | Mem:42.15M, Peak:42.15M | Scene, ViewLayer | Updating Scene
Fra:1 Mem:312.18M (Peak 384.40M) | Time:00:01.32 | Mem:42.15M, Peak:42.15M | Scene, ViewLayer | Updating Shaders
Fra:1 Mem:312.30M (Peak 384.40M) | Time:00:01.33 | Mem:42.19M, Peak:42.19M | Scene, ViewLayer | Updating Procedurals
Fra:1 Mem:312.30M (Peak 384.40M) | Time:00:01.33 | Mem:42.19M, Peak:42.19M | Scene, ViewLayer | Updating Background
Fra:1 Mem:312.30M (Peak 384.40M) | Time:00:01.33 | Mem:42.19M, Peak:42.19M | Scene, ViewLayer | Updating Camera
Fra:1 Mem:312.30M (Peak 384.40M) | Time:00:01.33 | Mem:42.19M, Peak:42.19M | Scene, ViewLayer | Updating Meshes Flags
Fra:1 Mem:312.30M (Peak 384.40M) | Time:00:01.33 | Mem:42.19M, Peak:42.19M | Scene, ViewLayer | Updating Objects
Fra:1 Mem:312.30M (Peak 384.40M) | Time:00:01.33 | Mem:42.19M, Peak:42.19M | Scene, ViewLayer | Updating Objects | Copying Transformations to device
Fra:1 Mem:312.42M (Peak 384.40M) | Time:00:01.33 | Mem:42.31M, Peak:42.31M | Scene, ViewLayer | Updating Objects | Applying Static Transformations
Fra:1 Mem:312.42M (Peak 384.40M) | Time:00:01.34 | Mem:42.31M, Peak:42.31M | Scene, ViewLayer | Updating Particle Systems
Fra:1 Mem:312.42M (Peak 384.40M) | Time:00:01.34 | Mem:42.31M, Peak:42.31M | Scene, ViewLayer | Updating Particle Systems | Copying Particles to device
Fra:1 Mem:312.42M (Peak 384.40M) | Time:00:01.34 | Mem:42.31M, Peak:42.31M | Scene, ViewLayer | Updating Meshes
Fra:1 Mem:332.84M (Peak 384.40M) | Time:00:01.45 | Mem:42.31M, Peak:42.31M | Scene, ViewLayer | Updating Mesh | Computing attributes
Fra:1 Mem:349.26M (Peak 384.40M) | Time:00:01.49 | Mem:42.34M, Peak:42.34M | Scene, ViewLayer | Updating Mesh | Copying Attributes to device
Fra:1 Mem:349.18M (Peak 384.40M) | Time:00:01.49 | Mem:58.65M, Peak:58.65M | Scene, ViewLayer | Updating Geometry BVH Original FADO source body component 1/1 | Building BVH
Fra:1 Mem:349.18M (Peak 384.40M) | Time:00:01.49 | Mem:59.10M, Peak:59.10M | Scene, ViewLayer | Updating Geometry BVH Original FADO source body component 1/1 | Building BVH 0%
Fra:1 Mem:349.18M (Peak 384.40M) | Time:00:01.50 | Mem:59.55M, Peak:60.01M | Scene, ViewLayer | Updating Scene BVH | Building
Fra:1 Mem:349.19M (Peak 384.40M) | Time:00:01.50 | Mem:59.55M, Peak:60.01M | Scene, ViewLayer | Updating Scene BVH | Building BVH
Fra:1 Mem:349.19M (Peak 384.40M) | Time:00:01.74 | Mem:137.93M, Peak:137.93M | Scene, ViewLayer | Updating Scene BVH | Building BVH 42%
Fra:1 Mem:349.19M (Peak 384.40M) | Time:00:01.96 | Mem:145.55M, Peak:185.93M | Scene, ViewLayer | Updating Scene BVH | Copying BVH to device
Fra:1 Mem:349.19M (Peak 384.40M) | Time:00:01.96 | Mem:145.55M, Peak:185.93M | Scene, ViewLayer | Updating Mesh | Computing normals
Fra:1 Mem:418.20M (Peak 418.20M) | Time:00:01.98 | Mem:145.55M, Peak:185.93M | Scene, ViewLayer | Updating Mesh | Copying Mesh to device
Fra:1 Mem:418.20M (Peak 418.20M) | Time:00:01.98 | Mem:214.56M, Peak:214.56M | Scene, ViewLayer | Updating Objects Flags
Fra:1 Mem:418.20M (Peak 418.20M) | Time:00:01.98 | Mem:214.57M, Peak:214.57M | Scene, ViewLayer | Updating Primitive Offsets
Fra:1 Mem:418.20M (Peak 418.20M) | Time:00:01.98 | Mem:214.57M, Peak:214.57M | Scene, ViewLayer | Updating Images
Fra:1 Mem:418.20M (Peak 418.20M) | Time:00:01.98 | Mem:214.57M, Peak:214.57M | Scene, ViewLayer | Updating Camera Volume
Fra:1 Mem:418.20M (Peak 418.20M) | Time:00:01.98 | Mem:214.57M, Peak:214.57M | Scene, ViewLayer | Updating Lookup Tables
Fra:1 Mem:418.20M (Peak 418.20M) | Time:00:01.98 | Mem:214.65M, Peak:214.65M | Scene, ViewLayer | Updating Lights
Fra:1 Mem:418.20M (Peak 418.20M) | Time:00:01.98 | Mem:214.65M, Peak:214.65M | Scene, ViewLayer | Updating Lights | Computing tree
Fra:1 Mem:418.27M (Peak 418.27M) | Time:00:01.98 | Mem:214.72M, Peak:214.72M | Scene, ViewLayer | Updating Integrator
Fra:1 Mem:418.27M (Peak 418.27M) | Time:00:01.98 | Mem:214.72M, Peak:214.72M | Scene, ViewLayer | Updating Film
Fra:1 Mem:418.27M (Peak 418.27M) | Time:00:01.98 | Mem:214.64M, Peak:214.72M | Scene, ViewLayer | Updating Lookup Tables
Fra:1 Mem:418.27M (Peak 418.27M) | Time:00:01.98 | Mem:214.72M, Peak:214.72M | Scene, ViewLayer | Updating Baking
Fra:1 Mem:418.27M (Peak 418.27M) | Time:00:01.98 | Mem:214.72M, Peak:214.72M | Scene, ViewLayer | Updating Device | Writing constant memory
Fra:1 Mem:418.28M (Peak 418.28M) | Time:00:01.98 | Mem:214.72M, Peak:214.72M | Scene, ViewLayer | Sample 0/64
Fra:1 Mem:467.73M (Peak 467.73M) | Time:00:10.79 | Remaining:09:14.89 | Mem:264.17M, Peak:264.17M | Scene, ViewLayer | Sample 1/64
Fra:1 Mem:467.73M (Peak 467.73M) | Time:00:42.81 | Remaining:08:01.71 | Mem:264.17M, Peak:264.17M | Scene, ViewLayer | Sample 5/64
Fra:1 Mem:467.73M (Peak 467.73M) | Time:01:15.95 | Remaining:07:32.03 | Mem:264.17M, Peak:264.17M | Scene, ViewLayer | Sample 9/64
Fra:1 Mem:467.73M (Peak 467.73M) | Time:01:47.69 | Remaining:06:54.69 | Mem:264.17M, Peak:264.17M | Scene, ViewLayer | Sample 13/64
Fra:1 Mem:467.73M (Peak 467.73M) | Time:02:17.28 | Remaining:06:14.03 | Mem:264.17M, Peak:264.17M | Scene, ViewLayer | Sample 17/64
Fra:1 Mem:467.73M (Peak 467.73M) | Time:02:40.53 | Remaining:05:24.63 | Mem:264.17M, Peak:264.17M | Scene, ViewLayer | Sample 21/64
Fra:1 Mem:467.73M (Peak 467.73M) | Time:03:03.26 | Remaining:04:42.79 | Mem:264.17M, Peak:264.17M | Scene, ViewLayer | Sample 25/64
Fra:1 Mem:467.73M (Peak 467.73M) | Time:03:28.23 | Remaining:04:08.91 | Mem:264.17M, Peak:264.17M | Scene, ViewLayer | Sample 29/64
Fra:1 Mem:467.73M (Peak 467.73M) | Time:03:48.83 | Remaining:03:46.84 | Mem:264.17M, Peak:264.17M | Scene, ViewLayer | Sample 32/64
Fra:1 Mem:467.73M (Peak 467.73M) | Time:04:10.76 | Remaining:03:13.49 | Mem:264.17M, Peak:264.17M | Scene, ViewLayer | Sample 36/64
Fra:1 Mem:467.73M (Peak 467.73M) | Time:04:32.63 | Remaining:02:42.38 | Mem:264.17M, Peak:264.17M | Scene, ViewLayer | Sample 40/64
Fra:1 Mem:467.73M (Peak 467.73M) | Time:04:57.56 | Remaining:02:14.35 | Mem:264.17M, Peak:264.17M | Scene, ViewLayer | Sample 44/64
Fra:1 Mem:467.73M (Peak 467.73M) | Time:05:22.63 | Remaining:01:46.88 | Mem:264.17M, Peak:264.17M | Scene, ViewLayer | Sample 48/64
Fra:1 Mem:467.73M (Peak 467.73M) | Time:05:44.69 | Remaining:01:19.08 | Mem:264.17M, Peak:264.17M | Scene, ViewLayer | Sample 52/64
Fra:1 Mem:467.73M (Peak 467.73M) | Time:06:06.26 | Remaining:00:52.03 | Mem:264.17M, Peak:264.17M | Scene, ViewLayer | Sample 56/64
Fra:1 Mem:467.73M (Peak 467.73M) | Time:06:27.85 | Remaining:00:25.72 | Mem:264.17M, Peak:264.17M | Scene, ViewLayer | Sample 60/64
Fra:1 Mem:489.70M (Peak 533.65M) | Time:06:58.25 | Mem:264.17M, Peak:264.17M | Scene, ViewLayer | Sample 64/64
Fra:1 Mem:489.70M (Peak 533.65M) | Time:06:58.25 | Mem:264.17M, Peak:264.17M | Scene, ViewLayer | Finished
Saved: '/workspace/his-office-pinterest/variants/b-charcoal-slat/model/renders/room-a.jpg'
Time: 06:58.84 (Saving: 00:00.57)

VIEW_READY b-charcoal-slat room-a
Fra:1 Mem:204.38M (Peak 204.80M) | Time:00:00.10 | Mem:0.00M, Peak:0.00M | Scene, ViewLayer | Synchronizing object | architecture_ceiling — his-office
Fra:1 Mem:204.38M (Peak 204.80M) | Time:00:00.10 | Mem:0.00M, Peak:0.00M | Scene, ViewLayer | Synchronizing object | architecture_floor — his-office
Fra:1 Mem:204.38M (Peak 204.80M) | Time:00:00.10 | Mem:0.00M, Peak:0.00M | Scene, ViewLayer | Synchronizing object | his-office wall0 segment
Fra:1 Mem:204.38M (Peak 204.80M) | Time:00:00.10 | Mem:0.00M, Peak:0.00M | Scene, ViewLayer | Synchronizing object | his-office wall2 segment
Fra:1 Mem:204.38M (Peak 204.80M) | Time:00:00.10 | Mem:0.00M, Peak:0.00M | Scene, ViewLayer | Synchronizing object | his-office wall4 segment
Fra:1 Mem:204.38M (Peak 204.80M) | Time:00:00.10 | Mem:0.00M, Peak:0.00M | Scene, ViewLayer | Synchronizing object | his-office wall5 corrected solid 0
Fra:1 Mem:204.38M (Peak 204.80M) | Time:00:00.10 | Mem:0.00M, Peak:0.00M | Scene, ViewLayer | Synchronizing object | his-office wall5 corrected bottom 1
Fra:1 Mem:204.38M (Peak 204.80M) | Time:00:00.10 | Mem:0.00M, Peak:0.00M | Scene, ViewLayer | Synchronizing object | his-office wall5 corrected head 1
Fra:1 Mem:204.38M (Peak 204.80M) | Time:00:00.10 | Mem:0.00M, Peak:0.00M | Scene, ViewLayer | Synchronizing object | his-office wall5 corrected solid 2
Fra:1 Mem:204.38M (Peak 204.80M) | Time:00:00.10 | Mem:0.00M, Peak:0.00M | Scene, ViewLayer | Synchronizing object | his-office wall5 corrected bottom 3
Fra:1 Mem:204.38M (Peak 204.80M) | Time:00:00.10 | Mem:0.00M, Peak:0.00M | Scene, ViewLayer | Synchronizing object | his-office wall5 corrected head 3
Fra:1 Mem:204.38M (Peak 204.80M) | Time:00:00.10 | Mem:0.00M, Peak:0.00M | Scene, ViewLayer | Synchronizing object | his-office wall5 corrected solid 4
Fra:1 Mem:204.38M (Peak 204.80M) | Time:00:00.10 | Mem:0.00M, Peak:0.00M | Scene, ViewLayer | Synchronizing object | his-office wall3 — lower-Y side
Fra:1 Mem:204.38M (Peak 204.80M) | Time:00:00.10 | Mem:0.00M, Peak:0.00M | Scene, ViewLayer | Synchronizing object | his-office wall3 — upper-Y side
Fra:1 Mem:204.38M (Peak 204.80M) | Time:00:00.10 | Mem:0.00M, Peak:0.00M | Scene, ViewLayer | Synchronizing object | his-office wall3 — head continuation
Fra:1 Mem:204.38M (Peak 204.80M) | Time:00:00.10 | Mem:0.00M, Peak:0.00M | Scene, ViewLayer | Synchronizing object | his-office wall3 — below floor continuation
Fra:1 Mem:204.39M (Peak 204.80M) | Time:00:00.10 | Mem:0.00M, Peak:0.00M | Scene, ViewLayer | Synchronizing object | his-office wall1 — lower-Y side
Fra:1 Mem:204.39M (Peak 204.80M) | Time:00:00.10 | Mem:0.00M, Peak:0.00M | Scene, ViewLayer | Synchronizing object | his-office wall1 — upper-Y side
Fra:1 Mem:204.39M (Peak 204.80M) | Time:00:00.10 | Mem:0.00M, Peak:0.00M | Scene, ViewLayer | Synchronizing object | his-office wall1 — head continuation
Fra:1 Mem:204.39M (Peak 204.80M) | Time:00:00.10 | Mem:0.00M, Peak:0.00M | Scene, ViewLayer | Synchronizing object | his-office wall1 — below floor continuation
Fra:1 Mem:204.39M (Peak 204.80M) | Time:00:00.10 | Mem:0.00M, Peak:0.00M | Scene, ViewLayer | Synchronizing object | Observed brick chimney projection
Fra:1 Mem:204.39M (Peak 204.80M) | Time:00:00.10 | Mem:0.00M, Peak:0.00M | Scene, ViewLayer | Synchronizing object | Local floor continuation to observed brick face
Fra:1 Mem:204.40M (Peak 204.80M) | Time:00:00.10 | Mem:0.00M, Peak:0.00M | Scene, ViewLayer | Synchronizing object | Observed single-window glazing
Fra:1 Mem:204.41M (Peak 204.80M) | Time:00:00.10 | Mem:0.00M, Peak:0.00M | Scene, ViewLayer | Synchronizing object | Observed single-window vertical trim
Fra:1 Mem:204.42M (Peak 204.80M) | Time:00:00.10 | Mem:0.00M, Peak:0.00M | Scene, ViewLayer | Synchronizing object | Observed single-window vertical trim.001
Fra:1 Mem:204.44M (Peak 204.80M) | Time:00:00.10 | Mem:0.00M, Peak:0.00M | Scene, ViewLayer | Synchronizing object | Observed single-window horizontal trim
Fra:1 Mem:204.45M (Peak 204.80M) | Time:00:00.10 | Mem:0.00M, Peak:0.00M | Scene, ViewLayer | Synchronizing object | Observed single-window horizontal trim.001
Fra:1 Mem:204.47M (Peak 204.80M) | Time:00:00.10 | Mem:0.00M, Peak:0.00M | Scene, ViewLayer | Synchronizing object | Observed single-window horizontal trim.002
Fra:1 Mem:204.48M (Peak 204.80M) | Time:00:00.10 | Mem:0.00M, Peak:0.00M | Scene, ViewLayer | Synchronizing object | Observed single-window projecting sill
Fra:1 Mem:204.50M (Peak 204.80M) | Time:00:00.10 | Mem:0.00M, Peak:0.00M | Scene, ViewLayer | Synchronizing object | Observed single-window sill apron
Fra:1 Mem:204.51M (Peak 204.80M) | Time:00:00.10 | Mem:0.00M, Peak:0.00M | Scene, ViewLayer | Synchronizing object | Existing closet frame jamb
Fra:1 Mem:204.53M (Peak 204.80M) | Time:00:00.10 | Mem:0.00M, Peak:0.00M | Scene, ViewLayer | Synchronizing object | Existing closet frame jamb.001
Fra:1 Mem:204.54M (Peak 204.80M) | Time:00:00.10 | Mem:0.00M, Peak:0.00M | Scene, ViewLayer | Synchronizing object | Existing closet frame header
Fra:1 Mem:204.55M (Peak 204.80M) | Time:00:00.13 | Mem:0.00M, Peak:0.00M | Scene, ViewLayer | Synchronizing object | Existing closet transom
Fra:1 Mem:204.57M (Peak 204.80M) | Time:00:00.13 | Mem:0.00M, Peak:0.00M | Scene, ViewLayer | Synchronizing object | Existing overhead cupboard frame jamb
Fra:1 Mem:204.59M (Peak 204.80M) | Time:00:00.13 | Mem:0.00M, Peak:0.00M | Scene, ViewLayer | Synchronizing object | Existing overhead cupboard frame jamb.001
Fra:1 Mem:204.60M (Peak 204.80M) | Time:00:00.13 | Mem:0.00M, Peak:0.00M | Scene, ViewLayer | Synchronizing object | Existing overhead cupboard frame header
Fra:1 Mem:204.61M (Peak 204.80M) | Time:00:00.13 | Mem:0.00M, Peak:0.00M | Scene, ViewLayer | Synchronizing object | Existing overhead cupboard panel
Fra:1 Mem:204.63M (Peak 204.80M) | Time:00:00.13 | Mem:0.00M, Peak:0.00M | Scene, ViewLayer | Synchronizing object | Existing cupboard metal latch
Fra:1 Mem:204.64M (Peak 204.80M) | Time:00:00.13 | Mem:0.00M, Peak:0.00M | Scene, ViewLayer | Synchronizing object | Existing living-entry frame jamb
Fra:1 Mem:204.66M (Peak 204.80M) | Time:00:00.13 | Mem:0.00M, Peak:0.00M | Scene, ViewLayer | Synchronizing object | Existing living-entry frame jamb.001
Fra:1 Mem:204.67M (Peak 204.80M) | Time:00:00.13 | Mem:0.00M, Peak:0.00M | Scene, ViewLayer | Synchronizing object | Existing living-entry frame header
Fra:1 Mem:204.69M (Peak 204.80M) | Time:00:00.13 | Mem:0.00M, Peak:0.00M | Scene, ViewLayer | Synchronizing object | Existing exterior-door frame jamb
Fra:1 Mem:204.70M (Peak 204.80M) | Time:00:00.13 | Mem:0.00M, Peak:0.00M | Scene, ViewLayer | Synchronizing object | Existing exterior-door frame jamb.001
Fra:1 Mem:204.72M (Peak 204.80M) | Time:00:00.13 | Mem:0.00M, Peak:0.00M | Scene, ViewLayer | Synchronizing object | Existing exterior-door frame header
Fra:1 Mem:204.73M (Peak 204.80M) | Time:00:00.13 | Mem:0.00M, Peak:0.00M | Scene, ViewLayer | Synchronizing object | Existing cast-iron radiator section
Fra:1 Mem:204.75M (Peak 204.80M) | Time:00:00.13 | Mem:0.00M, Peak:0.00M | Scene, ViewLayer | Synchronizing object | Existing cast-iron radiator section.001
Fra:1 Mem:204.76M (Peak 204.80M) | Time:00:00.13 | Mem:0.00M, Peak:0.00M | Scene, ViewLayer | Synchronizing object | Existing cast-iron radiator section.002
Fra:1 Mem:204.78M (Peak 204.80M) | Time:00:00.13 | Mem:0.00M, Peak:0.00M | Scene, ViewLayer | Synchronizing object | Existing cast-iron radiator section.003
Fra:1 Mem:204.79M (Peak 204.80M) | Time:00:00.13 | Mem:0.00M, Peak:0.00M | Scene, ViewLayer | Synchronizing object | Existing cast-iron radiator section.004
Fra:1 Mem:204.80M (Peak 204.80M) | Time:00:00.13 | Mem:0.00M, Peak:0.00M | Scene, ViewLayer | Synchronizing object | Existing cast-iron radiator section.005
Fra:1 Mem:204.82M (Peak 204.82M) | Time:00:00.13 | Mem:0.00M, Peak:0.00M | Scene, ViewLayer | Synchronizing object | Existing cast-iron radiator section.006
Fra:1 Mem:204.83M (Peak 204.83M) | Time:00:00.13 | Mem:0.00M, Peak:0.00M | Scene, ViewLayer | Synchronizing object | Existing cast-iron radiator section.007
Fra:1 Mem:204.85M (Peak 204.85M) | Time:00:00.13 | Mem:0.00M, Peak:0.00M | Scene, ViewLayer | Synchronizing object | Existing cast-iron radiator section.008
Fra:1 Mem:204.86M (Peak 204.86M) | Time:00:00.13 | Mem:0.00M, Peak:0.00M | Scene, ViewLayer | Synchronizing object | Existing radiator foot
Fra:1 Mem:204.88M (Peak 204.88M) | Time:00:00.13 | Mem:0.00M, Peak:0.00M | Scene, ViewLayer | Synchronizing object | Existing radiator foot.001
Fra:1 Mem:204.89M (Peak 204.89M) | Time:00:00.13 | Mem:0.00M, Peak:0.00M | Scene, ViewLayer | Synchronizing object | Existing radiator horizontal connection
Fra:1 Mem:204.91M (Peak 204.91M) | Time:00:00.13 | Mem:0.00M, Peak:0.00M | Scene, ViewLayer | Synchronizing object | Existing radiator horizontal connection.001
Fra:1 Mem:204.92M (Peak 204.92M) | Time:00:00.13 | Mem:0.00M, Peak:0.00M | Scene, ViewLayer | Synchronizing object | Existing built-in shelf white back
Fra:1 Mem:204.94M (Peak 204.94M) | Time:00:00.13 | Mem:0.00M, Peak:0.00M | Scene, ViewLayer | Synchronizing object | Existing built-in shelf board
Fra:1 Mem:204.95M (Peak 204.95M) | Time:00:00.13 | Mem:0.00M, Peak:0.00M | Scene, ViewLayer | Synchronizing object | Existing built-in shelf board.001
Fra:1 Mem:204.97M (Peak 204.97M) | Time:00:00.13 | Mem:0.00M, Peak:0.00M | Scene, ViewLayer | Synchronizing object | Existing built-in shelf board.002
Fra:1 Mem:204.98M (Peak 204.98M) | Time:00:00.13 | Mem:0.00M, Peak:0.00M | Scene, ViewLayer | Synchronizing object | Existing built-in shelf board.003
Fra:1 Mem:205.00M (Peak 205.00M) | Time:00:00.13 | Mem:0.00M, Peak:0.00M | Scene, ViewLayer | Synchronizing object | Existing built-in shelf board.004
Fra:1 Mem:205.01M (Peak 205.01M) | Time:00:00.13 | Mem:0.00M, Peak:0.00M | Scene, ViewLayer | Synchronizing object | Existing built-in shelf board.005
Fra:1 Mem:205.02M (Peak 205.02M) | Time:00:00.13 | Mem:0.00M, Peak:0.00M | Scene, ViewLayer | Synchronizing object | Existing rear vertical white pipe
Fra:1 Mem:205.03M (Peak 205.03M) | Time:00:00.13 | Mem:0.00M, Peak:0.00M | Scene, ViewLayer | Synchronizing object | Observed recessed white arched fireplace infill
Fra:1 Mem:205.04M (Peak 205.04M) | Time:00:00.13 | Mem:0.00M, Peak:0.00M | Scene, ViewLayer | Synchronizing object | Existing entry thermostat
Fra:1 Mem:205.05M (Peak 205.05M) | Time:00:00.13 | Mem:0.00M, Peak:0.00M | Scene, ViewLayer | Synchronizing object | Existing entry small wall control
Fra:1 Mem:205.07M (Peak 205.07M) | Time:00:00.13 | Mem:0.00M, Peak:0.00M | Scene, ViewLayer | Synchronizing object | Sky outside window
Fra:1 Mem:205.07M (Peak 205.07M) | Time:00:00.13 | Mem:0.00M, Peak:0.00M | Scene, ViewLayer | Synchronizing object | secondary-workspace::official alex-drawers part0
Fra:1 Mem:207.99M (Peak 207.99M) | Time:00:00.13 | Mem:0.00M, Peak:0.00M | Scene, ViewLayer | Synchronizing object | WoodUpp panel5 vertical BlackAsh slat15
Fra:1 Mem:208.00M (Peak 208.00M) | Time:00:00.13 | Mem:0.00M, Peak:0.00M | Scene, ViewLayer | Synchronizing object | WoodUpp panel5 vertical BlackAsh slat14
Fra:1 Mem:208.02M (Peak 208.02M) | Time:00:00.13 | Mem:0.00M, Peak:0.00M | Scene, ViewLayer | Synchronizing object | WoodUpp panel5 vertical BlackAsh slat13
Fra:1 Mem:208.03M (Peak 208.03M) | Time:00:00.13 | Mem:0.00M, Peak:0.00M | Scene, ViewLayer | Synchronizing object | WoodUpp panel5 vertical BlackAsh slat12
Fra:1 Mem:208.05M (Peak 208.05M) | Time:00:00.13 | Mem:0.00M, Peak:0.00M | Scene, ViewLayer | Synchronizing object | WoodUpp panel5 vertical BlackAsh slat11
Fra:1 Mem:208.06M (Peak 208.06M) | Time:00:00.13 | Mem:0.00M, Peak:0.00M | Scene, ViewLayer | Synchronizing object | WoodUpp panel5 vertical BlackAsh slat10
Fra:1 Mem:208.07M (Peak 208.07M) | Time:00:00.13 | Mem:0.00M, Peak:0.00M | Scene, ViewLayer | Synchronizing object | WoodUpp panel5 vertical BlackAsh slat9
Fra:1 Mem:208.09M (Peak 208.09M) | Time:00:00.13 | Mem:0.00M, Peak:0.00M | Scene, ViewLayer | Synchronizing object | WoodUpp panel5 vertical BlackAsh slat8
Fra:1 Mem:208.10M (Peak 208.10M) | Time:00:00.13 | Mem:0.00M, Peak:0.00M | Scene, ViewLayer | Synchronizing object | WoodUpp panel5 vertical BlackAsh slat7
Fra:1 Mem:208.12M (Peak 208.12M) | Time:00:00.13 | Mem:0.00M, Peak:0.00M | Scene, ViewLayer | Synchronizing object | WoodUpp panel5 vertical BlackAsh slat6
Fra:1 Mem:208.13M (Peak 208.13M) | Time:00:00.13 | Mem:0.00M, Peak:0.00M | Scene, ViewLayer | Synchronizing object | WoodUpp panel5 vertical BlackAsh slat5
Fra:1 Mem:208.15M (Peak 208.15M) | Time:00:00.13 | Mem:0.00M, Peak:0.00M | Scene, ViewLayer | Synchronizing object | WoodUpp panel5 vertical BlackAsh slat4
Fra:1 Mem:208.16M (Peak 208.16M) | Time:00:00.13 | Mem:0.00M, Peak:0.00M | Scene, ViewLayer | Synchronizing object | WoodUpp panel5 vertical BlackAsh slat3
Fra:1 Mem:208.18M (Peak 208.18M) | Time:00:00.13 | Mem:0.00M, Peak:0.00M | Scene, ViewLayer | Synchronizing object | WoodUpp panel5 vertical BlackAsh slat2
Fra:1 Mem:208.19M (Peak 208.19M) | Time:00:00.13 | Mem:0.00M, Peak:0.00M | Scene, ViewLayer | Synchronizing object | WoodUpp panel5 vertical BlackAsh slat1
Fra:1 Mem:208.20M (Peak 208.20M) | Time:00:00.13 | Mem:0.00M, Peak:0.00M | Scene, ViewLayer | Synchronizing object | WoodUpp panel5 black felt
Fra:1 Mem:208.20M (Peak 208.20M) | Time:00:00.13 | Mem:0.00M, Peak:0.00M | Scene, ViewLayer | Synchronizing object | WoodUpp panel4 vertical BlackAsh slat15
Fra:1 Mem:208.22M (Peak 208.22M) | Time:00:00.13 | Mem:0.00M, Peak:0.00M | Scene, ViewLayer | Synchronizing object | WoodUpp panel4 vertical BlackAsh slat14
Fra:1 Mem:208.23M (Peak 208.23M) | Time:00:00.13 | Mem:0.00M, Peak:0.00M | Scene, ViewLayer | Synchronizing object | WoodUpp panel4 vertical BlackAsh slat13
Fra:1 Mem:208.25M (Peak 208.25M) | Time:00:00.13 | Mem:0.00M, Peak:0.00M | Scene, ViewLayer | Synchronizing object | WoodUpp panel4 vertical BlackAsh slat12
Fra:1 Mem:208.26M (Peak 208.26M) | Time:00:00.13 | Mem:0.00M, Peak:0.00M | Scene, ViewLayer | Synchronizing object | WoodUpp panel4 vertical BlackAsh slat11
Fra:1 Mem:208.28M (Peak 208.28M) | Time:00:00.13 | Mem:0.00M, Peak:0.00M | Scene, ViewLayer | Synchronizing object | WoodUpp panel4 vertical BlackAsh slat10
Fra:1 Mem:208.29M (Peak 208.29M) | Time:00:00.13 | Mem:0.00M, Peak:0.00M | Scene, ViewLayer | Synchronizing object | WoodUpp panel4 vertical BlackAsh slat9
Fra:1 Mem:208.30M (Peak 208.30M) | Time:00:00.13 | Mem:0.00M, Peak:0.00M | Scene, ViewLayer | Synchronizing object | WoodUpp panel4 vertical BlackAsh slat8
Fra:1 Mem:208.32M (Peak 208.32M) | Time:00:00.13 | Mem:0.00M, Peak:0.00M | Scene, ViewLayer | Synchronizing object | WoodUpp panel4 vertical BlackAsh slat7
Fra:1 Mem:208.33M (Peak 208.33M) | Time:00:00.13 | Mem:0.00M, Peak:0.00M | Scene, ViewLayer | Synchronizing object | WoodUpp panel4 vertical BlackAsh slat6
Fra:1 Mem:208.35M (Peak 208.35M) | Time:00:00.13 | Mem:0.00M, Peak:0.00M | Scene, ViewLayer | Synchronizing object | WoodUpp panel4 vertical BlackAsh slat5
Fra:1 Mem:208.36M (Peak 208.36M) | Time:00:00.13 | Mem:0.00M, Peak:0.00M | Scene, ViewLayer | Synchronizing object | WoodUpp panel4 vertical BlackAsh slat4
Fra:1 Mem:208.38M (Peak 208.38M) | Time:00:00.13 | Mem:0.00M, Peak:0.00M | Scene, ViewLayer | Synchronizing object | WoodUpp panel4 vertical BlackAsh slat3
Fra:1 Mem:208.39M (Peak 208.39M) | Time:00:00.13 | Mem:0.00M, Peak:0.00M | Scene, ViewLayer | Synchronizing object | WoodUpp panel4 vertical BlackAsh slat2
Fra:1 Mem:208.41M (Peak 208.41M) | Time:00:00.13 | Mem:0.00M, Peak:0.00M | Scene, ViewLayer | Synchronizing object | WoodUpp panel4 vertical BlackAsh slat1
Fra:1 Mem:208.42M (Peak 208.42M) | Time:00:00.13 | Mem:0.00M, Peak:0.00M | Scene, ViewLayer | Synchronizing object | WoodUpp panel4 black felt
Fra:1 Mem:208.42M (Peak 208.42M) | Time:00:00.13 | Mem:0.00M, Peak:0.00M | Scene, ViewLayer | Synchronizing object | WoodUpp panel3 vertical BlackAsh slat15
Fra:1 Mem:208.43M (Peak 208.43M) | Time:00:00.13 | Mem:0.00M, Peak:0.00M | Scene, ViewLayer | Synchronizing object | WoodUpp panel3 vertical BlackAsh slat14
Fra:1 Mem:208.45M (Peak 208.45M) | Time:00:00.13 | Mem:0.00M, Peak:0.00M | Scene, ViewLayer | Synchronizing object | WoodUpp panel3 vertical BlackAsh slat13
Fra:1 Mem:208.46M (Peak 208.46M) | Time:00:00.13 | Mem:0.00M, Peak:0.00M | Scene, ViewLayer | Synchronizing object | WoodUpp panel3 vertical BlackAsh slat12
Fra:1 Mem:208.48M (Peak 208.48M) | Time:00:00.13 | Mem:0.00M, Peak:0.00M | Scene, ViewLayer | Synchronizing object | WoodUpp panel3 vertical BlackAsh slat11
Fra:1 Mem:207.73M (Peak 208.48M) | Time:00:00.13 | Mem:0.00M, Peak:0.00M | Scene, ViewLayer | Synchronizing object | WoodUpp panel3 vertical BlackAsh slat10
Fra:1 Mem:208.05M (Peak 208.48M) | Time:00:00.13 | Mem:0.00M, Peak:0.00M | Scene, ViewLayer | Synchronizing object | WoodUpp panel3 vertical BlackAsh slat9
Fra:1 Mem:208.06M (Peak 208.48M) | Time:00:00.13 | Mem:0.00M, Peak:0.00M | Scene, ViewLayer | Synchronizing object | WoodUpp panel3 vertical BlackAsh slat8
Fra:1 Mem:208.38M (Peak 208.48M) | Time:00:00.13 | Mem:0.00M, Peak:0.00M | Scene, ViewLayer | Synchronizing object | WoodUpp panel3 vertical BlackAsh slat7
Fra:1 Mem:208.39M (Peak 208.48M) | Time:00:00.13 | Mem:0.00M, Peak:0.00M | Scene, ViewLayer | Synchronizing object | WoodUpp panel3 vertical BlackAsh slat6
Fra:1 Mem:208.41M (Peak 208.48M) | Time:00:00.13 | Mem:0.00M, Peak:0.00M | Scene, ViewLayer | Synchronizing object | WoodUpp panel3 vertical BlackAsh slat5
Fra:1 Mem:208.42M (Peak 208.48M) | Time:00:00.13 | Mem:0.00M, Peak:0.00M | Scene, ViewLayer | Synchronizing object | WoodUpp panel3 vertical BlackAsh slat4
Fra:1 Mem:206.81M (Peak 208.48M) | Time:00:00.13 | Mem:0.00M, Peak:0.00M | Scene, ViewLayer | Synchronizing object | WoodUpp panel3 vertical BlackAsh slat3
Fra:1 Mem:207.13M (Peak 208.48M) | Time:00:00.13 | Mem:0.00M, Peak:0.00M | Scene, ViewLayer | Synchronizing object | WoodUpp panel3 vertical BlackAsh slat2
Fra:1 Mem:207.15M (Peak 208.48M) | Time:00:00.13 | Mem:0.00M, Peak:0.00M | Scene, ViewLayer | Synchronizing object | WoodUpp panel3 vertical BlackAsh slat1
Fra:1 Mem:207.16M (Peak 208.48M) | Time:00:00.13 | Mem:0.00M, Peak:0.00M | Scene, ViewLayer | Synchronizing object | WoodUpp panel3 black felt
Fra:1 Mem:207.16M (Peak 208.48M) | Time:00:00.13 | Mem:0.00M, Peak:0.00M | Scene, ViewLayer | Synchronizing object | WoodUpp panel2 vertical BlackAsh slat15
Fra:1 Mem:206.87M (Peak 208.48M) | Time:00:00.13 | Mem:0.00M, Peak:0.00M | Scene, ViewLayer | Synchronizing object | secondary-workspace::black-brown tabletop
Fra:1 Mem:206.88M (Peak 208.48M) | Time:00:00.13 | Mem:0.00M, Peak:0.00M | Scene, ViewLayer | Synchronizing object | secondary-workspace::right black ADILS leg
Fra:1 Mem:206.89M (Peak 208.48M) | Time:00:00.13 | Mem:0.00M, Peak:0.00M | Scene, ViewLayer | Synchronizing object | secondary-workspace::black adjustment foot
Fra:1 Mem:206.90M (Peak 208.48M) | Time:00:00.13 | Mem:0.00M, Peak:0.00M | Scene, ViewLayer | Synchronizing object | secondary-workspace::right black ADILS leg.001
Fra:1 Mem:206.91M (Peak 208.48M) | Time:00:00.13 | Mem:0.00M, Peak:0.00M | Scene, ViewLayer | Synchronizing object | secondary-workspace::black adjustment foot.001
Fra:1 Mem:206.91M (Peak 208.48M) | Time:00:00.13 | Mem:0.00M, Peak:0.00M | Scene, ViewLayer | Synchronizing object | clothes-dresser::official storklinta-low-drawers part0
Fra:1 Mem:206.99M (Peak 208.48M) | Time:00:00.13 | Mem:0.00M, Peak:0.00M | Scene, ViewLayer | Synchronizing object | WoodUpp panel2 vertical BlackAsh slat13
Fra:1 Mem:206.96M (Peak 208.48M) | Time:00:00.13 | Mem:0.00M, Peak:0.00M | Scene, ViewLayer | Synchronizing object | clothes-dresser::official storklinta-low-drawers part1
Fra:1 Mem:206.98M (Peak 208.48M) | Time:00:00.13 | Mem:0.00M, Peak:0.00M | Scene, ViewLayer | Synchronizing object | WoodUpp panel2 vertical BlackAsh slat12
Fra:1 Mem:206.99M (Peak 208.48M) | Time:00:00.13 | Mem:0.00M, Peak:0.00M | Scene, ViewLayer | Synchronizing object | clothes-dresser::official storklinta-low-drawers part2
Fra:1 Mem:207.01M (Peak 208.48M) | Time:00:00.13 | Mem:0.00M, Peak:0.00M | Scene, ViewLayer | Synchronizing object | WoodUpp panel2 vertical BlackAsh slat11
Fra:1 Mem:207.03M (Peak 208.48M) | Time:00:00.13 | Mem:0.00M, Peak:0.00M | Scene, ViewLayer | Synchronizing object | WoodUpp panel2 vertical BlackAsh slat10
Fra:1 Mem:207.04M (Peak 208.48M) | Time:00:00.13 | Mem:0.00M, Peak:0.00M | Scene, ViewLayer | Synchronizing object | WoodUpp panel2 vertical BlackAsh slat9
Fra:1 Mem:207.05M (Peak 208.48M) | Time:00:00.13 | Mem:0.00M, Peak:0.00M | Scene, ViewLayer | Synchronizing object | WoodUpp panel2 vertical BlackAsh slat8
Fra:1 Mem:207.13M (Peak 208.48M) | Time:00:00.13 | Mem:0.00M, Peak:0.00M | Scene, ViewLayer | Synchronizing object | WoodUpp panel2 vertical BlackAsh slat7
Fra:1 Mem:207.19M (Peak 208.48M) | Time:00:00.13 | Mem:0.00M, Peak:0.00M | Scene, ViewLayer | Synchronizing object | WoodUpp panel2 vertical BlackAsh slat6
Fra:1 Mem:207.21M (Peak 208.48M) | Time:00:00.13 | Mem:0.00M, Peak:0.00M | Scene, ViewLayer | Synchronizing object | WoodUpp panel2 vertical BlackAsh slat5
Fra:1 Mem:207.23M (Peak 208.48M) | Time:00:00.13 | Mem:0.00M, Peak:0.00M | Scene, ViewLayer | Synchronizing object | WoodUpp panel2 vertical BlackAsh slat4
Fra:1 Mem:207.30M (Peak 208.48M) | Time:00:00.13 | Mem:0.00M, Peak:0.00M | Scene, ViewLayer | Synchronizing object | WoodUpp panel2 vertical BlackAsh slat3
Fra:1 Mem:207.31M (Peak 208.48M) | Time:00:00.13 | Mem:0.00M, Peak:0.00M | Scene, ViewLayer | Synchronizing object | WoodUpp panel2 vertical BlackAsh slat2
Fra:1 Mem:207.33M (Peak 208.48M) | Time:00:00.13 | Mem:0.00M, Peak:0.00M | Scene, ViewLayer | Synchronizing object | WoodUpp panel2 vertical BlackAsh slat1
Fra:1 Mem:207.34M (Peak 208.48M) | Time:00:00.13 | Mem:0.00M, Peak:0.00M | Scene, ViewLayer | Synchronizing object | WoodUpp panel2 black felt
Fra:1 Mem:207.34M (Peak 208.48M) | Time:00:00.13 | Mem:0.00M, Peak:0.00M | Scene, ViewLayer | Synchronizing object | WoodUpp panel1 vertical BlackAsh slat15
Fra:1 Mem:207.24M (Peak 208.48M) | Time:00:00.13 | Mem:0.00M, Peak:0.00M | Scene, ViewLayer | Synchronizing object | rug::Standard Pad support
Fra:1 Mem:207.24M (Peak 208.48M) | Time:00:00.13 | Mem:0.00M, Peak:0.00M | Scene, ViewLayer | Synchronizing object | rug::actual Rift Charcoal6x9 flatwoven textile
Fra:1 Mem:207.24M (Peak 208.48M) | Time:00:00.13 | Mem:0.00M, Peak:0.00M | Scene, ViewLayer | Synchronizing object | standing-main-desk::generic equipment assumption::monitor stand
Fra:1 Mem:207.24M (Peak 208.48M) | Time:00:00.13 | Mem:0.00M, Peak:0.00M | Scene, ViewLayer | Synchronizing object | standing-main-desk::generic equipment assumption::monitor stem
Fra:1 Mem:207.26M (Peak 208.48M) | Time:00:00.13 | Mem:0.00M, Peak:0.00M | Scene, ViewLayer | Synchronizing object | standing-main-desk::generic equipment assumption::monitor frame
Fra:1 Mem:207.28M (Peak 208.48M) | Time:00:00.14 | Mem:0.00M, Peak:0.00M | Scene, ViewLayer | Synchronizing object | standing-main-desk::generic equipment assumption::dark display
Fra:1 Mem:207.29M (Peak 208.48M) | Time:00:00.14 | Mem:0.00M, Peak:0.00M | Scene, ViewLayer | Synchronizing object | standing-main-desk::generic equipment assumption::keyboard
Fra:1 Mem:207.30M (Peak 208.48M) | Time:00:00.14 | Mem:0.00M, Peak:0.00M | Scene, ViewLayer | Synchronizing object | WoodUpp panel1 vertical BlackAsh slat13
Fra:1 Mem:207.31M (Peak 208.48M) | Time:00:00.14 | Mem:0.00M, Peak:0.00M | Scene, ViewLayer | Synchronizing object | Existing full-height closet leaf
Fra:1 Mem:207.33M (Peak 208.48M) | Time:00:00.14 | Mem:0.00M, Peak:0.00M | Scene, ViewLayer | Synchronizing object | WoodUpp panel1 vertical BlackAsh slat12
Fra:1 Mem:207.34M (Peak 208.48M) | Time:00:00.14 | Mem:0.00M, Peak:0.00M | Scene, ViewLayer | Synchronizing object | Existing closet metal knob
Fra:1 Mem:207.35M (Peak 208.48M) | Time:00:00.14 | Mem:0.00M, Peak:0.00M | Scene, ViewLayer | Synchronizing object | WoodUpp panel1 vertical BlackAsh slat11
Fra:1 Mem:207.36M (Peak 208.48M) | Time:00:00.14 | Mem:0.00M, Peak:0.00M | Scene, ViewLayer | Synchronizing object | WoodUpp panel1 vertical BlackAsh slat10
Fra:1 Mem:207.38M (Peak 208.48M) | Time:00:00.14 | Mem:0.00M, Peak:0.00M | Scene, ViewLayer | Synchronizing object | Existing living-entry flat white leaf
Fra:1 Mem:207.39M (Peak 208.48M) | Time:00:00.14 | Mem:0.00M, Peak:0.00M | Scene, ViewLayer | Synchronizing object | WoodUpp panel1 vertical BlackAsh slat9
Fra:1 Mem:207.40M (Peak 208.48M) | Time:00:00.14 | Mem:0.00M, Peak:0.00M | Scene, ViewLayer | Synchronizing object | Existing living-entry silver lever
Fra:1 Mem:207.42M (Peak 208.48M) | Time:00:00.14 | Mem:0.00M, Peak:0.00M | Scene, ViewLayer | Synchronizing object | Existing exterior-door six-panel leaf
Fra:1 Mem:207.44M (Peak 208.48M) | Time:00:00.14 | Mem:0.00M, Peak:0.00M | Scene, ViewLayer | Synchronizing object | WoodUpp panel1 vertical BlackAsh slat8
Fra:1 Mem:207.45M (Peak 208.48M) | Time:00:00.14 | Mem:0.00M, Peak:0.00M | Scene, ViewLayer | Synchronizing object | Existing exterior-door raised panel
Fra:1 Mem:207.45M (Peak 208.48M) | Time:00:00.14 | Mem:0.00M, Peak:0.00M | Scene, ViewLayer | Synchronizing object | WoodUpp panel1 vertical BlackAsh slat7
Fra:1 Mem:207.48M (Peak 208.48M) | Time:00:00.14 | Mem:0.00M, Peak:0.00M | Scene, ViewLayer | Synchronizing object | Existing exterior-door raised panel.001
Fra:1 Mem:207.49M (Peak 208.48M) | Time:00:00.14 | Mem:0.00M, Peak:0.00M | Scene, ViewLayer | Synchronizing object | WoodUpp panel1 vertical BlackAsh slat6
Fra:1 Mem:207.51M (Peak 208.48M) | Time:00:00.14 | Mem:0.00M, Peak:0.00M | Scene, ViewLayer | Synchronizing object | Existing exterior-door raised panel.002
Fra:1 Mem:207.53M (Peak 208.48M) | Time:00:00.14 | Mem:0.00M, Peak:0.00M | Scene, ViewLayer | Synchronizing object | WoodUpp panel1 vertical BlackAsh slat5
Fra:1 Mem:207.53M (Peak 208.48M) | Time:00:00.14 | Mem:0.00M, Peak:0.00M | Scene, ViewLayer | Synchronizing object | Existing exterior-door raised panel.003
Fra:1 Mem:207.55M (Peak 208.48M) | Time:00:00.14 | Mem:0.00M, Peak:0.00M | Scene, ViewLayer | Synchronizing object | Existing exterior-door raised panel.004
Fra:1 Mem:207.56M (Peak 208.48M) | Time:00:00.14 | Mem:0.00M, Peak:0.00M | Scene, ViewLayer | Synchronizing object | WoodUpp panel1 vertical BlackAsh slat4
Fra:1 Mem:207.58M (Peak 208.48M) | Time:00:00.14 | Mem:0.00M, Peak:0.00M | Scene, ViewLayer | Synchronizing object | Existing exterior-door raised panel.005
Fra:1 Mem:207.60M (Peak 208.48M) | Time:00:00.14 | Mem:0.00M, Peak:0.00M | Scene, ViewLayer | Synchronizing object | WoodUpp panel1 vertical BlackAsh slat3
Fra:1 Mem:207.61M (Peak 208.48M) | Time:00:00.14 | Mem:0.00M, Peak:0.00M | Scene, ViewLayer | Synchronizing object | Existing exterior-door brass knob
Fra:1 Mem:207.62M (Peak 208.48M) | Time:00:00.14 | Mem:0.00M, Peak:0.00M | Scene, ViewLayer | Synchronizing object | Existing exterior-door brass deadbolt
Fra:1 Mem:207.63M (Peak 208.48M) | Time:00:00.14 | Mem:0.00M, Peak:0.00M | Scene, ViewLayer | Synchronizing object | WoodUpp panel1 vertical BlackAsh slat2
Fra:1 Mem:207.63M (Peak 208.48M) | Time:00:00.14 | Mem:0.00M, Peak:0.00M | Scene, ViewLayer | Synchronizing object | grejig-1::folded steel leg
Fra:1 Mem:207.64M (Peak 208.48M) | Time:00:00.14 | Mem:0.00M, Peak:0.00M | Scene, ViewLayer | Synchronizing object | grejig-1::folded steel leg.001
Fra:1 Mem:207.64M (Peak 208.48M) | Time:00:00.14 | Mem:0.00M, Peak:0.00M | Scene, ViewLayer | Synchronizing object | grejig-1::folded steel leg.002
Fra:1 Mem:207.65M (Peak 208.48M) | Time:00:00.14 | Mem:0.00M, Peak:0.00M | Scene, ViewLayer | Synchronizing object | grejig-1::folded steel leg.003
Fra:1 Mem:207.65M (Peak 208.48M) | Time:00:00.14 | Mem:0.00M, Peak:0.00M | Scene, ViewLayer | Synchronizing object | WoodUpp panel1 vertical BlackAsh slat1
Fra:1 Mem:207.65M (Peak 208.48M) | Time:00:00.14 | Mem:0.00M, Peak:0.00M | Scene, ViewLayer | Synchronizing object | grejig-1::top long rim
Fra:1 Mem:207.65M (Peak 208.48M) | Time:00:00.14 | Mem:0.00M, Peak:0.00M | Scene, ViewLayer | Synchronizing object | grejig-1::top long rim.001
Fra:1 Mem:207.66M (Peak 208.48M) | Time:00:00.14 | Mem:0.00M, Peak:0.00M | Scene, ViewLayer | Synchronizing object | grejig-1::top end rim
Fra:1 Mem:207.67M (Peak 208.48M) | Time:00:00.14 | Mem:0.00M, Peak:0.00M | Scene, ViewLayer | Synchronizing object | grejig-1::top end rim.001
Fra:1 Mem:207.67M (Peak 208.48M) | Time:00:00.14 | Mem:0.00M, Peak:0.00M | Scene, ViewLayer | Synchronizing object | grejig-1::wire lattice across
Fra:1 Mem:207.67M (Peak 208.48M) | Time:00:00.14 | Mem:0.00M, Peak:0.00M | Scene, ViewLayer | Synchronizing object | WoodUpp panel1 black felt
Fra:1 Mem:207.67M (Peak 208.48M) | Time:00:00.14 | Mem:0.00M, Peak:0.00M | Scene, ViewLayer | Synchronizing object | grejig-1::wire lattice across.001
Fra:1 Mem:207.67M (Peak 208.48M) | Time:00:00.14 | Mem:0.00M, Peak:0.00M | Scene, ViewLayer | Synchronizing object | grejig-1::wire lattice across.002
Fra:1 Mem:207.67M (Peak 208.48M) | Time:00:00.14 | Mem:0.00M, Peak:0.00M | Scene, ViewLayer | Synchronizing object | primary-felt-mat::MediumPlus darkgray wool felt
Fra:1 Mem:207.67M (Peak 208.48M) | Time:00:00.14 | Mem:0.00M, Peak:0.00M | Scene, ViewLayer | Synchronizing object | grejig-1::wire lattice across.003
Fra:1 Mem:207.68M (Peak 208.48M) | Time:00:00.14 | Mem:0.00M, Peak:0.00M | Scene, ViewLayer | Synchronizing object | grejig-1::wire lattice across.004
Fra:1 Mem:207.69M (Peak 208.48M) | Time:00:00.14 | Mem:0.00M, Peak:0.00M | Scene, ViewLayer | Synchronizing object | grejig-1::wire lattice across.005
Fra:1 Mem:207.69M (Peak 208.48M) | Time:00:00.14 | Mem:0.00M, Peak:0.00M | Scene, ViewLayer | Synchronizing object | grejig-1::wire lattice across.006
Fra:1 Mem:207.69M (Peak 208.48M) | Time:00:00.14 | Mem:0.00M, Peak:0.00M | Scene, ViewLayer | Synchronizing object | dresser::illustrative tray rim.003
Fra:1 Mem:207.70M (Peak 208.48M) | Time:00:00.14 | Mem:0.00M, Peak:0.00M | Scene, ViewLayer | Synchronizing object | grejig-1::wire lattice across.007
Fra:1 Mem:207.71M (Peak 208.48M) | Time:00:00.14 | Mem:0.00M, Peak:0.00M | Scene, ViewLayer | Synchronizing object | grejig-1::wire lattice across.008
Fra:1 Mem:207.71M (Peak 208.48M) | Time:00:00.14 | Mem:0.00M, Peak:0.00M | Scene, ViewLayer | Synchronizing object | grejig-1::wire lattice across.009
Fra:1 Mem:207.71M (Peak 208.48M) | Time:00:00.14 | Mem:0.00M, Peak:0.00M | Scene, ViewLayer | Synchronizing object | dresser::illustrative tray rim.002
Fra:1 Mem:207.73M (Peak 208.48M) | Time:00:00.14 | Mem:0.00M, Peak:0.00M | Scene, ViewLayer | Synchronizing object | dresser::illustrative tray rim.001
Fra:1 Mem:207.74M (Peak 208.48M) | Time:00:00.14 | Mem:0.00M, Peak:0.00M | Scene, ViewLayer | Synchronizing object | dresser::illustrative tray rim
Fra:1 Mem:207.75M (Peak 208.48M) | Time:00:00.14 | Mem:0.00M, Peak:0.00M | Scene, ViewLayer | Synchronizing object | dresser::illustrative tray base
Fra:1 Mem:207.77M (Peak 208.48M) | Time:00:00.14 | Mem:0.00M, Peak:0.00M | Scene, ViewLayer | Synchronizing object | dresser-parlor-palm::representative leaflet.097
Fra:1 Mem:207.77M (Peak 208.48M) | Time:00:00.14 | Mem:0.00M, Peak:0.00M | Scene, ViewLayer | Synchronizing object | dresser-parlor-palm::representative leaflet.096
Fra:1 Mem:207.77M (Peak 208.48M) | Time:00:00.14 | Mem:0.00M, Peak:0.00M | Scene, ViewLayer | Synchronizing object | dresser-parlor-palm::representative leaflet.095
Fra:1 Mem:207.77M (Peak 208.48M) | Time:00:00.14 | Mem:0.00M, Peak:0.00M | Scene, ViewLayer | Synchronizing object | dresser-parlor-palm::representative leaflet.094
Fra:1 Mem:207.77M (Peak 208.48M) | Time:00:00.14 | Mem:0.00M, Peak:0.00M | Scene, ViewLayer | Synchronizing object | dresser-parlor-palm::representative leaflet.093
Fra:1 Mem:207.77M (Peak 208.48M) | Time:00:00.14 | Mem:0.00M, Peak:0.00M | Scene, ViewLayer | Synchronizing object | dresser-parlor-palm::representative leaflet.092
Fra:1 Mem:207.77M (Peak 208.48M) | Time:00:00.14 | Mem:0.00M, Peak:0.00M | Scene, ViewLayer | Synchronizing object | dresser-parlor-palm::representative leaflet.091
Fra:1 Mem:207.77M (Peak 208.48M) | Time:00:00.14 | Mem:0.00M, Peak:0.00M | Scene, ViewLayer | Synchronizing object | dresser-parlor-palm::representative leaflet.090
Fra:1 Mem:207.77M (Peak 208.48M) | Time:00:00.14 | Mem:0.00M, Peak:0.00M | Scene, ViewLayer | Synchronizing object | dresser-parlor-palm::representative leaflet.089
Fra:1 Mem:207.77M (Peak 208.48M) | Time:00:00.14 | Mem:0.00M, Peak:0.00M | Scene, ViewLayer | Synchronizing object | dresser-parlor-palm::representative leaflet.088
Fra:1 Mem:207.77M (Peak 208.48M) | Time:00:00.14 | Mem:0.00M, Peak:0.00M | Scene, ViewLayer | Synchronizing object | dresser-parlor-palm::representative leaflet.087
Fra:1 Mem:207.77M (Peak 208.48M) | Time:00:00.14 | Mem:0.00M, Peak:0.00M | Scene, ViewLayer | Synchronizing object | dresser-parlor-palm::representative leaflet.086
Fra:1 Mem:207.77M (Peak 208.48M) | Time:00:00.14 | Mem:0.00M, Peak:0.00M | Scene, ViewLayer | Synchronizing object | dresser-parlor-palm::representative leaflet.085
Fra:1 Mem:207.77M (Peak 208.48M) | Time:00:00.14 | Mem:0.00M, Peak:0.00M | Scene, ViewLayer | Synchronizing object | grejig-1::wire lattice lengthwise
Fra:1 Mem:207.77M (Peak 208.48M) | Time:00:00.14 | Mem:0.00M, Peak:0.00M | Scene, ViewLayer | Synchronizing object | dresser-parlor-palm::representative leaflet.084
Fra:1 Mem:207.77M (Peak 208.48M) | Time:00:00.14 | Mem:0.00M, Peak:0.00M | Scene, ViewLayer | Synchronizing object | grejig-1::wire lattice lengthwise.001
Fra:1 Mem:207.78M (Peak 208.48M) | Time:00:00.14 | Mem:0.00M, Peak:0.00M | Scene, ViewLayer | Synchronizing object | dresser-parlor-palm::thin palm rachis6
Fra:1 Mem:207.78M (Peak 208.48M) | Time:00:00.14 | Mem:0.00M, Peak:0.00M | Scene, ViewLayer | Synchronizing object | grejig-1::wire lattice lengthwise.002
Fra:1 Mem:207.78M (Peak 208.48M) | Time:00:00.14 | Mem:0.00M, Peak:0.00M | Scene, ViewLayer | Synchronizing object | dresser-parlor-palm::representative leaflet.083
Fra:1 Mem:207.78M (Peak 208.48M) | Time:00:00.14 | Mem:0.00M, Peak:0.00M | Scene, ViewLayer | Synchronizing object | grejig-1::wire lattice lengthwise.003
Fra:1 Mem:207.78M (Peak 208.48M) | Time:00:00.14 | Mem:0.00M, Peak:0.00M | Scene, ViewLayer | Synchronizing object | dresser-parlor-palm::representative leaflet.082
Fra:1 Mem:207.78M (Peak 208.48M) | Time:00:00.14 | Mem:0.00M, Peak:0.00M | Scene, ViewLayer | Synchronizing object | grejig-1::wire lattice lengthwise.004
Fra:1 Mem:207.78M (Peak 208.48M) | Time:00:00.14 | Mem:0.00M, Peak:0.00M | Scene, ViewLayer | Synchronizing object | dresser-parlor-palm::representative leaflet.081
Fra:1 Mem:207.78M (Peak 208.48M) | Time:00:00.14 | Mem:0.00M, Peak:0.00M | Scene, ViewLayer | Synchronizing object | grejig-2::folded steel leg
Fra:1 Mem:207.78M (Peak 208.48M) | Time:00:00.14 | Mem:0.00M, Peak:0.00M | Scene, ViewLayer | Synchronizing object | dresser-parlor-palm::representative leaflet.080
Fra:1 Mem:207.78M (Peak 208.48M) | Time:00:00.14 | Mem:0.00M, Peak:0.00M | Scene, ViewLayer | Synchronizing object | grejig-2::folded steel leg.001
Fra:1 Mem:207.78M (Peak 208.48M) | Time:00:00.14 | Mem:0.00M, Peak:0.00M | Scene, ViewLayer | Synchronizing object | dresser-parlor-palm::representative leaflet.079
Fra:1 Mem:207.78M (Peak 208.48M) | Time:00:00.14 | Mem:0.00M, Peak:0.00M | Scene, ViewLayer | Synchronizing object | grejig-2::folded steel leg.002
Fra:1 Mem:207.79M (Peak 208.48M) | Time:00:00.14 | Mem:0.00M, Peak:0.00M | Scene, ViewLayer | Synchronizing object | dresser-parlor-palm::representative leaflet.078
Fra:1 Mem:207.79M (Peak 208.48M) | Time:00:00.14 | Mem:0.00M, Peak:0.00M | Scene, ViewLayer | Synchronizing object | grejig-2::folded steel leg.003
Fra:1 Mem:207.79M (Peak 208.48M) | Time:00:00.14 | Mem:0.00M, Peak:0.00M | Scene, ViewLayer | Synchronizing object | dresser-parlor-palm::representative leaflet.077
Fra:1 Mem:207.79M (Peak 208.48M) | Time:00:00.14 | Mem:0.00M, Peak:0.00M | Scene, ViewLayer | Synchronizing object | grejig-2::top long rim
Fra:1 Mem:207.79M (Peak 208.48M) | Time:00:00.14 | Mem:0.00M, Peak:0.00M | Scene, ViewLayer | Synchronizing object | dresser-parlor-palm::representative leaflet.076
Fra:1 Mem:207.79M (Peak 208.48M) | Time:00:00.14 | Mem:0.00M, Peak:0.00M | Scene, ViewLayer | Synchronizing object | grejig-2::top long rim.001
Fra:1 Mem:207.79M (Peak 208.48M) | Time:00:00.14 | Mem:0.00M, Peak:0.00M | Scene, ViewLayer | Synchronizing object | dresser-parlor-palm::representative leaflet.075
Fra:1 Mem:207.79M (Peak 208.48M) | Time:00:00.14 | Mem:0.00M, Peak:0.00M | Scene, ViewLayer | Synchronizing object | grejig-2::top end rim
Fra:1 Mem:207.79M (Peak 208.48M) | Time:00:00.14 | Mem:0.00M, Peak:0.00M | Scene, ViewLayer | Synchronizing object | dresser-parlor-palm::representative leaflet.074
Fra:1 Mem:207.79M (Peak 208.48M) | Time:00:00.14 | Mem:0.00M, Peak:0.00M | Scene, ViewLayer | Synchronizing object | grejig-2::top end rim.001
Fra:1 Mem:207.80M (Peak 208.48M) | Time:00:00.14 | Mem:0.00M, Peak:0.00M | Scene, ViewLayer | Synchronizing object | dresser-parlor-palm::representative leaflet.073
Fra:1 Mem:207.80M (Peak 208.48M) | Time:00:00.14 | Mem:0.00M, Peak:0.00M | Scene, ViewLayer | Synchronizing object | dresser-parlor-palm::representative leaflet.072
Fra:1 Mem:207.80M (Peak 208.48M) | Time:00:00.14 | Mem:0.00M, Peak:0.00M | Scene, ViewLayer | Synchronizing object | dresser-parlor-palm::representative leaflet.071
Fra:1 Mem:207.80M (Peak 208.48M) | Time:00:00.14 | Mem:0.00M, Peak:0.00M | Scene, ViewLayer | Synchronizing object | grejig-2::wire lattice across.001
Fra:1 Mem:207.80M (Peak 208.48M) | Time:00:00.14 | Mem:0.00M, Peak:0.00M | Scene, ViewLayer | Synchronizing object | grejig-2::wire lattice across.002
Fra:1 Mem:207.80M (Peak 208.48M) | Time:00:00.14 | Mem:0.00M, Peak:0.00M | Scene, ViewLayer | Synchronizing object | grejig-2::wire lattice across.003
Fra:1 Mem:207.80M (Peak 208.48M) | Time:00:00.14 | Mem:0.00M, Peak:0.00M | Scene, ViewLayer | Synchronizing object | grejig-2::wire lattice across.004
Fra:1 Mem:207.80M (Peak 208.48M) | Time:00:00.14 | Mem:0.00M, Peak:0.00M | Scene, ViewLayer | Synchronizing object | grejig-2::wire lattice across.005
Fra:1 Mem:207.80M (Peak 208.48M) | Time:00:00.14 | Mem:0.00M, Peak:0.00M | Scene, ViewLayer | Synchronizing object | dresser-parlor-palm::thin palm rachis5
Fra:1 Mem:207.81M (Peak 208.48M) | Time:00:00.14 | Mem:0.00M, Peak:0.00M | Scene, ViewLayer | Synchronizing object | grejig-2::wire lattice across.006
Fra:1 Mem:207.81M (Peak 208.48M) | Time:00:00.14 | Mem:0.00M, Peak:0.00M | Scene, ViewLayer | Synchronizing object | dresser-parlor-palm::representative leaflet.069
Fra:1 Mem:207.81M (Peak 208.48M) | Time:00:00.14 | Mem:0.00M, Peak:0.00M | Scene, ViewLayer | Synchronizing object | dresser-parlor-palm::representative leaflet.068
Fra:1 Mem:207.81M (Peak 208.48M) | Time:00:00.14 | Mem:0.00M, Peak:0.00M | Scene, ViewLayer | Synchronizing object | dresser-parlor-palm::representative leaflet.067
Fra:1 Mem:207.81M (Peak 208.48M) | Time:00:00.14 | Mem:0.00M, Peak:0.00M | Scene, ViewLayer | Synchronizing object | dresser-parlor-palm::representative leaflet.066
Fra:1 Mem:207.81M (Peak 208.48M) | Time:00:00.14 | Mem:0.00M, Peak:0.00M | Scene, ViewLayer | Synchronizing object | dresser-parlor-palm::representative leaflet.065
Fra:1 Mem:207.81M (Peak 208.48M) | Time:00:00.14 | Mem:0.00M, Peak:0.00M | Scene, ViewLayer | Synchronizing object | grejig-2::wire lattice across.007
Fra:1 Mem:207.81M (Peak 208.48M) | Time:00:00.14 | Mem:0.00M, Peak:0.00M | Scene, ViewLayer | Synchronizing object | dresser-parlor-palm::representative leaflet.064
Fra:1 Mem:207.81M (Peak 208.48M) | Time:00:00.14 | Mem:0.00M, Peak:0.00M | Scene, ViewLayer | Synchronizing object | dresser-parlor-palm::representative leaflet.063
Fra:1 Mem:207.81M (Peak 208.48M) | Time:00:00.14 | Mem:0.00M, Peak:0.00M | Scene, ViewLayer | Synchronizing object | dresser-parlor-palm::representative leaflet.062
Fra:1 Mem:207.81M (Peak 208.48M) | Time:00:00.14 | Mem:0.00M, Peak:0.00M | Scene, ViewLayer | Synchronizing object | grejig-2::wire lattice across.009
Fra:1 Mem:207.81M (Peak 208.48M) | Time:00:00.14 | Mem:0.00M, Peak:0.00M | Scene, ViewLayer | Synchronizing object | dresser-parlor-palm::representative leaflet.061
Fra:1 Mem:207.81M (Peak 208.48M) | Time:00:00.14 | Mem:0.00M, Peak:0.00M | Scene, ViewLayer | Synchronizing object | grejig-2::wire lattice across.010
Fra:1 Mem:207.81M (Peak 208.48M) | Time:00:00.14 | Mem:0.00M, Peak:0.00M | Scene, ViewLayer | Synchronizing object | grejig-2::wire lattice lengthwise
Fra:1 Mem:207.81M (Peak 208.48M) | Time:00:00.14 | Mem:0.00M, Peak:0.00M | Scene, ViewLayer | Synchronizing object | grejig-2::wire lattice lengthwise.001
Fra:1 Mem:207.82M (Peak 208.48M) | Time:00:00.14 | Mem:0.00M, Peak:0.00M | Scene, ViewLayer | Synchronizing object | grejig-2::wire lattice lengthwise.002
Fra:1 Mem:207.82M (Peak 208.48M) | Time:00:00.14 | Mem:0.00M, Peak:0.00M | Scene, ViewLayer | Synchronizing object | dresser-parlor-palm::representative leaflet.059
Fra:1 Mem:207.82M (Peak 208.48M) | Time:00:00.14 | Mem:0.00M, Peak:0.00M | Scene, ViewLayer | Synchronizing object | grejig-2::wire lattice lengthwise.003
Fra:1 Mem:207.82M (Peak 208.48M) | Time:00:00.14 | Mem:0.00M, Peak:0.00M | Scene, ViewLayer | Synchronizing object | dresser-parlor-palm::representative leaflet.058
Fra:1 Mem:207.82M (Peak 208.48M) | Time:00:00.14 | Mem:0.00M, Peak:0.00M | Scene, ViewLayer | Synchronizing object | grejig-2::wire lattice lengthwise.004
Fra:1 Mem:207.82M (Peak 208.48M) | Time:00:00.14 | Mem:0.00M, Peak:0.00M | Scene, ViewLayer | Synchronizing object | dresser-parlor-palm::representative leaflet.057
Fra:1 Mem:207.82M (Peak 208.48M) | Time:00:00.14 | Mem:0.00M, Peak:0.00M | Scene, ViewLayer | Synchronizing object | grejig-3::folded steel leg
Fra:1 Mem:207.82M (Peak 208.48M) | Time:00:00.14 | Mem:0.00M, Peak:0.00M | Scene, ViewLayer | Synchronizing object | dresser-parlor-palm::representative leaflet.056
Fra:1 Mem:207.82M (Peak 208.48M) | Time:00:00.14 | Mem:0.00M, Peak:0.00M | Scene, ViewLayer | Synchronizing object | grejig-3::folded steel leg.001
Fra:1 Mem:207.82M (Peak 208.48M) | Time:00:00.14 | Mem:0.00M, Peak:0.00M | Scene, ViewLayer | Synchronizing object | dresser-parlor-palm::thin palm rachis4
Fra:1 Mem:207.82M (Peak 208.48M) | Time:00:00.14 | Mem:0.00M, Peak:0.00M | Scene, ViewLayer | Synchronizing object | grejig-3::folded steel leg.002
Fra:1 Mem:207.83M (Peak 208.48M) | Time:00:00.14 | Mem:0.00M, Peak:0.00M | Scene, ViewLayer | Synchronizing object | dresser-parlor-palm::representative leaflet.055
Fra:1 Mem:207.83M (Peak 208.48M) | Time:00:00.14 | Mem:0.00M, Peak:0.00M | Scene, ViewLayer | Synchronizing object | grejig-3::folded steel leg.003
Fra:1 Mem:207.83M (Peak 208.48M) | Time:00:00.14 | Mem:0.00M, Peak:0.00M | Scene, ViewLayer | Synchronizing object | dresser-parlor-palm::representative leaflet.054
Fra:1 Mem:207.83M (Peak 208.48M) | Time:00:00.14 | Mem:0.00M, Peak:0.00M | Scene, ViewLayer | Synchronizing object | grejig-3::top long rim
Fra:1 Mem:207.83M (Peak 208.48M) | Time:00:00.14 | Mem:0.00M, Peak:0.00M | Scene, ViewLayer | Synchronizing object | dresser-parlor-palm::representative leaflet.053
Fra:1 Mem:207.83M (Peak 208.48M) | Time:00:00.14 | Mem:0.00M, Peak:0.00M | Scene, ViewLayer | Synchronizing object | grejig-3::top long rim.001
Fra:1 Mem:207.83M (Peak 208.48M) | Time:00:00.14 | Mem:0.00M, Peak:0.00M | Scene, ViewLayer | Synchronizing object | dresser-parlor-palm::representative leaflet.052
Fra:1 Mem:207.83M (Peak 208.48M) | Time:00:00.14 | Mem:0.00M, Peak:0.00M | Scene, ViewLayer | Synchronizing object | grejig-3::top end rim
Fra:1 Mem:207.84M (Peak 208.48M) | Time:00:00.14 | Mem:0.00M, Peak:0.00M | Scene, ViewLayer | Synchronizing object | dresser-parlor-palm::representative leaflet.051
Fra:1 Mem:207.84M (Peak 208.48M) | Time:00:00.14 | Mem:0.00M, Peak:0.00M | Scene, ViewLayer | Synchronizing object | grejig-3::top end rim.001
Fra:1 Mem:207.84M (Peak 208.48M) | Time:00:00.14 | Mem:0.00M, Peak:0.00M | Scene, ViewLayer | Synchronizing object | dresser-parlor-palm::representative leaflet.050
Fra:1 Mem:207.84M (Peak 208.48M) | Time:00:00.14 | Mem:0.00M, Peak:0.00M | Scene, ViewLayer | Synchronizing object | grejig-3::wire lattice across
Fra:1 Mem:207.84M (Peak 208.48M) | Time:00:00.14 | Mem:0.00M, Peak:0.00M | Scene, ViewLayer | Synchronizing object | dresser-parlor-palm::representative leaflet.049
Fra:1 Mem:207.84M (Peak 208.48M) | Time:00:00.14 | Mem:0.00M, Peak:0.00M | Scene, ViewLayer | Synchronizing object | grejig-3::wire lattice across.001
Fra:1 Mem:207.84M (Peak 208.48M) | Time:00:00.14 | Mem:0.00M, Peak:0.00M | Scene, ViewLayer | Synchronizing object | dresser-parlor-palm::representative leaflet.048
Fra:1 Mem:207.84M (Peak 208.48M) | Time:00:00.14 | Mem:0.00M, Peak:0.00M | Scene, ViewLayer | Synchronizing object | grejig-3::wire lattice across.002
Fra:1 Mem:207.84M (Peak 208.48M) | Time:00:00.14 | Mem:0.00M, Peak:0.00M | Scene, ViewLayer | Synchronizing object | dresser-parlor-palm::representative leaflet.047
Fra:1 Mem:207.84M (Peak 208.48M) | Time:00:00.14 | Mem:0.00M, Peak:0.00M | Scene, ViewLayer | Synchronizing object | grejig-3::wire lattice across.003
Fra:1 Mem:207.84M (Peak 208.48M) | Time:00:00.14 | Mem:0.00M, Peak:0.00M | Scene, ViewLayer | Synchronizing object | dresser-parlor-palm::representative leaflet.046
Fra:1 Mem:207.84M (Peak 208.48M) | Time:00:00.14 | Mem:0.00M, Peak:0.00M | Scene, ViewLayer | Synchronizing object | grejig-3::wire lattice across.004
Fra:1 Mem:207.84M (Peak 208.48M) | Time:00:00.14 | Mem:0.00M, Peak:0.00M | Scene, ViewLayer | Synchronizing object | dresser-parlor-palm::representative leaflet.045
Fra:1 Mem:207.84M (Peak 208.48M) | Time:00:00.14 | Mem:0.00M, Peak:0.00M | Scene, ViewLayer | Synchronizing object | grejig-3::wire lattice across.005
Fra:1 Mem:207.85M (Peak 208.48M) | Time:00:00.14 | Mem:0.00M, Peak:0.00M | Scene, ViewLayer | Synchronizing object | dresser-parlor-palm::representative leaflet.044
Fra:1 Mem:207.85M (Peak 208.48M) | Time:00:00.14 | Mem:0.00M, Peak:0.00M | Scene, ViewLayer | Synchronizing object | grejig-3::wire lattice across.006
Fra:1 Mem:207.85M (Peak 208.48M) | Time:00:00.14 | Mem:0.00M, Peak:0.00M | Scene, ViewLayer | Synchronizing object | dresser-parlor-palm::representative leaflet.043
Fra:1 Mem:207.85M (Peak 208.48M) | Time:00:00.14 | Mem:0.00M, Peak:0.00M | Scene, ViewLayer | Synchronizing object | grejig-3::wire lattice across.007
Fra:1 Mem:207.85M (Peak 208.48M) | Time:00:00.14 | Mem:0.00M, Peak:0.00M | Scene, ViewLayer | Synchronizing object | dresser-parlor-palm::representative leaflet.042
Fra:1 Mem:207.85M (Peak 208.48M) | Time:00:00.14 | Mem:0.00M, Peak:0.00M | Scene, ViewLayer | Synchronizing object | dresser-parlor-palm::thin palm rachis3
Fra:1 Mem:207.85M (Peak 208.48M) | Time:00:00.14 | Mem:0.00M, Peak:0.00M | Scene, ViewLayer | Synchronizing object | grejig-3::wire lattice across.009
Fra:1 Mem:207.85M (Peak 208.48M) | Time:00:00.14 | Mem:0.00M, Peak:0.00M | Scene, ViewLayer | Synchronizing object | grejig-3::wire lattice across.010
Fra:1 Mem:207.85M (Peak 208.48M) | Time:00:00.14 | Mem:0.00M, Peak:0.00M | Scene, ViewLayer | Synchronizing object | grejig-3::wire lattice lengthwise
Fra:1 Mem:207.85M (Peak 208.48M) | Time:00:00.14 | Mem:0.00M, Peak:0.00M | Scene, ViewLayer | Synchronizing object | grejig-3::wire lattice lengthwise.001
Fra:1 Mem:207.85M (Peak 208.48M) | Time:00:00.14 | Mem:0.00M, Peak:0.00M | Scene, ViewLayer | Synchronizing object | dresser-parlor-palm::representative leaflet.040
Fra:1 Mem:207.86M (Peak 208.48M) | Time:00:00.14 | Mem:0.00M, Peak:0.00M | Scene, ViewLayer | Synchronizing object | dresser-parlor-palm::representative leaflet.039
Fra:1 Mem:207.86M (Peak 208.48M) | Time:00:00.14 | Mem:0.00M, Peak:0.00M | Scene, ViewLayer | Synchronizing object | dresser-parlor-palm::representative leaflet.038
Fra:1 Mem:207.86M (Peak 208.48M) | Time:00:00.14 | Mem:0.00M, Peak:0.00M | Scene, ViewLayer | Synchronizing object | dresser-parlor-palm::representative leaflet.037
Fra:1 Mem:207.86M (Peak 208.48M) | Time:00:00.14 | Mem:0.00M, Peak:0.00M | Scene, ViewLayer | Synchronizing object | grejig-3::wire lattice lengthwise.002
Fra:1 Mem:207.86M (Peak 208.48M) | Time:00:00.14 | Mem:0.00M, Peak:0.00M | Scene, ViewLayer | Synchronizing object | dresser-parlor-palm::representative leaflet.036
Fra:1 Mem:207.86M (Peak 208.48M) | Time:00:00.14 | Mem:0.00M, Peak:0.00M | Scene, ViewLayer | Synchronizing object | grejig-3::wire lattice lengthwise.003
Fra:1 Mem:207.86M (Peak 208.48M) | Time:00:00.14 | Mem:0.00M, Peak:0.00M | Scene, ViewLayer | Synchronizing object | dresser-parlor-palm::representative leaflet.035
Fra:1 Mem:207.86M (Peak 208.48M) | Time:00:00.14 | Mem:0.00M, Peak:0.00M | Scene, ViewLayer | Synchronizing object | grejig-3::wire lattice lengthwise.004
Fra:1 Mem:207.86M (Peak 208.48M) | Time:00:00.14 | Mem:0.00M, Peak:0.00M | Scene, ViewLayer | Synchronizing object | dresser-parlor-palm::representative leaflet.034
Fra:1 Mem:207.86M (Peak 208.48M) | Time:00:00.14 | Mem:0.00M, Peak:0.00M | Scene, ViewLayer | Synchronizing object | Provisional rack floor support — closet unrecorded
Fra:1 Mem:207.86M (Peak 208.48M) | Time:00:00.14 | Mem:0.00M, Peak:0.00M | Scene, ViewLayer | Synchronizing object | dresser-parlor-palm::representative leaflet.033
Fra:1 Mem:207.86M (Peak 208.48M) | Time:00:00.14 | Mem:0.00M, Peak:0.00M | Scene, ViewLayer | Synchronizing object | U-base closed crossbar
Fra:1 Mem:207.87M (Peak 208.48M) | Time:00:00.14 | Mem:0.00M, Peak:0.00M | Scene, ViewLayer | Synchronizing object | dresser-parlor-palm::representative leaflet.032
Fra:1 Mem:207.87M (Peak 208.48M) | Time:00:00.14 | Mem:0.00M, Peak:0.00M | Scene, ViewLayer | Synchronizing object | U-base open prong
Fra:1 Mem:207.88M (Peak 208.48M) | Time:00:00.14 | Mem:0.00M, Peak:0.00M | Scene, ViewLayer | Synchronizing object | dresser-parlor-palm::representative leaflet.031
Fra:1 Mem:207.88M (Peak 208.48M) | Time:00:00.14 | Mem:0.00M, Peak:0.00M | Scene, ViewLayer | Synchronizing object | U-base open prong.001
Fra:1 Mem:207.88M (Peak 208.48M) | Time:00:00.14 | Mem:0.00M, Peak:0.00M | Scene, ViewLayer | Synchronizing object | dresser-parlor-palm::representative leaflet.030
Fra:1 Mem:207.89M (Peak 208.48M) | Time:00:00.14 | Mem:0.00M, Peak:0.00M | Scene, ViewLayer | Synchronizing object | Slim rectangular upright
Fra:1 Mem:207.89M (Peak 208.48M) | Time:00:00.14 | Mem:0.00M, Peak:0.00M | Scene, ViewLayer | Synchronizing object | dresser-parlor-palm::representative leaflet.029
Fra:1 Mem:207.89M (Peak 208.48M) | Time:00:00.14 | Mem:0.00M, Peak:0.00M | Scene, ViewLayer | Synchronizing object | Rotary dimming knob
Fra:1 Mem:207.89M (Peak 208.48M) | Time:00:00.14 | Mem:0.00M, Peak:0.00M | Scene, ViewLayer | Synchronizing object | dresser-parlor-palm::representative leaflet.028
Fra:1 Mem:207.90M (Peak 208.48M) | Time:00:00.14 | Mem:0.00M, Peak:0.00M | Scene, ViewLayer | Synchronizing object | Rectangular panel long rim
Fra:1 Mem:207.90M (Peak 208.48M) | Time:00:00.14 | Mem:0.00M, Peak:0.00M | Scene, ViewLayer | Synchronizing object | dresser-parlor-palm::thin palm rachis2
Fra:1 Mem:207.91M (Peak 208.48M) | Time:00:00.14 | Mem:0.00M, Peak:0.00M | Scene, ViewLayer | Synchronizing object | Rectangular panel long rim.001
Fra:1 Mem:207.91M (Peak 208.48M) | Time:00:00.14 | Mem:0.00M, Peak:0.00M | Scene, ViewLayer | Synchronizing object | dresser-parlor-palm::representative leaflet.027
Fra:1 Mem:207.91M (Peak 208.48M) | Time:00:00.14 | Mem:0.00M, Peak:0.00M | Scene, ViewLayer | Synchronizing object | Rectangular panel end rim
Fra:1 Mem:207.92M (Peak 208.48M) | Time:00:00.14 | Mem:0.00M, Peak:0.00M | Scene, ViewLayer | Synchronizing object | dresser-parlor-palm::representative leaflet.026
Fra:1 Mem:207.92M (Peak 208.48M) | Time:00:00.14 | Mem:0.00M, Peak:0.00M | Scene, ViewLayer | Synchronizing object | dresser-parlor-palm::representative leaflet.025
Fra:1 Mem:207.93M (Peak 208.48M) | Time:00:00.14 | Mem:0.00M, Peak:0.00M | Scene, ViewLayer | Synchronizing object | Narrow parallel LED light bar
Fra:1 Mem:207.94M (Peak 208.48M) | Time:00:00.14 | Mem:0.00M, Peak:0.00M | Scene, ViewLayer | Synchronizing object | Narrow parallel LED light bar.001
Fra:1 Mem:207.94M (Peak 208.48M) | Time:00:00.14 | Mem:0.00M, Peak:0.00M | Scene, ViewLayer | Synchronizing object | Triple thickness brown fleece base
Fra:1 Mem:207.95M (Peak 208.48M) | Time:00:00.14 | Mem:0.00M, Peak:0.00M | Scene, ViewLayer | Synchronizing object | dresser-parlor-palm::representative leaflet.024
Fra:1 Mem:207.95M (Peak 208.48M) | Time:00:00.14 | Mem:0.00M, Peak:0.00M | Scene, ViewLayer | Synchronizing object | kept-muttros-cat-tree::arched hollow condo wall
Fra:1 Mem:208.08M (Peak 208.48M) | Time:00:00.14 | Mem:0.00M, Peak:0.00M | Scene, ViewLayer | Synchronizing object | dresser-parlor-palm::representative leaflet.023
Fra:1 Mem:208.16M (Peak 208.48M) | Time:00:00.14 | Mem:0.00M, Peak:0.00M | Scene, ViewLayer | Synchronizing object | dresser-parlor-palm::representative leaflet.022
Fra:1 Mem:208.22M (Peak 208.48M) | Time:00:00.14 | Mem:0.00M, Peak:0.00M | Scene, ViewLayer | Synchronizing object | dresser-parlor-palm::representative leaflet.021
Fra:1 Mem:208.22M (Peak 208.48M) | Time:00:00.14 | Mem:0.00M, Peak:0.00M | Scene, ViewLayer | Synchronizing object | dresser-parlor-palm::representative leaflet.020
Fra:1 Mem:208.22M (Peak 208.48M) | Time:00:00.14 | Mem:0.00M, Peak:0.00M | Scene, ViewLayer | Synchronizing object | dresser-parlor-palm::representative leaflet.019
Fra:1 Mem:208.22M (Peak 208.48M) | Time:00:00.14 | Mem:0.00M, Peak:0.00M | Scene, ViewLayer | Synchronizing object | dresser-parlor-palm::representative leaflet.018
Fra:1 Mem:208.27M (Peak 208.48M) | Time:00:00.14 | Mem:0.00M, Peak:0.00M | Scene, ViewLayer | Synchronizing object | dresser-parlor-palm::representative leaflet.017
Fra:1 Mem:208.27M (Peak 208.48M) | Time:00:00.14 | Mem:0.00M, Peak:0.00M | Scene, ViewLayer | Synchronizing object | dresser-parlor-palm::representative leaflet.016
Fra:1 Mem:208.22M (Peak 208.48M) | Time:00:00.14 | Mem:0.00M, Peak:0.00M | Scene, ViewLayer | Synchronizing object | Condo top plush cushion
Fra:1 Mem:208.23M (Peak 208.48M) | Time:00:00.14 | Mem:0.00M, Peak:0.00M | Scene, ViewLayer | Synchronizing object | dresser-parlor-palm::representative leaflet.015
Fra:1 Mem:208.23M (Peak 208.48M) | Time:00:00.14 | Mem:0.00M, Peak:0.00M | Scene, ViewLayer | Synchronizing object | Condo dark floor
Fra:1 Mem:208.23M (Peak 208.48M) | Time:00:00.14 | Mem:0.00M, Peak:0.00M | Scene, ViewLayer | Synchronizing object | dresser-parlor-palm::representative leaflet.014
Fra:1 Mem:208.23M (Peak 208.48M) | Time:00:00.14 | Mem:0.00M, Peak:0.00M | Scene, ViewLayer | Synchronizing object | Natural wood branch0-0
Fra:1 Mem:208.24M (Peak 208.48M) | Time:00:00.14 | Mem:0.00M, Peak:0.00M | Scene, ViewLayer | Synchronizing object | dresser-parlor-palm::thin palm rachis1
Fra:1 Mem:208.24M (Peak 208.48M) | Time:00:00.14 | Mem:0.00M, Peak:0.00M | Scene, ViewLayer | Synchronizing object | Natural wood branch0-1
Fra:1 Mem:208.24M (Peak 208.48M) | Time:00:00.14 | Mem:0.00M, Peak:0.00M | Scene, ViewLayer | Synchronizing object | dresser-parlor-palm::representative leaflet.013
Fra:1 Mem:208.24M (Peak 208.48M) | Time:00:00.14 | Mem:0.00M, Peak:0.00M | Scene, ViewLayer | Synchronizing object | Natural wood branch0-2
Fra:1 Mem:208.25M (Peak 208.48M) | Time:00:00.14 | Mem:0.00M, Peak:0.00M | Scene, ViewLayer | Synchronizing object | dresser-parlor-palm::representative leaflet.012
Fra:1 Mem:208.25M (Peak 208.48M) | Time:00:00.14 | Mem:0.00M, Peak:0.00M | Scene, ViewLayer | Synchronizing object | Natural wood branch0-3
Fra:1 Mem:208.25M (Peak 208.48M) | Time:00:00.14 | Mem:0.00M, Peak:0.00M | Scene, ViewLayer | Synchronizing object | dresser-parlor-palm::representative leaflet.011
Fra:1 Mem:208.25M (Peak 208.48M) | Time:00:00.14 | Mem:0.00M, Peak:0.00M | Scene, ViewLayer | Synchronizing object | Organic branch junction
Fra:1 Mem:208.29M (Peak 208.48M) | Time:00:00.14 | Mem:0.00M, Peak:0.00M | Scene, ViewLayer | Synchronizing object | dresser-parlor-palm::representative leaflet.010
Fra:1 Mem:208.30M (Peak 208.48M) | Time:00:00.14 | Mem:0.00M, Peak:0.00M | Scene, ViewLayer | Synchronizing object | dresser-parlor-palm::representative leaflet.009
Fra:1 Mem:208.29M (Peak 208.48M) | Time:00:00.14 | Mem:0.00M, Peak:0.00M | Scene, ViewLayer | Synchronizing object | Organic branch junction.001
Fra:1 Mem:208.31M (Peak 208.48M) | Time:00:00.14 | Mem:0.00M, Peak:0.00M | Scene, ViewLayer | Synchronizing object | dresser-parlor-palm::representative leaflet.008
Fra:1 Mem:208.33M (Peak 208.48M) | Time:00:00.14 | Mem:0.00M, Peak:0.00M | Scene, ViewLayer | Synchronizing object | dresser-parlor-palm::representative leaflet.007
Fra:1 Mem:208.33M (Peak 208.48M) | Time:00:00.14 | Mem:0.00M, Peak:0.00M | Scene, ViewLayer | Synchronizing object | Organic branch junction.002
Fra:1 Mem:208.33M (Peak 208.48M) | Time:00:00.14 | Mem:0.00M, Peak:0.00M | Scene, ViewLayer | Synchronizing object | dresser-parlor-palm::representative leaflet.006
Fra:1 Mem:208.36M (Peak 208.48M) | Time:00:00.14 | Mem:0.00M, Peak:0.00M | Scene, ViewLayer | Synchronizing object | dresser-parlor-palm::representative leaflet.005
Fra:1 Mem:208.37M (Peak 208.48M) | Time:00:00.14 | Mem:0.00M, Peak:0.00M | Scene, ViewLayer | Synchronizing object | Natural wood branch1-0
Fra:1 Mem:208.37M (Peak 208.48M) | Time:00:00.14 | Mem:0.00M, Peak:0.00M | Scene, ViewLayer | Synchronizing object | dresser-parlor-palm::representative leaflet.004
Fra:1 Mem:208.37M (Peak 208.48M) | Time:00:00.14 | Mem:0.00M, Peak:0.00M | Scene, ViewLayer | Synchronizing object | Natural wood branch1-1
Fra:1 Mem:208.37M (Peak 208.48M) | Time:00:00.14 | Mem:0.00M, Peak:0.00M | Scene, ViewLayer | Synchronizing object | dresser-parlor-palm::representative leaflet.003
Fra:1 Mem:208.37M (Peak 208.48M) | Time:00:00.14 | Mem:0.00M, Peak:0.00M | Scene, ViewLayer | Synchronizing object | Natural wood branch1-2
Fra:1 Mem:208.37M (Peak 208.48M) | Time:00:00.14 | Mem:0.00M, Peak:0.00M | Scene, ViewLayer | Synchronizing object | dresser-parlor-palm::representative leaflet.002
Fra:1 Mem:208.38M (Peak 208.48M) | Time:00:00.14 | Mem:0.00M, Peak:0.00M | Scene, ViewLayer | Synchronizing object | Organic branch junction.003
Fra:1 Mem:208.41M (Peak 208.48M) | Time:00:00.14 | Mem:0.00M, Peak:0.00M | Scene, ViewLayer | Synchronizing object | dresser-parlor-palm::representative leaflet.001
Fra:1 Mem:208.41M (Peak 208.48M) | Time:00:00.14 | Mem:0.00M, Peak:0.00M | Scene, ViewLayer | Synchronizing object | dresser-parlor-palm::representative leaflet
Fra:1 Mem:208.41M (Peak 208.48M) | Time:00:00.14 | Mem:0.00M, Peak:0.00M | Scene, ViewLayer | Synchronizing object | dresser-parlor-palm::thin palm rachis0
Fra:1 Mem:208.42M (Peak 208.48M) | Time:00:00.14 | Mem:0.00M, Peak:0.00M | Scene, ViewLayer | Synchronizing object | dresser-parlor-palm::soil
Fra:1 Mem:208.42M (Peak 208.48M) | Time:00:00.14 | Mem:0.00M, Peak:0.00M | Scene, ViewLayer | Synchronizing object | dresser-parlor-palm::black Westcott pot proxy
Fra:1 Mem:208.43M (Peak 208.48M) | Time:00:00.14 | Mem:0.00M, Peak:0.00M | Scene, ViewLayer | Synchronizing object | dresser-parlor-palm::black saucer
Fra:1 Mem:208.47M (Peak 208.48M) | Time:00:00.14 | Mem:0.00M, Peak:0.00M | Scene, ViewLayer | Synchronizing object | dresser-fado::illustrative rear cord1
Fra:1 Mem:208.49M (Peak 208.49M) | Time:00:00.14 | Mem:0.00M, Peak:0.00M | Scene, ViewLayer | Synchronizing object | Natural wood branch2-0
Fra:1 Mem:208.49M (Peak 208.49M) | Time:00:00.14 | Mem:0.00M, Peak:0.00M | Scene, ViewLayer | Synchronizing object | Natural wood branch2-1
Fra:1 Mem:208.50M (Peak 208.50M) | Time:00:00.14 | Mem:0.00M, Peak:0.00M | Scene, ViewLayer | Synchronizing object | Organic branch junction.005
Fra:1 Mem:208.52M (Peak 208.52M) | Time:00:00.14 | Mem:0.00M, Peak:0.00M | Scene, ViewLayer | Synchronizing object | dresser-fado::original body component3
Fra:1 Mem:208.62M (Peak 208.62M) | Time:00:00.14 | Mem:0.00M, Peak:0.00M | Scene, ViewLayer | Synchronizing object | Natural wood branch3-0
Fra:1 Mem:208.62M (Peak 208.62M) | Time:00:00.14 | Mem:0.00M, Peak:0.00M | Scene, ViewLayer | Synchronizing object | Natural wood branch3-1
Fra:1 Mem:208.61M (Peak 208.62M) | Time:00:00.14 | Mem:0.00M, Peak:0.00M | Scene, ViewLayer | Synchronizing object | dresser-fado::original body component2
Fra:1 Mem:208.61M (Peak 208.62M) | Time:00:00.14 | Mem:0.00M, Peak:0.00M | Scene, ViewLayer | Synchronizing object | Organic branch junction.006
Fra:1 Mem:208.82M (Peak 208.82M) | Time:00:00.14 | Mem:0.00M, Peak:0.00M | Scene, ViewLayer | Synchronizing object | dresser-fado::original body component1
Fra:1 Mem:208.85M (Peak 208.85M) | Time:00:00.14 | Mem:0.00M, Peak:0.00M | Scene, ViewLayer | Synchronizing object | kept-muttros-cat-tree::Top wicker basket woven horizontal cours
Fra:1 Mem:209.38M (Peak 209.38M) | Time:00:00.14 | Mem:0.00M, Peak:0.00M | Scene, ViewLayer | Synchronizing object | dresser-fado::original body component0
Fra:1 Mem:209.96M (Peak 209.96M) | Time:00:00.14 | Mem:0.00M, Peak:0.00M | Scene, ViewLayer | Synchronizing object | kept-muttros-cat-tree::Top wicker basket crossing wicker strand
Fra:1 Mem:210.53M (Peak 210.53M) | Time:00:00.14 | Mem:0.00M, Peak:0.00M | Scene, ViewLayer | Synchronizing object | Top wicker basket brown fleece cushion
Fra:1 Mem:210.57M (Peak 210.57M) | Time:00:00.14 | Mem:0.00M, Peak:0.00M | Scene, ViewLayer | Synchronizing object | kept-muttros-cat-tree::High side wicker basket woven horizontal
Fra:1 Mem:210.76M (Peak 210.76M) | Time:00:00.14 | Mem:0.00M, Peak:0.00M | Scene, ViewLayer | Synchronizing object | primary-display-ledge::illustrative pocket journal2
Fra:1 Mem:210.97M (Peak 210.97M) | Time:00:00.14 | Mem:0.00M, Peak:0.00M | Scene, ViewLayer | Synchronizing object | primary-display-ledge::illustrative pocket journal1
Fra:1 Mem:210.98M (Peak 210.98M) | Time:00:00.14 | Mem:0.00M, Peak:0.00M | Scene, ViewLayer | Synchronizing object | primary-display-ledge::illustrative pocket journal0
Fra:1 Mem:211.09M (Peak 211.09M) | Time:00:00.14 | Mem:0.00M, Peak:0.00M | Scene, ViewLayer | Synchronizing object | primary-display-ledge::original supplier black ledge
Fra:1 Mem:211.00M (Peak 211.09M) | Time:00:00.14 | Mem:0.00M, Peak:0.00M | Scene, ViewLayer | Synchronizing object | kept-muttros-cat-tree::High side wicker basket crossing wicker 
Fra:1 Mem:211.75M (Peak 211.75M) | Time:00:00.14 | Mem:0.00M, Peak:0.00M | Scene, ViewLayer | Synchronizing object | High side wicker basket brown fleece cushion
Fra:1 Mem:211.78M (Peak 211.78M) | Time:00:00.14 | Mem:0.00M, Peak:0.00M | Scene, ViewLayer | Synchronizing object | kept-muttros-cat-tree::Low side wicker basket woven horizontal 
Fra:1 Mem:211.99M (Peak 211.99M) | Time:00:00.14 | Mem:0.00M, Peak:0.00M | Scene, ViewLayer | Synchronizing object | project-display-ledge::illustrative pocket journal2
Fra:1 Mem:212.10M (Peak 212.10M) | Time:00:00.14 | Mem:0.00M, Peak:0.00M | Scene, ViewLayer | Synchronizing object | project-display-ledge::illustrative pocket journal1
Fra:1 Mem:212.12M (Peak 212.12M) | Time:00:00.14 | Mem:0.00M, Peak:0.00M | Scene, ViewLayer | Synchronizing object | project-display-ledge::illustrative pocket journal0
Fra:1 Mem:212.13M (Peak 212.13M) | Time:00:00.14 | Mem:0.00M, Peak:0.00M | Scene, ViewLayer | Synchronizing object | project-display-ledge::original supplier black ledge
Fra:1 Mem:212.27M (Peak 212.27M) | Time:00:00.14 | Mem:0.00M, Peak:0.00M | Scene, ViewLayer | Synchronizing object | kept-muttros-cat-tree::Low side wicker basket crossing wicker s
Fra:1 Mem:212.88M (Peak 212.88M) | Time:00:00.14 | Mem:0.00M, Peak:0.00M | Scene, ViewLayer | Synchronizing object | Low side wicker basket brown fleece cushion
Fra:1 Mem:212.92M (Peak 212.92M) | Time:00:00.14 | Mem:0.00M, Peak:0.00M | Scene, ViewLayer | Synchronizing object | kept-muttros-cat-tree::Brown fleece suspended bowl hammock
Fra:1 Mem:213.03M (Peak 213.03M) | Time:00:00.14 | Mem:0.00M, Peak:0.00M | Scene, ViewLayer | Synchronizing object | kept-muttros-cat-tree::Thick fleece hammock rim
Fra:1 Mem:212.93M (Peak 213.03M) | Time:00:00.14 | Mem:0.00M, Peak:0.00M | Scene, ViewLayer | Synchronizing object | kept-muttros-cat-tree::Sisal rope winding
Fra:1 Mem:212.96M (Peak 213.03M) | Time:00:00.14 | Mem:0.00M, Peak:0.00M | Scene, ViewLayer | Synchronizing object | richmond-art::full actual native landscape print
Fra:1 Mem:212.98M (Peak 213.03M) | Time:00:00.14 | Mem:0.00M, Peak:0.00M | Scene, ViewLayer | Synchronizing object | richmond-art::black wood frame right
Fra:1 Mem:212.99M (Peak 213.03M) | Time:00:00.14 | Mem:0.00M, Peak:0.00M | Scene, ViewLayer | Synchronizing object | kept-muttros-cat-tree::Sisal rope winding.001
Fra:1 Mem:213.05M (Peak 213.05M) | Time:00:00.14 | Mem:0.00M, Peak:0.00M | Scene, ViewLayer | Synchronizing object | richmond-art::black wood frame left
Fra:1 Mem:213.09M (Peak 213.09M) | Time:00:00.14 | Mem:0.00M, Peak:0.00M | Scene, ViewLayer | Synchronizing object | richmond-art::black wood frame bottom
Fra:1 Mem:213.10M (Peak 213.10M) | Time:00:00.14 | Mem:0.00M, Peak:0.00M | Scene, ViewLayer | Synchronizing object | kept-muttros-cat-tree::Sisal rope winding.002
Fra:1 Mem:213.17M (Peak 213.17M) | Time:00:00.14 | Mem:0.00M, Peak:0.00M | Scene, ViewLayer | Synchronizing object | richmond-art::black wood frame top
Fra:1 Mem:213.20M (Peak 213.20M) | Time:00:00.14 | Mem:0.00M, Peak:0.00M | Scene, ViewLayer | Synchronizing object | visitor-chair::rear walnut seat stretcher
Fra:1 Mem:213.21M (Peak 213.21M) | Time:00:00.14 | Mem:0.00M, Peak:0.00M | Scene, ViewLayer | Synchronizing object | visitor-chair::front walnut seat stretcher
Fra:1 Mem:213.23M (Peak 213.23M) | Time:00:00.14 | Mem:0.00M, Peak:0.00M | Scene, ViewLayer | Synchronizing object | visitor-chair::side seat rail.001
Fra:1 Mem:213.23M (Peak 213.23M) | Time:00:00.14 | Mem:0.00M, Peak:0.00M | Scene, ViewLayer | Synchronizing object | visitor-chair::rear walnut leg.001
Fra:1 Mem:213.24M (Peak 213.24M) | Time:00:00.14 | Mem:0.00M, Peak:0.00M | Scene, ViewLayer | Synchronizing object | visitor-chair::front walnut leg.001
Fra:1 Mem:213.24M (Peak 213.24M) | Time:00:00.14 | Mem:0.00M, Peak:0.00M | Scene, ViewLayer | Synchronizing object | visitor-chair::rounded walnut arm.001
Fra:1 Mem:213.25M (Peak 213.25M) | Time:00:00.14 | Mem:0.00M, Peak:0.00M | Scene, ViewLayer | Synchronizing object | visitor-chair::side seat rail
Fra:1 Mem:213.26M (Peak 213.26M) | Time:00:00.14 | Mem:0.00M, Peak:0.00M | Scene, ViewLayer | Synchronizing object | visitor-chair::rear walnut leg
Fra:1 Mem:213.26M (Peak 213.26M) | Time:00:00.14 | Mem:0.00M, Peak:0.00M | Scene, ViewLayer | Synchronizing object | visitor-chair::front walnut leg
Fra:1 Mem:213.26M (Peak 213.26M) | Time:00:00.14 | Mem:0.00M, Peak:0.00M | Scene, ViewLayer | Synchronizing object | visitor-chair::rounded walnut arm
Fra:1 Mem:213.28M (Peak 213.28M) | Time:00:00.14 | Mem:0.00M, Peak:0.00M | Scene, ViewLayer | Synchronizing object | visitor-chair::rounded sloping boucle back
Fra:1 Mem:213.29M (Peak 213.29M) | Time:00:00.14 | Mem:0.00M, Peak:0.00M | Scene, ViewLayer | Synchronizing object | visitor-chair::rounded boucle seat
Fra:1 Mem:213.31M (Peak 213.31M) | Time:00:00.14 | Mem:0.00M, Peak:0.00M | Scene, ViewLayer | Synchronizing object | standing-main-desk::leveling_glide_left_front
Fra:1 Mem:213.57M (Peak 213.57M) | Time:00:00.14 | Mem:0.00M, Peak:0.00M | Scene, ViewLayer | Synchronizing object | kept-muttros-cat-tree::Hanging pom-pom cord
Fra:1 Mem:213.57M (Peak 213.57M) | Time:00:00.14 | Mem:0.00M, Peak:0.00M | Scene, ViewLayer | Synchronizing object | Brown play ball
Fra:1 Mem:213.61M (Peak 213.61M) | Time:00:00.14 | Mem:0.00M, Peak:0.00M | Scene, ViewLayer | Synchronizing object | kept-muttros-cat-tree::Hanging pom-pom cord.001
Fra:1 Mem:213.61M (Peak 213.61M) | Time:00:00.14 | Mem:0.00M, Peak:0.00M | Scene, ViewLayer | Synchronizing object | Brown play ball.001
Fra:1 Mem:213.64M (Peak 213.64M) | Time:00:00.14 | Mem:0.00M, Peak:0.00M | Scene, ViewLayer | Synchronizing object | kept-muttros-cat-tree::Hanging pom-pom cord.002
Fra:1 Mem:213.65M (Peak 213.65M) | Time:00:00.14 | Mem:0.00M, Peak:0.00M | Scene, ViewLayer | Synchronizing object | Brown play ball.002
Fra:1 Mem:213.68M (Peak 213.68M) | Time:00:00.14 | Mem:0.00M, Peak:0.00M | Scene, ViewLayer | Synchronizing object | aeron-primary :: five-star spoke 1
Fra:1 Mem:213.71M (Peak 213.71M) | Time:00:00.14 | Mem:0.00M, Peak:0.00M | Scene, ViewLayer | Synchronizing object | aeron-primary :: caster 1 wheel -1
Fra:1 Mem:214.09M (Peak 214.09M) | Time:00:00.14 | Mem:0.00M, Peak:0.00M | Scene, ViewLayer | Synchronizing object | aeron-primary :: caster 1 wheel 1
Fra:1 Mem:214.10M (Peak 214.10M) | Time:00:00.14 | Mem:0.00M, Peak:0.00M | Scene, ViewLayer | Synchronizing object | aeron-primary :: caster 1 swivel
Fra:1 Mem:214.12M (Peak 214.12M) | Time:00:00.14 | Mem:0.00M, Peak:0.00M | Scene, ViewLayer | Synchronizing object | aeron-primary :: five-star spoke 2
Fra:1 Mem:214.13M (Peak 214.13M) | Time:00:00.14 | Mem:0.00M, Peak:0.00M | Scene, ViewLayer | Synchronizing object | aeron-primary :: caster 2 wheel -1
Fra:1 Mem:214.13M (Peak 214.13M) | Time:00:00.14 | Mem:0.00M, Peak:0.00M | Scene, ViewLayer | Synchronizing object | aeron-primary :: caster 2 wheel 1
Fra:1 Mem:214.14M (Peak 214.14M) | Time:00:00.14 | Mem:0.00M, Peak:0.00M | Scene, ViewLayer | Synchronizing object | aeron-primary :: caster 2 swivel
Fra:1 Mem:214.14M (Peak 214.14M) | Time:00:00.14 | Mem:0.00M, Peak:0.00M | Scene, ViewLayer | Synchronizing object | aeron-primary :: five-star spoke 3
Fra:1 Mem:214.14M (Peak 214.14M) | Time:00:00.14 | Mem:0.00M, Peak:0.00M | Scene, ViewLayer | Synchronizing object | aeron-primary :: caster 3 wheel -1
Fra:1 Mem:214.15M (Peak 214.15M) | Time:00:00.14 | Mem:0.00M, Peak:0.00M | Scene, ViewLayer | Synchronizing object | aeron-primary :: caster 3 wheel 1
Fra:1 Mem:214.15M (Peak 214.15M) | Time:00:00.14 | Mem:0.00M, Peak:0.00M | Scene, ViewLayer | Synchronizing object | aeron-primary :: caster 3 swivel
Fra:1 Mem:214.15M (Peak 214.15M) | Time:00:00.14 | Mem:0.00M, Peak:0.00M | Scene, ViewLayer | Synchronizing object | aeron-primary :: five-star spoke 4
Fra:1 Mem:214.16M (Peak 214.16M) | Time:00:00.14 | Mem:0.00M, Peak:0.00M | Scene, ViewLayer | Synchronizing object | aeron-primary :: caster 4 wheel -1
Fra:1 Mem:214.16M (Peak 214.16M) | Time:00:00.14 | Mem:0.00M, Peak:0.00M | Scene, ViewLayer | Synchronizing object | aeron-primary :: caster 4 wheel 1
Fra:1 Mem:214.17M (Peak 214.17M) | Time:00:00.14 | Mem:0.00M, Peak:0.00M | Scene, ViewLayer | Synchronizing object | aeron-primary :: caster 4 swivel
Fra:1 Mem:214.17M (Peak 214.17M) | Time:00:00.14 | Mem:0.00M, Peak:0.00M | Scene, ViewLayer | Synchronizing object | aeron-primary :: five-star spoke 5
Fra:1 Mem:214.17M (Peak 214.17M) | Time:00:00.14 | Mem:0.00M, Peak:0.00M | Scene, ViewLayer | Synchronizing object | aeron-primary :: caster 5 wheel -1
Fra:1 Mem:214.18M (Peak 214.18M) | Time:00:00.14 | Mem:0.00M, Peak:0.00M | Scene, ViewLayer | Synchronizing object | aeron-primary :: caster 5 wheel 1
Fra:1 Mem:214.27M (Peak 214.27M) | Time:00:00.14 | Mem:0.00M, Peak:0.00M | Scene, ViewLayer | Synchronizing object | aeron-primary :: caster 5 swivel
Fra:1 Mem:214.28M (Peak 214.28M) | Time:00:00.14 | Mem:0.00M, Peak:0.00M | Scene, ViewLayer | Synchronizing object | aeron-primary :: base hub
Fra:1 Mem:214.38M (Peak 214.38M) | Time:00:00.14 | Mem:0.00M, Peak:0.00M | Scene, ViewLayer | Synchronizing object | aeron-primary :: gas lift cylinder
Fra:1 Mem:214.51M (Peak 214.51M) | Time:00:00.14 | Mem:0.00M, Peak:0.00M | Scene, ViewLayer | Synchronizing object | aeron-primary :: tilt mechanism housing
Fra:1 Mem:214.59M (Peak 214.59M) | Time:00:00.14 | Mem:0.00M, Peak:0.00M | Scene, ViewLayer | Synchronizing object | aeron-primary :: underseat cross support
Fra:1 Mem:214.59M (Peak 214.59M) | Time:00:00.14 | Mem:0.00M, Peak:0.00M | Scene, ViewLayer | Synchronizing object | aeron-primary :: right tilt control stem
Fra:1 Mem:214.59M (Peak 214.59M) | Time:00:00.14 | Mem:0.00M, Peak:0.00M | Scene, ViewLayer | Synchronizing object | aeron-primary :: tilt control knob
Fra:1 Mem:214.63M (Peak 214.63M) | Time:00:00.14 | Mem:0.00M, Peak:0.00M | Scene, ViewLayer | Synchronizing object | aeron-primary :: sculpted open oval back perimeter
Fra:1 Mem:214.74M (Peak 214.74M) | Time:00:00.14 | Mem:0.00M, Peak:0.00M | Scene, ViewLayer | Synchronizing object | aeron-primary :: sculpted open seat perimeter
Fra:1 Mem:214.86M (Peak 214.86M) | Time:00:00.14 | Mem:0.00M, Peak:0.00M | Scene, ViewLayer | Synchronizing object | aeron-primary :: fine open curved back weave
Fra:1 Mem:219.89M (Peak 222.46M) | Time:00:00.15 | Mem:0.00M, Peak:0.00M | Scene, ViewLayer | Synchronizing object | aeron-primary :: fine open suspended seat weave
Fra:1 Mem:221.30M (Peak 222.46M) | Time:00:00.15 | Mem:0.00M, Peak:0.00M | Scene, ViewLayer | Synchronizing object | standing-main-desk::lifting_column_right_inner_stage
Fra:1 Mem:227.08M (Peak 228.26M) | Time:00:00.15 | Mem:0.00M, Peak:0.00M | Scene, ViewLayer | Synchronizing object | aeron-primary :: rear central back carrier
Fra:1 Mem:227.08M (Peak 228.26M) | Time:00:00.15 | Mem:0.00M, Peak:0.00M | Scene, ViewLayer | Synchronizing object | aeron-primary :: reference lumbar support
Fra:1 Mem:227.08M (Peak 228.26M) | Time:00:00.15 | Mem:0.00M, Peak:0.00M | Scene, ViewLayer | Synchronizing object | aeron-primary :: seat hinge and back carrier -1
Fra:1 Mem:227.08M (Peak 228.26M) | Time:00:00.15 | Mem:0.00M, Peak:0.00M | Scene, ViewLayer | Synchronizing object | aeron-primary :: seat pivot cap -1
Fra:1 Mem:227.12M (Peak 228.26M) | Time:00:00.15 | Mem:0.00M, Peak:0.00M | Scene, ViewLayer | Synchronizing object | aeron-primary :: adjustable arm support -1
Fra:1 Mem:227.12M (Peak 228.26M) | Time:00:00.15 | Mem:0.00M, Peak:0.00M | Scene, ViewLayer | Synchronizing object | aeron-primary :: gray arm pad -1
Fra:1 Mem:227.38M (Peak 228.26M) | Time:00:00.15 | Mem:0.00M, Peak:0.00M | Scene, ViewLayer | Synchronizing object | aeron-primary :: seat hinge and back carrier 1
Fra:1 Mem:227.39M (Peak 228.26M) | Time:00:00.15 | Mem:0.00M, Peak:0.00M | Scene, ViewLayer | Synchronizing object | aeron-primary :: seat pivot cap 1
Fra:1 Mem:227.42M (Peak 228.26M) | Time:00:00.15 | Mem:0.00M, Peak:0.00M | Scene, ViewLayer | Synchronizing object | aeron-primary :: adjustable arm support 1
Fra:1 Mem:227.43M (Peak 228.26M) | Time:00:00.15 | Mem:0.00M, Peak:0.00M | Scene, ViewLayer | Synchronizing object | aeron-primary :: gray arm pad 1
Fra:1 Mem:227.46M (Peak 228.26M) | Time:00:00.15 | Mem:0.00M, Peak:0.00M | Scene, ViewLayer | Synchronizing object | standing-main-desk::leveling_glide_right_rear
Fra:1 Mem:230.25M (Peak 230.60M) | Time:00:00.16 | Mem:0.00M, Peak:0.00M | Scene, ViewLayer | Synchronizing object | standing-main-desk::lifting_column_left_head
Fra:1 Mem:230.68M (Peak 233.48M) | Time:00:00.16 | Mem:0.00M, Peak:0.00M | Scene, ViewLayer | Synchronizing object | standing-main-desk::cable_door_lid
Fra:1 Mem:235.02M (Peak 236.43M) | Time:00:00.17 | Mem:0.00M, Peak:0.00M | Scene, ViewLayer | Synchronizing object | standing-main-desk::frame_cover_right
Fra:1 Mem:243.03M (Peak 248.33M) | Time:00:00.19 | Mem:0.00M, Peak:0.00M | Scene, ViewLayer | Synchronizing object | standing-main-desk::lifting_column_right_middle_stage
Fra:1 Mem:239.46M (Peak 248.33M) | Time:00:00.21 | Mem:0.00M, Peak:0.00M | Scene, ViewLayer | Synchronizing object | standing-main-desk::lifting_column_right_outer_stage
Fra:1 Mem:241.94M (Peak 248.33M) | Time:00:00.23 | Mem:0.00M, Peak:0.00M | Scene, ViewLayer | Synchronizing object | standing-main-desk::frame_rail_front
Fra:1 Mem:245.92M (Peak 253.10M) | Time:00:00.25 | Mem:0.00M, Peak:0.00M | Scene, ViewLayer | Synchronizing object | standing-main-desk::desktop_bracket_left
Fra:1 Mem:242.64M (Peak 253.10M) | Time:00:00.25 | Mem:0.00M, Peak:0.00M | Scene, ViewLayer | Synchronizing object | standing-main-desk::desktop_bracket_right
Fra:1 Mem:246.20M (Peak 253.10M) | Time:00:00.26 | Mem:0.00M, Peak:0.00M | Scene, ViewLayer | Synchronizing object | standing-main-desk::frame_end_right
Fra:1 Mem:246.39M (Peak 253.10M) | Time:00:00.26 | Mem:0.00M, Peak:0.00M | Scene, ViewLayer | Synchronizing object | standing-main-desk::keypad_controls
Fra:1 Mem:253.82M (Peak 253.93M) | Time:00:00.27 | Mem:0.00M, Peak:0.00M | Scene, ViewLayer | Synchronizing object | standing-main-desk::foot_right
Fra:1 Mem:262.14M (Peak 265.41M) | Time:00:00.28 | Mem:0.00M, Peak:0.00M | Scene, ViewLayer | Synchronizing object | standing-main-desk::lifting_column_left_inner_stage
Fra:1 Mem:264.45M (Peak 268.64M) | Time:00:00.30 | Mem:0.00M, Peak:0.00M | Scene, ViewLayer | Synchronizing object | standing-main-desk::desktop
Fra:1 Mem:276.38M (Peak 280.08M) | Time:00:00.34 | Mem:0.00M, Peak:0.00M | Scene, ViewLayer | Synchronizing object | standing-main-desk::control_box
Fra:1 Mem:270.86M (Peak 288.59M) | Time:00:00.37 | Mem:0.00M, Peak:0.00M | Scene, ViewLayer | Synchronizing object | standing-main-desk::foot_left
Fra:1 Mem:277.53M (Peak 288.59M) | Time:00:00.38 | Mem:0.00M, Peak:0.00M | Scene, ViewLayer | Synchronizing object | standing-main-desk::frame_rail_rear
Fra:1 Mem:272.63M (Peak 288.59M) | Time:00:00.39 | Mem:0.00M, Peak:0.00M | Scene, ViewLayer | Synchronizing object | standing-main-desk::frame_end_left
Fra:1 Mem:276.00M (Peak 288.59M) | Time:00:00.40 | Mem:0.00M, Peak:0.00M | Scene, ViewLayer | Synchronizing object | standing-main-desk::lifting_column_left_middle_stage
Fra:1 Mem:286.40M (Peak 289.75M) | Time:00:00.44 | Mem:0.00M, Peak:0.00M | Scene, ViewLayer | Synchronizing object | standing-main-desk::leveling_glide_left_rear
Fra:1 Mem:287.11M (Peak 289.75M) | Time:00:00.45 | Mem:0.00M, Peak:0.00M | Scene, ViewLayer | Synchronizing object | standing-main-desk::cable_door
Fra:1 Mem:289.57M (Peak 290.60M) | Time:00:00.45 | Mem:0.00M, Peak:0.00M | Scene, ViewLayer | Synchronizing object | standing-main-desk::frame_cover_left
Fra:1 Mem:300.13M (Peak 305.68M) | Time:00:00.48 | Mem:0.00M, Peak:0.00M | Scene, ViewLayer | Synchronizing object | standing-main-desk::lifting_column_right_head
Fra:1 Mem:295.11M (Peak 308.44M) | Time:00:00.56 | Mem:0.00M, Peak:0.00M | Scene, ViewLayer | Synchronizing object | standing-main-desk::cable_door_brush
Fra:1 Mem:295.11M (Peak 308.44M) | Time:00:00.56 | Mem:0.00M, Peak:0.00M | Scene, ViewLayer | Synchronizing object | standing-main-desk::leveling_glide_right_front
Fra:1 Mem:295.80M (Peak 308.44M) | Time:00:00.57 | Mem:0.00M, Peak:0.00M | Scene, ViewLayer | Synchronizing object | standing-main-desk::lifting_column_left_outer_stage
Fra:1 Mem:294.07M (Peak 308.44M) | Time:00:00.59 | Mem:0.00M, Peak:0.00M | Scene, ViewLayer | Synchronizing object | standing-main-desk::felt_cable_organizer
Fra:1 Mem:297.02M (Peak 308.44M) | Time:00:00.59 | Mem:0.00M, Peak:0.00M | Scene, ViewLayer | Synchronizing object | standing-main-desk::keypad
Fra:1 Mem:292.47M (Peak 308.44M) | Time:00:00.63 | Mem:0.00M, Peak:0.00M | Scene, ViewLayer | Initializing
Fra:1 Mem:287.30M (Peak 308.44M) | Time:00:00.64 | Mem:0.00M, Peak:0.00M | Scene, ViewLayer | Updating Images | Loading dan-hobday-richmond-70x100-official.jpg
Fra:1 Mem:287.30M (Peak 308.44M) | Time:00:00.64 | Mem:0.00M, Peak:0.00M | Scene, ViewLayer | Updating Images | Loading wood-upper.png
Fra:1 Mem:299.99M (Peak 308.44M) | Time:00:00.65 | Mem:2.00M, Peak:2.00M | Scene, ViewLayer | Updating Images | Loading brick-upper.png
Fra:1 Mem:301.99M (Peak 308.44M) | Time:00:00.66 | Mem:4.00M, Peak:4.00M | Scene, ViewLayer | Updating Images | Loading rift-6x9.jpg
Fra:1 Mem:312.18M (Peak 384.40M) | Time:00:00.79 | Mem:42.15M, Peak:42.15M | Scene, ViewLayer | Waiting for render to start
Fra:1 Mem:312.18M (Peak 384.40M) | Time:00:00.79 | Mem:42.15M, Peak:42.15M | Scene, ViewLayer | Loading render kernels (may take a few minutes the first time)
Fra:1 Mem:312.18M (Peak 384.40M) | Time:00:00.79 | Mem:42.15M, Peak:42.15M | Scene, ViewLayer | Updating Scene
Fra:1 Mem:312.18M (Peak 384.40M) | Time:00:00.79 | Mem:42.15M, Peak:42.15M | Scene, ViewLayer | Updating Shaders
Fra:1 Mem:312.30M (Peak 384.40M) | Time:00:00.79 | Mem:42.19M, Peak:42.19M | Scene, ViewLayer | Updating Procedurals
Fra:1 Mem:312.30M (Peak 384.40M) | Time:00:00.79 | Mem:42.19M, Peak:42.19M | Scene, ViewLayer | Updating Background
Fra:1 Mem:312.30M (Peak 384.40M) | Time:00:00.79 | Mem:42.19M, Peak:42.19M | Scene, ViewLayer | Updating Camera
Fra:1 Mem:312.30M (Peak 384.40M) | Time:00:00.79 | Mem:42.19M, Peak:42.19M | Scene, ViewLayer | Updating Meshes Flags
Fra:1 Mem:312.30M (Peak 384.40M) | Time:00:00.79 | Mem:42.19M, Peak:42.19M | Scene, ViewLayer | Updating Objects
Fra:1 Mem:312.30M (Peak 384.40M) | Time:00:00.79 | Mem:42.19M, Peak:42.19M | Scene, ViewLayer | Updating Objects | Copying Transformations to device
Fra:1 Mem:312.42M (Peak 384.40M) | Time:00:00.79 | Mem:42.31M, Peak:42.31M | Scene, ViewLayer | Updating Objects | Applying Static Transformations
Fra:1 Mem:312.42M (Peak 384.40M) | Time:00:00.80 | Mem:42.31M, Peak:42.31M | Scene, ViewLayer | Updating Particle Systems
Fra:1 Mem:312.42M (Peak 384.40M) | Time:00:00.80 | Mem:42.31M, Peak:42.31M | Scene, ViewLayer | Updating Particle Systems | Copying Particles to device
Fra:1 Mem:312.42M (Peak 384.40M) | Time:00:00.80 | Mem:42.31M, Peak:42.31M | Scene, ViewLayer | Updating Meshes
Fra:1 Mem:332.84M (Peak 384.40M) | Time:00:00.87 | Mem:42.31M, Peak:42.31M | Scene, ViewLayer | Updating Mesh | Computing attributes
Fra:1 Mem:349.26M (Peak 384.40M) | Time:00:00.89 | Mem:42.34M, Peak:42.34M | Scene, ViewLayer | Updating Mesh | Copying Attributes to device
Fra:1 Mem:349.18M (Peak 384.40M) | Time:00:00.89 | Mem:58.65M, Peak:58.65M | Scene, ViewLayer | Updating Geometry BVH Original FADO source body component 1/1 | Building BVH
Fra:1 Mem:349.18M (Peak 384.40M) | Time:00:00.89 | Mem:59.10M, Peak:59.10M | Scene, ViewLayer | Updating Geometry BVH Original FADO source body component 1/1 | Building BVH 0%
Fra:1 Mem:349.18M (Peak 384.40M) | Time:00:00.90 | Mem:59.55M, Peak:60.01M | Scene, ViewLayer | Updating Scene BVH | Building
Fra:1 Mem:349.19M (Peak 384.40M) | Time:00:00.90 | Mem:59.55M, Peak:60.01M | Scene, ViewLayer | Updating Scene BVH | Building BVH
Fra:1 Mem:349.19M (Peak 384.40M) | Time:00:01.14 | Mem:119.93M, Peak:119.93M | Scene, ViewLayer | Updating Scene BVH | Building BVH 20%
Fra:1 Mem:349.19M (Peak 384.40M) | Time:00:01.39 | Mem:175.93M, Peak:175.93M | Scene, ViewLayer | Updating Scene BVH | Building BVH 86%
Fra:1 Mem:349.19M (Peak 384.40M) | Time:00:01.49 | Mem:145.55M, Peak:185.93M | Scene, ViewLayer | Updating Scene BVH | Copying BVH to device
Fra:1 Mem:349.19M (Peak 384.40M) | Time:00:01.49 | Mem:145.55M, Peak:185.93M | Scene, ViewLayer | Updating Mesh | Computing normals
Fra:1 Mem:418.20M (Peak 418.20M) | Time:00:01.55 | Mem:145.55M, Peak:185.93M | Scene, ViewLayer | Updating Mesh | Copying Mesh to device
Fra:1 Mem:418.20M (Peak 418.20M) | Time:00:01.55 | Mem:214.56M, Peak:214.56M | Scene, ViewLayer | Updating Objects Flags
Fra:1 Mem:418.20M (Peak 418.20M) | Time:00:01.55 | Mem:214.57M, Peak:214.57M | Scene, ViewLayer | Updating Primitive Offsets
Fra:1 Mem:418.20M (Peak 418.20M) | Time:00:01.55 | Mem:214.57M, Peak:214.57M | Scene, ViewLayer | Updating Images
Fra:1 Mem:418.20M (Peak 418.20M) | Time:00:01.55 | Mem:214.57M, Peak:214.57M | Scene, ViewLayer | Updating Camera Volume
Fra:1 Mem:418.20M (Peak 418.20M) | Time:00:01.55 | Mem:214.57M, Peak:214.57M | Scene, ViewLayer | Updating Lookup Tables
Fra:1 Mem:418.20M (Peak 418.20M) | Time:00:01.55 | Mem:214.65M, Peak:214.65M | Scene, ViewLayer | Updating Lights
Fra:1 Mem:418.20M (Peak 418.20M) | Time:00:01.55 | Mem:214.65M, Peak:214.65M | Scene, ViewLayer | Updating Lights | Computing tree
Fra:1 Mem:418.27M (Peak 418.27M) | Time:00:01.55 | Mem:214.72M, Peak:214.72M | Scene, ViewLayer | Updating Integrator
Fra:1 Mem:418.27M (Peak 418.27M) | Time:00:01.55 | Mem:214.72M, Peak:214.72M | Scene, ViewLayer | Updating Film
Fra:1 Mem:418.27M (Peak 418.27M) | Time:00:01.55 | Mem:214.64M, Peak:214.72M | Scene, ViewLayer | Updating Lookup Tables
Fra:1 Mem:418.27M (Peak 418.27M) | Time:00:01.55 | Mem:214.72M, Peak:214.72M | Scene, ViewLayer | Updating Baking
Fra:1 Mem:418.27M (Peak 418.27M) | Time:00:01.55 | Mem:214.72M, Peak:214.72M | Scene, ViewLayer | Updating Device | Writing constant memory
Fra:1 Mem:418.28M (Peak 418.28M) | Time:00:01.55 | Mem:214.72M, Peak:214.72M | Scene, ViewLayer | Sample 0/64
Fra:1 Mem:467.73M (Peak 467.73M) | Time:00:12.25 | Remaining:11:13.92 | Mem:264.17M, Peak:264.17M | Scene, ViewLayer | Sample 1/64
Fra:1 Mem:467.73M (Peak 467.73M) | Time:00:31.37 | Remaining:10:06.18 | Mem:264.17M, Peak:264.17M | Scene, ViewLayer | Sample 3/64
Fra:1 Mem:467.73M (Peak 467.73M) | Time:01:06.65 | Remaining:08:50.09 | Mem:264.17M, Peak:264.17M | Scene, ViewLayer | Sample 7/64
Fra:1 Mem:467.73M (Peak 467.73M) | Time:01:39.75 | Remaining:07:53.11 | Mem:264.17M, Peak:264.17M | Scene, ViewLayer | Sample 11/64
Fra:1 Mem:467.73M (Peak 467.73M) | Time:02:14.25 | Remaining:07:13.48 | Mem:264.17M, Peak:264.17M | Scene, ViewLayer | Sample 15/64
Fra:1 Mem:467.73M (Peak 467.73M) | Time:02:47.84 | Remaining:06:33.84 | Mem:264.17M, Peak:264.17M | Scene, ViewLayer | Sample 19/64
Fra:1 Mem:467.73M (Peak 467.73M) | Time:03:18.13 | Remaining:05:50.41 | Mem:264.17M, Peak:264.17M | Scene, ViewLayer | Sample 23/64
Fra:1 Mem:467.73M (Peak 467.73M) | Time:03:42.48 | Remaining:05:02.74 | Mem:264.17M, Peak:264.17M | Scene, ViewLayer | Sample 27/64
Fra:1 Mem:467.73M (Peak 467.73M) | Time:04:06.25 | Remaining:04:20.48 | Mem:264.17M, Peak:264.17M | Scene, ViewLayer | Sample 31/64
Fra:1 Mem:467.73M (Peak 467.73M) | Time:04:12.64 | Remaining:04:11.09 | Mem:264.17M, Peak:264.17M | Scene, ViewLayer | Sample 32/64
Fra:1 Mem:467.73M (Peak 467.73M) | Time:04:35.54 | Remaining:03:33.09 | Mem:264.17M, Peak:264.17M | Scene, ViewLayer | Sample 36/64
Fra:1 Mem:467.73M (Peak 467.73M) | Time:05:05.03 | Remaining:03:02.08 | Mem:264.17M, Peak:264.17M | Scene, ViewLayer | Sample 40/64
Fra:1 Mem:467.73M (Peak 467.73M) | Time:05:34.67 | Remaining:02:31.41 | Mem:264.17M, Peak:264.17M | Scene, ViewLayer | Sample 44/64
Fra:1 Mem:467.73M (Peak 467.73M) | Time:06:08.48 | Remaining:02:02.30 | Mem:264.17M, Peak:264.17M | Scene, ViewLayer | Sample 48/64
Fra:1 Mem:467.73M (Peak 467.73M) | Time:06:37.79 | Remaining:01:31.43 | Mem:264.17M, Peak:264.17M | Scene, ViewLayer | Sample 52/64
Fra:1 Mem:467.73M (Peak 467.73M) | Time:07:06.59 | Remaining:01:00.71 | Mem:264.17M, Peak:264.17M | Scene, ViewLayer | Sample 56/64
Fra:1 Mem:467.73M (Peak 467.73M) | Time:07:34.87 | Remaining:00:30.22 | Mem:264.17M, Peak:264.17M | Scene, ViewLayer | Sample 60/64
Fra:1 Mem:489.70M (Peak 533.65M) | Time:08:05.89 | Mem:264.17M, Peak:264.17M | Scene, ViewLayer | Sample 64/64
Fra:1 Mem:489.70M (Peak 533.65M) | Time:08:05.89 | Mem:264.17M, Peak:264.17M | Scene, ViewLayer | Finished
Saved: '/workspace/his-office-pinterest/variants/b-charcoal-slat/model/renders/room-b.jpg'
Time: 08:06.25 (Saving: 00:00.35)

VIEW_READY b-charcoal-slat room-b
Fra:1 Mem:204.37M (Peak 205.18M) | Time:00:00.14 | Mem:0.00M, Peak:0.00M | Scene, ViewLayer | Synchronizing object | architecture_ceiling — his-office
Fra:1 Mem:204.37M (Peak 205.18M) | Time:00:00.14 | Mem:0.00M, Peak:0.00M | Scene, ViewLayer | Synchronizing object | architecture_floor — his-office
Fra:1 Mem:204.37M (Peak 205.18M) | Time:00:00.14 | Mem:0.00M, Peak:0.00M | Scene, ViewLayer | Synchronizing object | his-office wall0 segment
Fra:1 Mem:204.37M (Peak 205.18M) | Time:00:00.14 | Mem:0.00M, Peak:0.00M | Scene, ViewLayer | Synchronizing object | his-office wall2 segment
Fra:1 Mem:204.37M (Peak 205.18M) | Time:00:00.14 | Mem:0.00M, Peak:0.00M | Scene, ViewLayer | Synchronizing object | his-office wall4 segment
Fra:1 Mem:204.37M (Peak 205.18M) | Time:00:00.14 | Mem:0.00M, Peak:0.00M | Scene, ViewLayer | Synchronizing object | his-office wall5 corrected solid 0
Fra:1 Mem:204.38M (Peak 205.18M) | Time:00:00.14 | Mem:0.00M, Peak:0.00M | Scene, ViewLayer | Synchronizing object | his-office wall5 corrected bottom 1
Fra:1 Mem:204.38M (Peak 205.18M) | Time:00:00.14 | Mem:0.00M, Peak:0.00M | Scene, ViewLayer | Synchronizing object | his-office wall5 corrected head 1
Fra:1 Mem:204.38M (Peak 205.18M) | Time:00:00.14 | Mem:0.00M, Peak:0.00M | Scene, ViewLayer | Synchronizing object | his-office wall5 corrected solid 2
Fra:1 Mem:204.38M (Peak 205.18M) | Time:00:00.14 | Mem:0.00M, Peak:0.00M | Scene, ViewLayer | Synchronizing object | his-office wall5 corrected bottom 3
Fra:1 Mem:204.38M (Peak 205.18M) | Time:00:00.14 | Mem:0.00M, Peak:0.00M | Scene, ViewLayer | Synchronizing object | his-office wall5 corrected head 3
Fra:1 Mem:204.38M (Peak 205.18M) | Time:00:00.14 | Mem:0.00M, Peak:0.00M | Scene, ViewLayer | Synchronizing object | his-office wall5 corrected solid 4
Fra:1 Mem:204.38M (Peak 205.18M) | Time:00:00.14 | Mem:0.00M, Peak:0.00M | Scene, ViewLayer | Synchronizing object | his-office wall3 — lower-Y side
Fra:1 Mem:204.38M (Peak 205.18M) | Time:00:00.14 | Mem:0.00M, Peak:0.00M | Scene, ViewLayer | Synchronizing object | his-office wall3 — upper-Y side
Fra:1 Mem:204.38M (Peak 205.18M) | Time:00:00.14 | Mem:0.00M, Peak:0.00M | Scene, ViewLayer | Synchronizing object | his-office wall3 — head continuation
Fra:1 Mem:204.38M (Peak 205.18M) | Time:00:00.14 | Mem:0.00M, Peak:0.00M | Scene, ViewLayer | Synchronizing object | his-office wall3 — below floor continuation
Fra:1 Mem:204.38M (Peak 205.18M) | Time:00:00.14 | Mem:0.00M, Peak:0.00M | Scene, ViewLayer | Synchronizing object | his-office wall1 — lower-Y side
Fra:1 Mem:204.38M (Peak 205.18M) | Time:00:00.14 | Mem:0.00M, Peak:0.00M | Scene, ViewLayer | Synchronizing object | his-office wall1 — upper-Y side
Fra:1 Mem:204.38M (Peak 205.18M) | Time:00:00.14 | Mem:0.00M, Peak:0.00M | Scene, ViewLayer | Synchronizing object | his-office wall1 — head continuation
Fra:1 Mem:204.39M (Peak 205.18M) | Time:00:00.14 | Mem:0.00M, Peak:0.00M | Scene, ViewLayer | Synchronizing object | his-office wall1 — below floor continuation
Fra:1 Mem:204.39M (Peak 205.18M) | Time:00:00.14 | Mem:0.00M, Peak:0.00M | Scene, ViewLayer | Synchronizing object | Observed brick chimney projection
Fra:1 Mem:204.40M (Peak 205.18M) | Time:00:00.14 | Mem:0.00M, Peak:0.00M | Scene, ViewLayer | Synchronizing object | Local floor continuation to observed brick face
Fra:1 Mem:204.40M (Peak 205.18M) | Time:00:00.14 | Mem:0.00M, Peak:0.00M | Scene, ViewLayer | Synchronizing object | Observed single-window glazing
Fra:1 Mem:204.41M (Peak 205.18M) | Time:00:00.14 | Mem:0.00M, Peak:0.00M | Scene, ViewLayer | Synchronizing object | Observed single-window vertical trim
Fra:1 Mem:204.43M (Peak 205.18M) | Time:00:00.14 | Mem:0.00M, Peak:0.00M | Scene, ViewLayer | Synchronizing object | Observed single-window vertical trim.001
Fra:1 Mem:204.44M (Peak 205.18M) | Time:00:00.14 | Mem:0.00M, Peak:0.00M | Scene, ViewLayer | Synchronizing object | Observed single-window horizontal trim
Fra:1 Mem:204.46M (Peak 205.18M) | Time:00:00.14 | Mem:0.00M, Peak:0.00M | Scene, ViewLayer | Synchronizing object | Observed single-window horizontal trim.001
Fra:1 Mem:204.47M (Peak 205.18M) | Time:00:00.14 | Mem:0.00M, Peak:0.00M | Scene, ViewLayer | Synchronizing object | Observed single-window horizontal trim.002
Fra:1 Mem:204.48M (Peak 205.18M) | Time:00:00.14 | Mem:0.00M, Peak:0.00M | Scene, ViewLayer | Synchronizing object | Observed single-window projecting sill
Fra:1 Mem:204.50M (Peak 205.18M) | Time:00:00.14 | Mem:0.00M, Peak:0.00M | Scene, ViewLayer | Synchronizing object | Observed single-window sill apron
Fra:1 Mem:204.51M (Peak 205.18M) | Time:00:00.14 | Mem:0.00M, Peak:0.00M | Scene, ViewLayer | Synchronizing object | Existing closet frame jamb
Fra:1 Mem:204.53M (Peak 205.18M) | Time:00:00.14 | Mem:0.00M, Peak:0.00M | Scene, ViewLayer | Synchronizing object | Existing closet frame jamb.001
Fra:1 Mem:204.54M (Peak 205.18M) | Time:00:00.14 | Mem:0.00M, Peak:0.00M | Scene, ViewLayer | Synchronizing object | Existing closet frame header
Fra:1 Mem:204.56M (Peak 205.18M) | Time:00:00.14 | Mem:0.00M, Peak:0.00M | Scene, ViewLayer | Synchronizing object | Existing closet transom
Fra:1 Mem:204.57M (Peak 205.18M) | Time:00:00.14 | Mem:0.00M, Peak:0.00M | Scene, ViewLayer | Synchronizing object | Existing overhead cupboard frame jamb
Fra:1 Mem:204.59M (Peak 205.18M) | Time:00:00.14 | Mem:0.00M, Peak:0.00M | Scene, ViewLayer | Synchronizing object | Existing overhead cupboard frame jamb.001
Fra:1 Mem:204.60M (Peak 205.18M) | Time:00:00.14 | Mem:0.00M, Peak:0.00M | Scene, ViewLayer | Synchronizing object | Existing overhead cupboard frame header
Fra:1 Mem:204.62M (Peak 205.18M) | Time:00:00.14 | Mem:0.00M, Peak:0.00M | Scene, ViewLayer | Synchronizing object | Existing overhead cupboard panel
Fra:1 Mem:204.63M (Peak 205.18M) | Time:00:00.14 | Mem:0.00M, Peak:0.00M | Scene, ViewLayer | Synchronizing object | Existing cupboard metal latch
Fra:1 Mem:204.65M (Peak 205.18M) | Time:00:00.14 | Mem:0.00M, Peak:0.00M | Scene, ViewLayer | Synchronizing object | Existing living-entry frame jamb
Fra:1 Mem:204.66M (Peak 205.18M) | Time:00:00.14 | Mem:0.00M, Peak:0.00M | Scene, ViewLayer | Synchronizing object | Existing living-entry frame jamb.001
Fra:1 Mem:204.68M (Peak 205.18M) | Time:00:00.14 | Mem:0.00M, Peak:0.00M | Scene, ViewLayer | Synchronizing object | Existing living-entry frame header
Fra:1 Mem:204.70M (Peak 205.18M) | Time:00:00.14 | Mem:0.00M, Peak:0.00M | Scene, ViewLayer | Synchronizing object | Existing exterior-door frame jamb
Fra:1 Mem:204.71M (Peak 205.18M) | Time:00:00.14 | Mem:0.00M, Peak:0.00M | Scene, ViewLayer | Synchronizing object | Existing exterior-door frame jamb.001
Fra:1 Mem:204.73M (Peak 205.18M) | Time:00:00.14 | Mem:0.00M, Peak:0.00M | Scene, ViewLayer | Synchronizing object | Existing exterior-door frame header
Fra:1 Mem:204.74M (Peak 205.18M) | Time:00:00.14 | Mem:0.00M, Peak:0.00M | Scene, ViewLayer | Synchronizing object | Existing cast-iron radiator section
Fra:1 Mem:204.75M (Peak 205.18M) | Time:00:00.14 | Mem:0.00M, Peak:0.00M | Scene, ViewLayer | Synchronizing object | Existing cast-iron radiator section.001
Fra:1 Mem:204.77M (Peak 205.18M) | Time:00:00.14 | Mem:0.00M, Peak:0.00M | Scene, ViewLayer | Synchronizing object | Existing cast-iron radiator section.002
Fra:1 Mem:204.79M (Peak 205.18M) | Time:00:00.14 | Mem:0.00M, Peak:0.00M | Scene, ViewLayer | Synchronizing object | Existing cast-iron radiator section.003
Fra:1 Mem:204.80M (Peak 205.18M) | Time:00:00.14 | Mem:0.00M, Peak:0.00M | Scene, ViewLayer | Synchronizing object | Existing cast-iron radiator section.004
Fra:1 Mem:204.82M (Peak 205.18M) | Time:00:00.14 | Mem:0.00M, Peak:0.00M | Scene, ViewLayer | Synchronizing object | Existing cast-iron radiator section.005
Fra:1 Mem:204.83M (Peak 205.18M) | Time:00:00.14 | Mem:0.00M, Peak:0.00M | Scene, ViewLayer | Synchronizing object | Existing cast-iron radiator section.006
Fra:1 Mem:204.85M (Peak 205.18M) | Time:00:00.14 | Mem:0.00M, Peak:0.00M | Scene, ViewLayer | Synchronizing object | Existing cast-iron radiator section.007
Fra:1 Mem:204.86M (Peak 205.18M) | Time:00:00.14 | Mem:0.00M, Peak:0.00M | Scene, ViewLayer | Synchronizing object | Existing cast-iron radiator section.008
Fra:1 Mem:204.88M (Peak 205.18M) | Time:00:00.14 | Mem:0.00M, Peak:0.00M | Scene, ViewLayer | Synchronizing object | Existing radiator foot
Fra:1 Mem:204.89M (Peak 205.18M) | Time:00:00.14 | Mem:0.00M, Peak:0.00M | Scene, ViewLayer | Synchronizing object | Existing radiator foot.001
Fra:1 Mem:204.91M (Peak 205.18M) | Time:00:00.14 | Mem:0.00M, Peak:0.00M | Scene, ViewLayer | Synchronizing object | Existing radiator horizontal connection
Fra:1 Mem:204.92M (Peak 205.18M) | Time:00:00.14 | Mem:0.00M, Peak:0.00M | Scene, ViewLayer | Synchronizing object | Existing radiator horizontal connection.001
Fra:1 Mem:204.94M (Peak 205.18M) | Time:00:00.14 | Mem:0.00M, Peak:0.00M | Scene, ViewLayer | Synchronizing object | Existing built-in shelf white back
Fra:1 Mem:204.95M (Peak 205.18M) | Time:00:00.14 | Mem:0.00M, Peak:0.00M | Scene, ViewLayer | Synchronizing object | Existing built-in shelf board
Fra:1 Mem:204.97M (Peak 205.18M) | Time:00:00.14 | Mem:0.00M, Peak:0.00M | Scene, ViewLayer | Synchronizing object | Existing built-in shelf board.001
Fra:1 Mem:204.98M (Peak 205.18M) | Time:00:00.14 | Mem:0.00M, Peak:0.00M | Scene, ViewLayer | Synchronizing object | Existing built-in shelf board.002
Fra:1 Mem:205.00M (Peak 205.18M) | Time:00:00.14 | Mem:0.00M, Peak:0.00M | Scene, ViewLayer | Synchronizing object | Existing built-in shelf board.003
Fra:1 Mem:205.01M (Peak 205.18M) | Time:00:00.14 | Mem:0.00M, Peak:0.00M | Scene, ViewLayer | Synchronizing object | Existing built-in shelf board.004
Fra:1 Mem:205.03M (Peak 205.18M) | Time:00:00.14 | Mem:0.00M, Peak:0.00M | Scene, ViewLayer | Synchronizing object | Existing built-in shelf board.005
Fra:1 Mem:205.04M (Peak 205.18M) | Time:00:00.14 | Mem:0.00M, Peak:0.00M | Scene, ViewLayer | Synchronizing object | Existing rear vertical white pipe
Fra:1 Mem:205.05M (Peak 205.18M) | Time:00:00.14 | Mem:0.00M, Peak:0.00M | Scene, ViewLayer | Synchronizing object | Observed recessed white arched fireplace infill
Fra:1 Mem:205.05M (Peak 205.18M) | Time:00:00.14 | Mem:0.00M, Peak:0.00M | Scene, ViewLayer | Synchronizing object | Existing entry thermostat
Fra:1 Mem:205.07M (Peak 205.18M) | Time:00:00.14 | Mem:0.00M, Peak:0.00M | Scene, ViewLayer | Synchronizing object | Existing entry small wall control
Fra:1 Mem:205.08M (Peak 205.18M) | Time:00:00.14 | Mem:0.00M, Peak:0.00M | Scene, ViewLayer | Synchronizing object | Sky outside window
Fra:1 Mem:205.08M (Peak 205.18M) | Time:00:00.14 | Mem:0.00M, Peak:0.00M | Scene, ViewLayer | Synchronizing object | secondary-workspace::official alex-drawers part0
Fra:1 Mem:206.77M (Peak 206.82M) | Time:00:00.15 | Mem:0.00M, Peak:0.00M | Scene, ViewLayer | Synchronizing object | WoodUpp panel5 vertical BlackAsh slat15
Fra:1 Mem:206.78M (Peak 206.82M) | Time:00:00.15 | Mem:0.00M, Peak:0.00M | Scene, ViewLayer | Synchronizing object | WoodUpp panel5 vertical BlackAsh slat14
Fra:1 Mem:206.79M (Peak 206.82M) | Time:00:00.15 | Mem:0.00M, Peak:0.00M | Scene, ViewLayer | Synchronizing object | WoodUpp panel5 vertical BlackAsh slat13
Fra:1 Mem:206.81M (Peak 206.82M) | Time:00:00.15 | Mem:0.00M, Peak:0.00M | Scene, ViewLayer | Synchronizing object | WoodUpp panel5 vertical BlackAsh slat12
Fra:1 Mem:206.82M (Peak 206.82M) | Time:00:00.15 | Mem:0.00M, Peak:0.00M | Scene, ViewLayer | Synchronizing object | WoodUpp panel5 vertical BlackAsh slat11
Fra:1 Mem:206.84M (Peak 206.84M) | Time:00:00.15 | Mem:0.00M, Peak:0.00M | Scene, ViewLayer | Synchronizing object | WoodUpp panel5 vertical BlackAsh slat10
Fra:1 Mem:206.85M (Peak 206.85M) | Time:00:00.15 | Mem:0.00M, Peak:0.00M | Scene, ViewLayer | Synchronizing object | WoodUpp panel5 vertical BlackAsh slat9
Fra:1 Mem:206.87M (Peak 206.87M) | Time:00:00.15 | Mem:0.00M, Peak:0.00M | Scene, ViewLayer | Synchronizing object | WoodUpp panel5 vertical BlackAsh slat8
Fra:1 Mem:206.88M (Peak 206.88M) | Time:00:00.15 | Mem:0.00M, Peak:0.00M | Scene, ViewLayer | Synchronizing object | WoodUpp panel5 vertical BlackAsh slat7
Fra:1 Mem:207.11M (Peak 207.11M) | Time:00:00.15 | Mem:0.00M, Peak:0.00M | Scene, ViewLayer | Synchronizing object | WoodUpp panel5 vertical BlackAsh slat6
Fra:1 Mem:208.13M (Peak 208.13M) | Time:00:00.15 | Mem:0.00M, Peak:0.00M | Scene, ViewLayer | Synchronizing object | WoodUpp panel5 vertical BlackAsh slat5
Fra:1 Mem:208.15M (Peak 208.15M) | Time:00:00.15 | Mem:0.00M, Peak:0.00M | Scene, ViewLayer | Synchronizing object | WoodUpp panel5 vertical BlackAsh slat4
Fra:1 Mem:208.16M (Peak 208.16M) | Time:00:00.15 | Mem:0.00M, Peak:0.00M | Scene, ViewLayer | Synchronizing object | WoodUpp panel5 vertical BlackAsh slat3
Fra:1 Mem:208.18M (Peak 208.18M) | Time:00:00.15 | Mem:0.00M, Peak:0.00M | Scene, ViewLayer | Synchronizing object | WoodUpp panel5 vertical BlackAsh slat2
Fra:1 Mem:208.19M (Peak 208.19M) | Time:00:00.15 | Mem:0.00M, Peak:0.00M | Scene, ViewLayer | Synchronizing object | WoodUpp panel5 vertical BlackAsh slat1
Fra:1 Mem:208.20M (Peak 208.20M) | Time:00:00.15 | Mem:0.00M, Peak:0.00M | Scene, ViewLayer | Synchronizing object | WoodUpp panel5 black felt
Fra:1 Mem:208.20M (Peak 208.20M) | Time:00:00.15 | Mem:0.00M, Peak:0.00M | Scene, ViewLayer | Synchronizing object | WoodUpp panel4 vertical BlackAsh slat15
Fra:1 Mem:208.22M (Peak 208.22M) | Time:00:00.15 | Mem:0.00M, Peak:0.00M | Scene, ViewLayer | Synchronizing object | WoodUpp panel4 vertical BlackAsh slat14
Fra:1 Mem:208.23M (Peak 208.23M) | Time:00:00.15 | Mem:0.00M, Peak:0.00M | Scene, ViewLayer | Synchronizing object | WoodUpp panel4 vertical BlackAsh slat13
Fra:1 Mem:208.25M (Peak 208.25M) | Time:00:00.15 | Mem:0.00M, Peak:0.00M | Scene, ViewLayer | Synchronizing object | WoodUpp panel4 vertical BlackAsh slat12
Fra:1 Mem:208.26M (Peak 208.26M) | Time:00:00.15 | Mem:0.00M, Peak:0.00M | Scene, ViewLayer | Synchronizing object | WoodUpp panel4 vertical BlackAsh slat11
Fra:1 Mem:208.28M (Peak 208.28M) | Time:00:00.15 | Mem:0.00M, Peak:0.00M | Scene, ViewLayer | Synchronizing object | WoodUpp panel4 vertical BlackAsh slat10
Fra:1 Mem:208.29M (Peak 208.29M) | Time:00:00.15 | Mem:0.00M, Peak:0.00M | Scene, ViewLayer | Synchronizing object | WoodUpp panel4 vertical BlackAsh slat9
Fra:1 Mem:208.31M (Peak 208.31M) | Time:00:00.15 | Mem:0.00M, Peak:0.00M | Scene, ViewLayer | Synchronizing object | WoodUpp panel4 vertical BlackAsh slat8
Fra:1 Mem:208.32M (Peak 208.32M) | Time:00:00.15 | Mem:0.00M, Peak:0.00M | Scene, ViewLayer | Synchronizing object | WoodUpp panel4 vertical BlackAsh slat7
Fra:1 Mem:208.33M (Peak 208.33M) | Time:00:00.15 | Mem:0.00M, Peak:0.00M | Scene, ViewLayer | Synchronizing object | WoodUpp panel4 vertical BlackAsh slat6
Fra:1 Mem:208.35M (Peak 208.35M) | Time:00:00.15 | Mem:0.00M, Peak:0.00M | Scene, ViewLayer | Synchronizing object | WoodUpp panel4 vertical BlackAsh slat5
Fra:1 Mem:208.36M (Peak 208.36M) | Time:00:00.15 | Mem:0.00M, Peak:0.00M | Scene, ViewLayer | Synchronizing object | WoodUpp panel4 vertical BlackAsh slat4
Fra:1 Mem:208.38M (Peak 208.38M) | Time:00:00.15 | Mem:0.00M, Peak:0.00M | Scene, ViewLayer | Synchronizing object | WoodUpp panel4 vertical BlackAsh slat3
Fra:1 Mem:208.39M (Peak 208.39M) | Time:00:00.15 | Mem:0.00M, Peak:0.00M | Scene, ViewLayer | Synchronizing object | WoodUpp panel4 vertical BlackAsh slat2
Fra:1 Mem:208.41M (Peak 208.41M) | Time:00:00.15 | Mem:0.00M, Peak:0.00M | Scene, ViewLayer | Synchronizing object | WoodUpp panel4 vertical BlackAsh slat1
Fra:1 Mem:208.42M (Peak 208.42M) | Time:00:00.15 | Mem:0.00M, Peak:0.00M | Scene, ViewLayer | Synchronizing object | WoodUpp panel4 black felt
Fra:1 Mem:208.42M (Peak 208.42M) | Time:00:00.15 | Mem:0.00M, Peak:0.00M | Scene, ViewLayer | Synchronizing object | WoodUpp panel3 vertical BlackAsh slat15
Fra:1 Mem:208.43M (Peak 208.43M) | Time:00:00.15 | Mem:0.00M, Peak:0.00M | Scene, ViewLayer | Synchronizing object | WoodUpp panel3 vertical BlackAsh slat14
Fra:1 Mem:208.45M (Peak 208.45M) | Time:00:00.15 | Mem:0.00M, Peak:0.00M | Scene, ViewLayer | Synchronizing object | WoodUpp panel3 vertical BlackAsh slat13
Fra:1 Mem:208.46M (Peak 208.46M) | Time:00:00.15 | Mem:0.00M, Peak:0.00M | Scene, ViewLayer | Synchronizing object | WoodUpp panel3 vertical BlackAsh slat12
Fra:1 Mem:208.48M (Peak 208.48M) | Time:00:00.15 | Mem:0.00M, Peak:0.00M | Scene, ViewLayer | Synchronizing object | WoodUpp panel3 vertical BlackAsh slat11
Fra:1 Mem:208.49M (Peak 208.49M) | Time:00:00.15 | Mem:0.00M, Peak:0.00M | Scene, ViewLayer | Synchronizing object | WoodUpp panel3 vertical BlackAsh slat10
Fra:1 Mem:208.51M (Peak 208.51M) | Time:00:00.15 | Mem:0.00M, Peak:0.00M | Scene, ViewLayer | Synchronizing object | WoodUpp panel3 vertical BlackAsh slat9
Fra:1 Mem:208.52M (Peak 208.52M) | Time:00:00.15 | Mem:0.00M, Peak:0.00M | Scene, ViewLayer | Synchronizing object | WoodUpp panel3 vertical BlackAsh slat8
Fra:1 Mem:208.54M (Peak 208.54M) | Time:00:00.15 | Mem:0.00M, Peak:0.00M | Scene, ViewLayer | Synchronizing object | WoodUpp panel3 vertical BlackAsh slat7
Fra:1 Mem:208.55M (Peak 208.55M) | Time:00:00.15 | Mem:0.00M, Peak:0.00M | Scene, ViewLayer | Synchronizing object | WoodUpp panel3 vertical BlackAsh slat6
Fra:1 Mem:208.56M (Peak 208.56M) | Time:00:00.15 | Mem:0.00M, Peak:0.00M | Scene, ViewLayer | Synchronizing object | WoodUpp panel3 vertical BlackAsh slat5
Fra:1 Mem:208.58M (Peak 208.58M) | Time:00:00.15 | Mem:0.00M, Peak:0.00M | Scene, ViewLayer | Synchronizing object | WoodUpp panel3 vertical BlackAsh slat4
Fra:1 Mem:208.59M (Peak 208.59M) | Time:00:00.15 | Mem:0.00M, Peak:0.00M | Scene, ViewLayer | Synchronizing object | WoodUpp panel3 vertical BlackAsh slat3
Fra:1 Mem:208.61M (Peak 208.61M) | Time:00:00.15 | Mem:0.00M, Peak:0.00M | Scene, ViewLayer | Synchronizing object | WoodUpp panel3 vertical BlackAsh slat2
Fra:1 Mem:208.62M (Peak 208.62M) | Time:00:00.15 | Mem:0.00M, Peak:0.00M | Scene, ViewLayer | Synchronizing object | WoodUpp panel3 vertical BlackAsh slat1
Fra:1 Mem:208.64M (Peak 208.64M) | Time:00:00.15 | Mem:0.00M, Peak:0.00M | Scene, ViewLayer | Synchronizing object | WoodUpp panel3 black felt
Fra:1 Mem:208.64M (Peak 208.64M) | Time:00:00.15 | Mem:0.00M, Peak:0.00M | Scene, ViewLayer | Synchronizing object | WoodUpp panel2 vertical BlackAsh slat15
Fra:1 Mem:208.65M (Peak 208.65M) | Time:00:00.15 | Mem:0.00M, Peak:0.00M | Scene, ViewLayer | Synchronizing object | WoodUpp panel2 vertical BlackAsh slat14
Fra:1 Mem:208.67M (Peak 208.67M) | Time:00:00.15 | Mem:0.00M, Peak:0.00M | Scene, ViewLayer | Synchronizing object | WoodUpp panel2 vertical BlackAsh slat13
Fra:1 Mem:208.68M (Peak 208.68M) | Time:00:00.15 | Mem:0.00M, Peak:0.00M | Scene, ViewLayer | Synchronizing object | WoodUpp panel2 vertical BlackAsh slat12
Fra:1 Mem:208.69M (Peak 208.69M) | Time:00:00.15 | Mem:0.00M, Peak:0.00M | Scene, ViewLayer | Synchronizing object | WoodUpp panel2 vertical BlackAsh slat11
Fra:1 Mem:208.71M (Peak 208.71M) | Time:00:00.15 | Mem:0.00M, Peak:0.00M | Scene, ViewLayer | Synchronizing object | WoodUpp panel2 vertical BlackAsh slat10
Fra:1 Mem:208.72M (Peak 208.72M) | Time:00:00.15 | Mem:0.00M, Peak:0.00M | Scene, ViewLayer | Synchronizing object | WoodUpp panel2 vertical BlackAsh slat9
Fra:1 Mem:208.74M (Peak 208.74M) | Time:00:00.15 | Mem:0.00M, Peak:0.00M | Scene, ViewLayer | Synchronizing object | WoodUpp panel2 vertical BlackAsh slat8
Fra:1 Mem:208.75M (Peak 208.75M) | Time:00:00.15 | Mem:0.00M, Peak:0.00M | Scene, ViewLayer | Synchronizing object | WoodUpp panel2 vertical BlackAsh slat7
Fra:1 Mem:208.77M (Peak 208.77M) | Time:00:00.15 | Mem:0.00M, Peak:0.00M | Scene, ViewLayer | Synchronizing object | WoodUpp panel2 vertical BlackAsh slat6
Fra:1 Mem:208.78M (Peak 208.78M) | Time:00:00.15 | Mem:0.00M, Peak:0.00M | Scene, ViewLayer | Synchronizing object | WoodUpp panel2 vertical BlackAsh slat5
Fra:1 Mem:208.79M (Peak 208.79M) | Time:00:00.15 | Mem:0.00M, Peak:0.00M | Scene, ViewLayer | Synchronizing object | WoodUpp panel2 vertical BlackAsh slat4
Fra:1 Mem:208.81M (Peak 208.81M) | Time:00:00.15 | Mem:0.00M, Peak:0.00M | Scene, ViewLayer | Synchronizing object | WoodUpp panel2 vertical BlackAsh slat3
Fra:1 Mem:208.82M (Peak 208.82M) | Time:00:00.15 | Mem:0.00M, Peak:0.00M | Scene, ViewLayer | Synchronizing object | WoodUpp panel2 vertical BlackAsh slat2
Fra:1 Mem:208.84M (Peak 208.84M) | Time:00:00.15 | Mem:0.00M, Peak:0.00M | Scene, ViewLayer | Synchronizing object | WoodUpp panel2 vertical BlackAsh slat1
Fra:1 Mem:208.85M (Peak 208.85M) | Time:00:00.15 | Mem:0.00M, Peak:0.00M | Scene, ViewLayer | Synchronizing object | WoodUpp panel2 black felt
Fra:1 Mem:208.85M (Peak 208.85M) | Time:00:00.15 | Mem:0.00M, Peak:0.00M | Scene, ViewLayer | Synchronizing object | WoodUpp panel1 vertical BlackAsh slat15
Fra:1 Mem:208.87M (Peak 208.87M) | Time:00:00.15 | Mem:0.00M, Peak:0.00M | Scene, ViewLayer | Synchronizing object | WoodUpp panel1 vertical BlackAsh slat14
Fra:1 Mem:208.88M (Peak 208.88M) | Time:00:00.15 | Mem:0.00M, Peak:0.00M | Scene, ViewLayer | Synchronizing object | WoodUpp panel1 vertical BlackAsh slat13
Fra:1 Mem:208.90M (Peak 208.90M) | Time:00:00.15 | Mem:0.00M, Peak:0.00M | Scene, ViewLayer | Synchronizing object | WoodUpp panel1 vertical BlackAsh slat12
Fra:1 Mem:208.91M (Peak 208.91M) | Time:00:00.15 | Mem:0.00M, Peak:0.00M | Scene, ViewLayer | Synchronizing object | WoodUpp panel1 vertical BlackAsh slat11
Fra:1 Mem:208.92M (Peak 208.92M) | Time:00:00.15 | Mem:0.00M, Peak:0.00M | Scene, ViewLayer | Synchronizing object | WoodUpp panel1 vertical BlackAsh slat10
Fra:1 Mem:208.94M (Peak 208.94M) | Time:00:00.15 | Mem:0.00M, Peak:0.00M | Scene, ViewLayer | Synchronizing object | WoodUpp panel1 vertical BlackAsh slat9
Fra:1 Mem:208.95M (Peak 208.95M) | Time:00:00.15 | Mem:0.00M, Peak:0.00M | Scene, ViewLayer | Synchronizing object | WoodUpp panel1 vertical BlackAsh slat8
Fra:1 Mem:208.97M (Peak 208.97M) | Time:00:00.15 | Mem:0.00M, Peak:0.00M | Scene, ViewLayer | Synchronizing object | WoodUpp panel1 vertical BlackAsh slat7
Fra:1 Mem:208.98M (Peak 208.98M) | Time:00:00.15 | Mem:0.00M, Peak:0.00M | Scene, ViewLayer | Synchronizing object | WoodUpp panel1 vertical BlackAsh slat6
Fra:1 Mem:209.00M (Peak 209.00M) | Time:00:00.15 | Mem:0.00M, Peak:0.00M | Scene, ViewLayer | Synchronizing object | WoodUpp panel1 vertical BlackAsh slat5
Fra:1 Mem:209.01M (Peak 209.01M) | Time:00:00.15 | Mem:0.00M, Peak:0.00M | Scene, ViewLayer | Synchronizing object | WoodUpp panel1 vertical BlackAsh slat4
Fra:1 Mem:209.02M (Peak 209.02M) | Time:00:00.15 | Mem:0.00M, Peak:0.00M | Scene, ViewLayer | Synchronizing object | WoodUpp panel1 vertical BlackAsh slat3
Fra:1 Mem:209.04M (Peak 209.04M) | Time:00:00.15 | Mem:0.00M, Peak:0.00M | Scene, ViewLayer | Synchronizing object | WoodUpp panel1 vertical BlackAsh slat2
Fra:1 Mem:209.05M (Peak 209.05M) | Time:00:00.15 | Mem:0.00M, Peak:0.00M | Scene, ViewLayer | Synchronizing object | WoodUpp panel1 vertical BlackAsh slat1
Fra:1 Mem:209.07M (Peak 209.07M) | Time:00:00.15 | Mem:0.00M, Peak:0.00M | Scene, ViewLayer | Synchronizing object | WoodUpp panel1 black felt
Fra:1 Mem:209.07M (Peak 209.07M) | Time:00:00.15 | Mem:0.00M, Peak:0.00M | Scene, ViewLayer | Synchronizing object | primary-felt-mat::MediumPlus darkgray wool felt
Fra:1 Mem:209.08M (Peak 209.08M) | Time:00:00.15 | Mem:0.00M, Peak:0.00M | Scene, ViewLayer | Synchronizing object | dresser::illustrative tray rim.003
Fra:1 Mem:209.10M (Peak 209.10M) | Time:00:00.15 | Mem:0.00M, Peak:0.00M | Scene, ViewLayer | Synchronizing object | dresser::illustrative tray rim.002
Fra:1 Mem:209.11M (Peak 209.11M) | Time:00:00.15 | Mem:0.00M, Peak:0.00M | Scene, ViewLayer | Synchronizing object | dresser::illustrative tray rim.001
Fra:1 Mem:207.90M (Peak 209.11M) | Time:00:00.15 | Mem:0.00M, Peak:0.00M | Scene, ViewLayer | Synchronizing object | dresser::illustrative tray rim
Fra:1 Mem:208.37M (Peak 209.11M) | Time:00:00.15 | Mem:0.00M, Peak:0.00M | Scene, ViewLayer | Synchronizing object | dresser::illustrative tray base
Fra:1 Mem:208.69M (Peak 209.11M) | Time:00:00.15 | Mem:0.00M, Peak:0.00M | Scene, ViewLayer | Synchronizing object | dresser-parlor-palm::representative leaflet.097
Fra:1 Mem:208.69M (Peak 209.11M) | Time:00:00.15 | Mem:0.00M, Peak:0.00M | Scene, ViewLayer | Synchronizing object | dresser-parlor-palm::representative leaflet.096
Fra:1 Mem:208.69M (Peak 209.11M) | Time:00:00.15 | Mem:0.00M, Peak:0.00M | Scene, ViewLayer | Synchronizing object | dresser-parlor-palm::representative leaflet.095
Fra:1 Mem:208.69M (Peak 209.11M) | Time:00:00.15 | Mem:0.00M, Peak:0.00M | Scene, ViewLayer | Synchronizing object | dresser-parlor-palm::representative leaflet.094
Fra:1 Mem:208.69M (Peak 209.11M) | Time:00:00.15 | Mem:0.00M, Peak:0.00M | Scene, ViewLayer | Synchronizing object | dresser-parlor-palm::representative leaflet.093
Fra:1 Mem:208.69M (Peak 209.11M) | Time:00:00.15 | Mem:0.00M, Peak:0.00M | Scene, ViewLayer | Synchronizing object | dresser-parlor-palm::representative leaflet.092
Fra:1 Mem:208.69M (Peak 209.11M) | Time:00:00.15 | Mem:0.00M, Peak:0.00M | Scene, ViewLayer | Synchronizing object | dresser-parlor-palm::representative leaflet.091
Fra:1 Mem:208.69M (Peak 209.11M) | Time:00:00.15 | Mem:0.00M, Peak:0.00M | Scene, ViewLayer | Synchronizing object | dresser-parlor-palm::representative leaflet.090
Fra:1 Mem:208.70M (Peak 209.11M) | Time:00:00.15 | Mem:0.00M, Peak:0.00M | Scene, ViewLayer | Synchronizing object | dresser-parlor-palm::representative leaflet.089
Fra:1 Mem:208.70M (Peak 209.11M) | Time:00:00.15 | Mem:0.00M, Peak:0.00M | Scene, ViewLayer | Synchronizing object | dresser-parlor-palm::representative leaflet.088
Fra:1 Mem:208.70M (Peak 209.11M) | Time:00:00.15 | Mem:0.00M, Peak:0.00M | Scene, ViewLayer | Synchronizing object | dresser-parlor-palm::representative leaflet.087
Fra:1 Mem:209.00M (Peak 209.11M) | Time:00:00.15 | Mem:0.00M, Peak:0.00M | Scene, ViewLayer | Synchronizing object | dresser-parlor-palm::representative leaflet.086
Fra:1 Mem:209.00M (Peak 209.11M) | Time:00:00.15 | Mem:0.00M, Peak:0.00M | Scene, ViewLayer | Synchronizing object | dresser-parlor-palm::representative leaflet.085
Fra:1 Mem:209.00M (Peak 209.11M) | Time:00:00.15 | Mem:0.00M, Peak:0.00M | Scene, ViewLayer | Synchronizing object | dresser-parlor-palm::representative leaflet.084
Fra:1 Mem:209.00M (Peak 209.11M) | Time:00:00.15 | Mem:0.00M, Peak:0.00M | Scene, ViewLayer | Synchronizing object | dresser-parlor-palm::thin palm rachis6
Fra:1 Mem:209.00M (Peak 209.11M) | Time:00:00.15 | Mem:0.00M, Peak:0.00M | Scene, ViewLayer | Synchronizing object | dresser-parlor-palm::representative leaflet.083
Fra:1 Mem:209.00M (Peak 209.11M) | Time:00:00.15 | Mem:0.00M, Peak:0.00M | Scene, ViewLayer | Synchronizing object | dresser-parlor-palm::representative leaflet.082
Fra:1 Mem:209.00M (Peak 209.11M) | Time:00:00.15 | Mem:0.00M, Peak:0.00M | Scene, ViewLayer | Synchronizing object | dresser-parlor-palm::representative leaflet.081
Fra:1 Mem:209.00M (Peak 209.11M) | Time:00:00.15 | Mem:0.00M, Peak:0.00M | Scene, ViewLayer | Synchronizing object | dresser-parlor-palm::representative leaflet.080
Fra:1 Mem:209.00M (Peak 209.11M) | Time:00:00.15 | Mem:0.00M, Peak:0.00M | Scene, ViewLayer | Synchronizing object | dresser-parlor-palm::representative leaflet.079
Fra:1 Mem:209.00M (Peak 209.11M) | Time:00:00.15 | Mem:0.00M, Peak:0.00M | Scene, ViewLayer | Synchronizing object | dresser-parlor-palm::representative leaflet.078
Fra:1 Mem:208.55M (Peak 209.11M) | Time:00:00.15 | Mem:0.00M, Peak:0.00M | Scene, ViewLayer | Synchronizing object | dresser-parlor-palm::representative leaflet.077
Fra:1 Mem:208.55M (Peak 209.11M) | Time:00:00.15 | Mem:0.00M, Peak:0.00M | Scene, ViewLayer | Synchronizing object | dresser-parlor-palm::representative leaflet.076
Fra:1 Mem:208.44M (Peak 209.11M) | Time:00:00.15 | Mem:0.00M, Peak:0.00M | Scene, ViewLayer | Synchronizing object | dresser-parlor-palm::representative leaflet.075
Fra:1 Mem:207.38M (Peak 209.11M) | Time:00:00.15 | Mem:0.00M, Peak:0.00M | Scene, ViewLayer | Synchronizing object | dresser-parlor-palm::representative leaflet.074
Fra:1 Mem:207.69M (Peak 209.11M) | Time:00:00.15 | Mem:0.00M, Peak:0.00M | Scene, ViewLayer | Synchronizing object | dresser-parlor-palm::representative leaflet.073
Fra:1 Mem:207.69M (Peak 209.11M) | Time:00:00.15 | Mem:0.00M, Peak:0.00M | Scene, ViewLayer | Synchronizing object | dresser-parlor-palm::representative leaflet.072
Fra:1 Mem:207.69M (Peak 209.11M) | Time:00:00.15 | Mem:0.00M, Peak:0.00M | Scene, ViewLayer | Synchronizing object | dresser-parlor-palm::representative leaflet.071
Fra:1 Mem:207.69M (Peak 209.11M) | Time:00:00.15 | Mem:0.00M, Peak:0.00M | Scene, ViewLayer | Synchronizing object | dresser-parlor-palm::representative leaflet.070
Fra:1 Mem:207.69M (Peak 209.11M) | Time:00:00.15 | Mem:0.00M, Peak:0.00M | Scene, ViewLayer | Synchronizing object | dresser-parlor-palm::thin palm rachis5
Fra:1 Mem:207.69M (Peak 209.11M) | Time:00:00.15 | Mem:0.00M, Peak:0.00M | Scene, ViewLayer | Synchronizing object | dresser-parlor-palm::representative leaflet.069
Fra:1 Mem:207.69M (Peak 209.11M) | Time:00:00.15 | Mem:0.00M, Peak:0.00M | Scene, ViewLayer | Synchronizing object | dresser-parlor-palm::representative leaflet.068
Fra:1 Mem:207.69M (Peak 209.11M) | Time:00:00.15 | Mem:0.00M, Peak:0.00M | Scene, ViewLayer | Synchronizing object | dresser-parlor-palm::representative leaflet.067
Fra:1 Mem:207.69M (Peak 209.11M) | Time:00:00.15 | Mem:0.00M, Peak:0.00M | Scene, ViewLayer | Synchronizing object | dresser-parlor-palm::representative leaflet.066
Fra:1 Mem:207.69M (Peak 209.11M) | Time:00:00.15 | Mem:0.00M, Peak:0.00M | Scene, ViewLayer | Synchronizing object | dresser-parlor-palm::representative leaflet.065
Fra:1 Mem:207.69M (Peak 209.11M) | Time:00:00.15 | Mem:0.00M, Peak:0.00M | Scene, ViewLayer | Synchronizing object | dresser-parlor-palm::representative leaflet.064
Fra:1 Mem:207.69M (Peak 209.11M) | Time:00:00.15 | Mem:0.00M, Peak:0.00M | Scene, ViewLayer | Synchronizing object | dresser-parlor-palm::representative leaflet.063
Fra:1 Mem:207.69M (Peak 209.11M) | Time:00:00.15 | Mem:0.00M, Peak:0.00M | Scene, ViewLayer | Synchronizing object | dresser-parlor-palm::representative leaflet.062
Fra:1 Mem:207.69M (Peak 209.11M) | Time:00:00.15 | Mem:0.00M, Peak:0.00M | Scene, ViewLayer | Synchronizing object | dresser-parlor-palm::representative leaflet.061
Fra:1 Mem:207.69M (Peak 209.11M) | Time:00:00.15 | Mem:0.00M, Peak:0.00M | Scene, ViewLayer | Synchronizing object | dresser-parlor-palm::representative leaflet.060
Fra:1 Mem:207.69M (Peak 209.11M) | Time:00:00.15 | Mem:0.00M, Peak:0.00M | Scene, ViewLayer | Synchronizing object | dresser-parlor-palm::representative leaflet.059
Fra:1 Mem:207.69M (Peak 209.11M) | Time:00:00.15 | Mem:0.00M, Peak:0.00M | Scene, ViewLayer | Synchronizing object | dresser-parlor-palm::representative leaflet.058
Fra:1 Mem:207.69M (Peak 209.11M) | Time:00:00.15 | Mem:0.00M, Peak:0.00M | Scene, ViewLayer | Synchronizing object | dresser-parlor-palm::representative leaflet.057
Fra:1 Mem:207.69M (Peak 209.11M) | Time:00:00.15 | Mem:0.00M, Peak:0.00M | Scene, ViewLayer | Synchronizing object | dresser-parlor-palm::representative leaflet.056
Fra:1 Mem:207.69M (Peak 209.11M) | Time:00:00.15 | Mem:0.00M, Peak:0.00M | Scene, ViewLayer | Synchronizing object | dresser-parlor-palm::thin palm rachis4
Fra:1 Mem:207.69M (Peak 209.11M) | Time:00:00.15 | Mem:0.00M, Peak:0.00M | Scene, ViewLayer | Synchronizing object | dresser-parlor-palm::representative leaflet.055
Fra:1 Mem:207.69M (Peak 209.11M) | Time:00:00.15 | Mem:0.00M, Peak:0.00M | Scene, ViewLayer | Synchronizing object | dresser-parlor-palm::representative leaflet.054
Fra:1 Mem:207.69M (Peak 209.11M) | Time:00:00.15 | Mem:0.00M, Peak:0.00M | Scene, ViewLayer | Synchronizing object | dresser-parlor-palm::representative leaflet.053
Fra:1 Mem:207.69M (Peak 209.11M) | Time:00:00.15 | Mem:0.00M, Peak:0.00M | Scene, ViewLayer | Synchronizing object | dresser-parlor-palm::representative leaflet.052
Fra:1 Mem:207.69M (Peak 209.11M) | Time:00:00.15 | Mem:0.00M, Peak:0.00M | Scene, ViewLayer | Synchronizing object | dresser-parlor-palm::representative leaflet.051
Fra:1 Mem:207.69M (Peak 209.11M) | Time:00:00.15 | Mem:0.00M, Peak:0.00M | Scene, ViewLayer | Synchronizing object | dresser-parlor-palm::representative leaflet.050
Fra:1 Mem:207.69M (Peak 209.11M) | Time:00:00.15 | Mem:0.00M, Peak:0.00M | Scene, ViewLayer | Synchronizing object | dresser-parlor-palm::representative leaflet.049
Fra:1 Mem:207.69M (Peak 209.11M) | Time:00:00.15 | Mem:0.00M, Peak:0.00M | Scene, ViewLayer | Synchronizing object | dresser-parlor-palm::representative leaflet.048
Fra:1 Mem:207.69M (Peak 209.11M) | Time:00:00.15 | Mem:0.00M, Peak:0.00M | Scene, ViewLayer | Synchronizing object | dresser-parlor-palm::representative leaflet.047
Fra:1 Mem:207.69M (Peak 209.11M) | Time:00:00.15 | Mem:0.00M, Peak:0.00M | Scene, ViewLayer | Synchronizing object | dresser-parlor-palm::representative leaflet.046
Fra:1 Mem:207.69M (Peak 209.11M) | Time:00:00.15 | Mem:0.00M, Peak:0.00M | Scene, ViewLayer | Synchronizing object | dresser-parlor-palm::representative leaflet.045
Fra:1 Mem:207.69M (Peak 209.11M) | Time:00:00.15 | Mem:0.00M, Peak:0.00M | Scene, ViewLayer | Synchronizing object | dresser-parlor-palm::representative leaflet.044
Fra:1 Mem:207.69M (Peak 209.11M) | Time:00:00.15 | Mem:0.00M, Peak:0.00M | Scene, ViewLayer | Synchronizing object | dresser-parlor-palm::representative leaflet.043
Fra:1 Mem:207.69M (Peak 209.11M) | Time:00:00.15 | Mem:0.00M, Peak:0.00M | Scene, ViewLayer | Synchronizing object | dresser-parlor-palm::representative leaflet.042
Fra:1 Mem:207.69M (Peak 209.11M) | Time:00:00.15 | Mem:0.00M, Peak:0.00M | Scene, ViewLayer | Synchronizing object | dresser-parlor-palm::thin palm rachis3
Fra:1 Mem:207.39M (Peak 209.11M) | Time:00:00.15 | Mem:0.00M, Peak:0.00M | Scene, ViewLayer | Synchronizing object | dresser-parlor-palm::representative leaflet.041
Fra:1 Mem:207.39M (Peak 209.11M) | Time:00:00.15 | Mem:0.00M, Peak:0.00M | Scene, ViewLayer | Synchronizing object | secondary-workspace::black-brown tabletop
Fra:1 Mem:207.39M (Peak 209.11M) | Time:00:00.15 | Mem:0.00M, Peak:0.00M | Scene, ViewLayer | Synchronizing object | dresser-parlor-palm::representative leaflet.040
Fra:1 Mem:207.39M (Peak 209.11M) | Time:00:00.15 | Mem:0.00M, Peak:0.00M | Scene, ViewLayer | Synchronizing object | dresser-parlor-palm::representative leaflet.039
Fra:1 Mem:207.40M (Peak 209.11M) | Time:00:00.15 | Mem:0.00M, Peak:0.00M | Scene, ViewLayer | Synchronizing object | dresser-parlor-palm::representative leaflet.038
Fra:1 Mem:207.40M (Peak 209.11M) | Time:00:00.15 | Mem:0.00M, Peak:0.00M | Scene, ViewLayer | Synchronizing object | dresser-parlor-palm::representative leaflet.037
Fra:1 Mem:207.40M (Peak 209.11M) | Time:00:00.15 | Mem:0.00M, Peak:0.00M | Scene, ViewLayer | Synchronizing object | dresser-parlor-palm::representative leaflet.036
Fra:1 Mem:207.41M (Peak 209.11M) | Time:00:00.15 | Mem:0.00M, Peak:0.00M | Scene, ViewLayer | Synchronizing object | dresser-parlor-palm::representative leaflet.035
Fra:1 Mem:207.41M (Peak 209.11M) | Time:00:00.15 | Mem:0.00M, Peak:0.00M | Scene, ViewLayer | Synchronizing object | secondary-workspace::right black ADILS leg
Fra:1 Mem:207.41M (Peak 209.11M) | Time:00:00.15 | Mem:0.00M, Peak:0.00M | Scene, ViewLayer | Synchronizing object | dresser-parlor-palm::representative leaflet.034
Fra:1 Mem:207.41M (Peak 209.11M) | Time:00:00.15 | Mem:0.00M, Peak:0.00M | Scene, ViewLayer | Synchronizing object | dresser-parlor-palm::representative leaflet.033
Fra:1 Mem:207.41M (Peak 209.11M) | Time:00:00.15 | Mem:0.00M, Peak:0.00M | Scene, ViewLayer | Synchronizing object | secondary-workspace::black adjustment foot
Fra:1 Mem:207.41M (Peak 209.11M) | Time:00:00.15 | Mem:0.00M, Peak:0.00M | Scene, ViewLayer | Synchronizing object | dresser-parlor-palm::representative leaflet.032
Fra:1 Mem:207.42M (Peak 209.11M) | Time:00:00.15 | Mem:0.00M, Peak:0.00M | Scene, ViewLayer | Synchronizing object | dresser-parlor-palm::representative leaflet.031
Fra:1 Mem:207.42M (Peak 209.11M) | Time:00:00.15 | Mem:0.00M, Peak:0.00M | Scene, ViewLayer | Synchronizing object | secondary-workspace::right black ADILS leg.001
Fra:1 Mem:207.42M (Peak 209.11M) | Time:00:00.15 | Mem:0.00M, Peak:0.00M | Scene, ViewLayer | Synchronizing object | dresser-parlor-palm::representative leaflet.030
Fra:1 Mem:207.43M (Peak 209.11M) | Time:00:00.15 | Mem:0.00M, Peak:0.00M | Scene, ViewLayer | Synchronizing object | dresser-parlor-palm::representative leaflet.029
Fra:1 Mem:207.43M (Peak 209.11M) | Time:00:00.15 | Mem:0.00M, Peak:0.00M | Scene, ViewLayer | Synchronizing object | secondary-workspace::black adjustment foot.001
Fra:1 Mem:207.43M (Peak 209.11M) | Time:00:00.15 | Mem:0.00M, Peak:0.00M | Scene, ViewLayer | Synchronizing object | dresser-parlor-palm::representative leaflet.028
Fra:1 Mem:207.44M (Peak 209.11M) | Time:00:00.15 | Mem:0.00M, Peak:0.00M | Scene, ViewLayer | Synchronizing object | dresser-parlor-palm::thin palm rachis2
Fra:1 Mem:207.44M (Peak 209.11M) | Time:00:00.15 | Mem:0.00M, Peak:0.00M | Scene, ViewLayer | Synchronizing object | clothes-dresser::official storklinta-low-drawers part0
Fra:1 Mem:207.44M (Peak 209.11M) | Time:00:00.15 | Mem:0.00M, Peak:0.00M | Scene, ViewLayer | Synchronizing object | dresser-parlor-palm::representative leaflet.027
Fra:1 Mem:207.44M (Peak 209.11M) | Time:00:00.15 | Mem:0.00M, Peak:0.00M | Scene, ViewLayer | Synchronizing object | dresser-parlor-palm::representative leaflet.026
Fra:1 Mem:207.44M (Peak 209.11M) | Time:00:00.15 | Mem:0.00M, Peak:0.00M | Scene, ViewLayer | Synchronizing object | dresser-parlor-palm::representative leaflet.025
Fra:1 Mem:207.44M (Peak 209.11M) | Time:00:00.15 | Mem:0.00M, Peak:0.00M | Scene, ViewLayer | Synchronizing object | dresser-parlor-palm::representative leaflet.024
Fra:1 Mem:207.45M (Peak 209.11M) | Time:00:00.15 | Mem:0.00M, Peak:0.00M | Scene, ViewLayer | Synchronizing object | dresser-parlor-palm::representative leaflet.023
Fra:1 Mem:207.46M (Peak 209.11M) | Time:00:00.15 | Mem:0.00M, Peak:0.00M | Scene, ViewLayer | Synchronizing object | dresser-parlor-palm::representative leaflet.022
Fra:1 Mem:207.46M (Peak 209.11M) | Time:00:00.15 | Mem:0.00M, Peak:0.00M | Scene, ViewLayer | Synchronizing object | dresser-parlor-palm::representative leaflet.021
Fra:1 Mem:207.46M (Peak 209.11M) | Time:00:00.15 | Mem:0.00M, Peak:0.00M | Scene, ViewLayer | Synchronizing object | dresser-parlor-palm::representative leaflet.020
Fra:1 Mem:207.46M (Peak 209.11M) | Time:00:00.15 | Mem:0.00M, Peak:0.00M | Scene, ViewLayer | Synchronizing object | dresser-parlor-palm::representative leaflet.019
Fra:1 Mem:207.47M (Peak 209.11M) | Time:00:00.15 | Mem:0.00M, Peak:0.00M | Scene, ViewLayer | Synchronizing object | dresser-parlor-palm::representative leaflet.018
Fra:1 Mem:207.47M (Peak 209.11M) | Time:00:00.15 | Mem:0.00M, Peak:0.00M | Scene, ViewLayer | Synchronizing object | dresser-parlor-palm::representative leaflet.017
Fra:1 Mem:207.48M (Peak 209.11M) | Time:00:00.15 | Mem:0.00M, Peak:0.00M | Scene, ViewLayer | Synchronizing object | dresser-parlor-palm::representative leaflet.016
Fra:1 Mem:207.48M (Peak 209.11M) | Time:00:00.15 | Mem:0.00M, Peak:0.00M | Scene, ViewLayer | Synchronizing object | dresser-parlor-palm::representative leaflet.015
Fra:1 Mem:207.48M (Peak 209.11M) | Time:00:00.15 | Mem:0.00M, Peak:0.00M | Scene, ViewLayer | Synchronizing object | dresser-parlor-palm::representative leaflet.014
Fra:1 Mem:207.48M (Peak 209.11M) | Time:00:00.15 | Mem:0.00M, Peak:0.00M | Scene, ViewLayer | Synchronizing object | dresser-parlor-palm::thin palm rachis1
Fra:1 Mem:207.49M (Peak 209.11M) | Time:00:00.15 | Mem:0.00M, Peak:0.00M | Scene, ViewLayer | Synchronizing object | dresser-parlor-palm::representative leaflet.013
Fra:1 Mem:207.49M (Peak 209.11M) | Time:00:00.15 | Mem:0.00M, Peak:0.00M | Scene, ViewLayer | Synchronizing object | dresser-parlor-palm::representative leaflet.012
Fra:1 Mem:207.50M (Peak 209.11M) | Time:00:00.15 | Mem:0.00M, Peak:0.00M | Scene, ViewLayer | Synchronizing object | dresser-parlor-palm::representative leaflet.011
Fra:1 Mem:207.50M (Peak 209.11M) | Time:00:00.15 | Mem:0.00M, Peak:0.00M | Scene, ViewLayer | Synchronizing object | dresser-parlor-palm::representative leaflet.010
Fra:1 Mem:207.50M (Peak 209.11M) | Time:00:00.15 | Mem:0.00M, Peak:0.00M | Scene, ViewLayer | Synchronizing object | dresser-parlor-palm::representative leaflet.009
Fra:1 Mem:207.50M (Peak 209.11M) | Time:00:00.15 | Mem:0.00M, Peak:0.00M | Scene, ViewLayer | Synchronizing object | dresser-parlor-palm::representative leaflet.008
Fra:1 Mem:207.50M (Peak 209.11M) | Time:00:00.15 | Mem:0.00M, Peak:0.00M | Scene, ViewLayer | Synchronizing object | dresser-parlor-palm::representative leaflet.007
Fra:1 Mem:207.50M (Peak 209.11M) | Time:00:00.15 | Mem:0.00M, Peak:0.00M | Scene, ViewLayer | Synchronizing object | dresser-parlor-palm::representative leaflet.006
Fra:1 Mem:207.49M (Peak 209.11M) | Time:00:00.15 | Mem:0.00M, Peak:0.00M | Scene, ViewLayer | Synchronizing object | dresser-parlor-palm::representative leaflet.005
Fra:1 Mem:207.50M (Peak 209.11M) | Time:00:00.15 | Mem:0.00M, Peak:0.00M | Scene, ViewLayer | Synchronizing object | dresser-parlor-palm::representative leaflet.004
Fra:1 Mem:207.46M (Peak 209.11M) | Time:00:00.15 | Mem:0.00M, Peak:0.00M | Scene, ViewLayer | Synchronizing object | dresser-parlor-palm::representative leaflet.003
Fra:1 Mem:207.46M (Peak 209.11M) | Time:00:00.15 | Mem:0.00M, Peak:0.00M | Scene, ViewLayer | Synchronizing object | clothes-dresser::official storklinta-low-drawers part1
Fra:1 Mem:207.46M (Peak 209.11M) | Time:00:00.15 | Mem:0.00M, Peak:0.00M | Scene, ViewLayer | Synchronizing object | dresser-parlor-palm::representative leaflet.002
Fra:1 Mem:207.47M (Peak 209.11M) | Time:00:00.15 | Mem:0.00M, Peak:0.00M | Scene, ViewLayer | Synchronizing object | dresser-parlor-palm::representative leaflet.001
Fra:1 Mem:207.49M (Peak 209.11M) | Time:00:00.15 | Mem:0.00M, Peak:0.00M | Scene, ViewLayer | Synchronizing object | dresser-parlor-palm::representative leaflet
Fra:1 Mem:207.49M (Peak 209.11M) | Time:00:00.15 | Mem:0.00M, Peak:0.00M | Scene, ViewLayer | Synchronizing object | dresser-parlor-palm::thin palm rachis0
Fra:1 Mem:207.48M (Peak 209.11M) | Time:00:00.15 | Mem:0.00M, Peak:0.00M | Scene, ViewLayer | Synchronizing object | clothes-dresser::official storklinta-low-drawers part2
Fra:1 Mem:207.49M (Peak 209.11M) | Time:00:00.15 | Mem:0.00M, Peak:0.00M | Scene, ViewLayer | Synchronizing object | dresser-parlor-palm::soil
Fra:1 Mem:207.51M (Peak 209.11M) | Time:00:00.15 | Mem:0.00M, Peak:0.00M | Scene, ViewLayer | Synchronizing object | dresser-parlor-palm::black Westcott pot proxy
Fra:1 Mem:207.52M (Peak 209.11M) | Time:00:00.15 | Mem:0.00M, Peak:0.00M | Scene, ViewLayer | Synchronizing object | clothes-dresser::official storklinta-low-drawers part3
Fra:1 Mem:207.52M (Peak 209.11M) | Time:00:00.15 | Mem:0.00M, Peak:0.00M | Scene, ViewLayer | Synchronizing object | dresser-parlor-palm::black saucer
Fra:1 Mem:207.56M (Peak 209.11M) | Time:00:00.15 | Mem:0.00M, Peak:0.00M | Scene, ViewLayer | Synchronizing object | dresser-fado::illustrative rear cord1
Fra:1 Mem:207.59M (Peak 209.11M) | Time:00:00.15 | Mem:0.00M, Peak:0.00M | Scene, ViewLayer | Synchronizing object | dresser-fado::illustrative rear cord0
Fra:1 Mem:207.60M (Peak 209.11M) | Time:00:00.15 | Mem:0.00M, Peak:0.00M | Scene, ViewLayer | Synchronizing object | dresser-fado::original body component3
Fra:1 Mem:207.72M (Peak 209.11M) | Time:00:00.15 | Mem:0.00M, Peak:0.00M | Scene, ViewLayer | Synchronizing object | dresser-fado::original body component2
Fra:1 Mem:207.89M (Peak 209.11M) | Time:00:00.15 | Mem:0.00M, Peak:0.00M | Scene, ViewLayer | Synchronizing object | dresser-fado::original body component1
Fra:1 Mem:208.02M (Peak 209.11M) | Time:00:00.15 | Mem:0.00M, Peak:0.00M | Scene, ViewLayer | Synchronizing object | dresser-fado::original body component0
Fra:1 Mem:208.48M (Peak 209.11M) | Time:00:00.15 | Mem:0.00M, Peak:0.00M | Scene, ViewLayer | Synchronizing object | rug::Standard Pad support
Fra:1 Mem:208.48M (Peak 209.11M) | Time:00:00.15 | Mem:0.00M, Peak:0.00M | Scene, ViewLayer | Synchronizing object | rug::actual Rift Charcoal6x9 flatwoven textile
Fra:1 Mem:208.48M (Peak 209.11M) | Time:00:00.15 | Mem:0.00M, Peak:0.00M | Scene, ViewLayer | Synchronizing object | standing-main-desk::generic equipment assumption::monitor stand
Fra:1 Mem:208.48M (Peak 209.11M) | Time:00:00.15 | Mem:0.00M, Peak:0.00M | Scene, ViewLayer | Synchronizing object | standing-main-desk::generic equipment assumption::monitor stem
Fra:1 Mem:208.50M (Peak 209.11M) | Time:00:00.16 | Mem:0.00M, Peak:0.00M | Scene, ViewLayer | Synchronizing object | standing-main-desk::generic equipment assumption::monitor frame
Fra:1 Mem:208.51M (Peak 209.11M) | Time:00:00.16 | Mem:0.00M, Peak:0.00M | Scene, ViewLayer | Synchronizing object | standing-main-desk::generic equipment assumption::dark display
Fra:1 Mem:208.51M (Peak 209.11M) | Time:00:00.16 | Mem:0.00M, Peak:0.00M | Scene, ViewLayer | Synchronizing object | standing-main-desk::generic equipment assumption::keyboard
Fra:1 Mem:208.53M (Peak 209.11M) | Time:00:00.16 | Mem:0.00M, Peak:0.00M | Scene, ViewLayer | Synchronizing object | Existing full-height closet leaf
Fra:1 Mem:208.54M (Peak 209.11M) | Time:00:00.16 | Mem:0.00M, Peak:0.00M | Scene, ViewLayer | Synchronizing object | Existing closet metal knob
Fra:1 Mem:208.55M (Peak 209.11M) | Time:00:00.16 | Mem:0.00M, Peak:0.00M | Scene, ViewLayer | Synchronizing object | Existing living-entry flat white leaf
Fra:1 Mem:208.56M (Peak 209.11M) | Time:00:00.16 | Mem:0.00M, Peak:0.00M | Scene, ViewLayer | Synchronizing object | Existing living-entry silver lever
Fra:1 Mem:208.58M (Peak 209.11M) | Time:00:00.16 | Mem:0.00M, Peak:0.00M | Scene, ViewLayer | Synchronizing object | Existing exterior-door six-panel leaf
Fra:1 Mem:208.59M (Peak 209.11M) | Time:00:00.16 | Mem:0.00M, Peak:0.00M | Scene, ViewLayer | Synchronizing object | Existing exterior-door raised panel
Fra:1 Mem:208.61M (Peak 209.11M) | Time:00:00.16 | Mem:0.00M, Peak:0.00M | Scene, ViewLayer | Synchronizing object | Existing exterior-door raised panel.001
Fra:1 Mem:208.62M (Peak 209.11M) | Time:00:00.16 | Mem:0.00M, Peak:0.00M | Scene, ViewLayer | Synchronizing object | Existing exterior-door raised panel.002
Fra:1 Mem:208.64M (Peak 209.11M) | Time:00:00.16 | Mem:0.00M, Peak:0.00M | Scene, ViewLayer | Synchronizing object | Existing exterior-door raised panel.003
Fra:1 Mem:208.65M (Peak 209.11M) | Time:00:00.16 | Mem:0.00M, Peak:0.00M | Scene, ViewLayer | Synchronizing object | Existing exterior-door raised panel.004
Fra:1 Mem:208.66M (Peak 209.11M) | Time:00:00.16 | Mem:0.00M, Peak:0.00M | Scene, ViewLayer | Synchronizing object | Existing exterior-door raised panel.005
Fra:1 Mem:208.68M (Peak 209.11M) | Time:00:00.16 | Mem:0.00M, Peak:0.00M | Scene, ViewLayer | Synchronizing object | Existing exterior-door brass knob
Fra:1 Mem:208.69M (Peak 209.11M) | Time:00:00.16 | Mem:0.00M, Peak:0.00M | Scene, ViewLayer | Synchronizing object | Existing exterior-door brass deadbolt
Fra:1 Mem:208.69M (Peak 209.11M) | Time:00:00.16 | Mem:0.00M, Peak:0.00M | Scene, ViewLayer | Synchronizing object | grejig-1::folded steel leg
Fra:1 Mem:208.70M (Peak 209.11M) | Time:00:00.16 | Mem:0.00M, Peak:0.00M | Scene, ViewLayer | Synchronizing object | grejig-1::folded steel leg.001
Fra:1 Mem:208.70M (Peak 209.11M) | Time:00:00.16 | Mem:0.00M, Peak:0.00M | Scene, ViewLayer | Synchronizing object | grejig-1::folded steel leg.002
Fra:1 Mem:208.70M (Peak 209.11M) | Time:00:00.16 | Mem:0.00M, Peak:0.00M | Scene, ViewLayer | Synchronizing object | grejig-1::folded steel leg.003
Fra:1 Mem:208.70M (Peak 209.11M) | Time:00:00.16 | Mem:0.00M, Peak:0.00M | Scene, ViewLayer | Synchronizing object | grejig-1::top long rim
Fra:1 Mem:208.70M (Peak 209.11M) | Time:00:00.16 | Mem:0.00M, Peak:0.00M | Scene, ViewLayer | Synchronizing object | grejig-1::top long rim.001
Fra:1 Mem:208.70M (Peak 209.11M) | Time:00:00.16 | Mem:0.00M, Peak:0.00M | Scene, ViewLayer | Synchronizing object | grejig-1::top end rim
Fra:1 Mem:208.71M (Peak 209.11M) | Time:00:00.16 | Mem:0.00M, Peak:0.00M | Scene, ViewLayer | Synchronizing object | grejig-1::top end rim.001
Fra:1 Mem:208.71M (Peak 209.11M) | Time:00:00.16 | Mem:0.00M, Peak:0.00M | Scene, ViewLayer | Synchronizing object | grejig-1::wire lattice across
Fra:1 Mem:208.71M (Peak 209.11M) | Time:00:00.16 | Mem:0.00M, Peak:0.00M | Scene, ViewLayer | Synchronizing object | grejig-1::wire lattice across.001
Fra:1 Mem:208.71M (Peak 209.11M) | Time:00:00.16 | Mem:0.00M, Peak:0.00M | Scene, ViewLayer | Synchronizing object | grejig-1::wire lattice across.002
Fra:1 Mem:208.71M (Peak 209.11M) | Time:00:00.16 | Mem:0.00M, Peak:0.00M | Scene, ViewLayer | Synchronizing object | grejig-1::wire lattice across.003
Fra:1 Mem:208.71M (Peak 209.11M) | Time:00:00.16 | Mem:0.00M, Peak:0.00M | Scene, ViewLayer | Synchronizing object | grejig-1::wire lattice across.004
Fra:1 Mem:208.71M (Peak 209.11M) | Time:00:00.16 | Mem:0.00M, Peak:0.00M | Scene, ViewLayer | Synchronizing object | grejig-1::wire lattice across.005
Fra:1 Mem:208.72M (Peak 209.11M) | Time:00:00.16 | Mem:0.00M, Peak:0.00M | Scene, ViewLayer | Synchronizing object | grejig-1::wire lattice across.006
Fra:1 Mem:208.72M (Peak 209.11M) | Time:00:00.16 | Mem:0.00M, Peak:0.00M | Scene, ViewLayer | Synchronizing object | grejig-1::wire lattice across.007
Fra:1 Mem:208.72M (Peak 209.11M) | Time:00:00.16 | Mem:0.00M, Peak:0.00M | Scene, ViewLayer | Synchronizing object | grejig-1::wire lattice across.008
Fra:1 Mem:208.72M (Peak 209.11M) | Time:00:00.16 | Mem:0.00M, Peak:0.00M | Scene, ViewLayer | Synchronizing object | grejig-1::wire lattice across.009
Fra:1 Mem:208.72M (Peak 209.11M) | Time:00:00.16 | Mem:0.00M, Peak:0.00M | Scene, ViewLayer | Synchronizing object | grejig-1::wire lattice across.010
Fra:1 Mem:208.72M (Peak 209.11M) | Time:00:00.16 | Mem:0.00M, Peak:0.00M | Scene, ViewLayer | Synchronizing object | grejig-1::wire lattice lengthwise
Fra:1 Mem:208.72M (Peak 209.11M) | Time:00:00.16 | Mem:0.00M, Peak:0.00M | Scene, ViewLayer | Synchronizing object | grejig-1::wire lattice lengthwise.001
Fra:1 Mem:208.72M (Peak 209.11M) | Time:00:00.16 | Mem:0.00M, Peak:0.00M | Scene, ViewLayer | Synchronizing object | grejig-1::wire lattice lengthwise.002
Fra:1 Mem:208.72M (Peak 209.11M) | Time:00:00.16 | Mem:0.00M, Peak:0.00M | Scene, ViewLayer | Synchronizing object | grejig-1::wire lattice lengthwise.003
Fra:1 Mem:208.73M (Peak 209.11M) | Time:00:00.16 | Mem:0.00M, Peak:0.00M | Scene, ViewLayer | Synchronizing object | grejig-1::wire lattice lengthwise.004
Fra:1 Mem:208.73M (Peak 209.11M) | Time:00:00.16 | Mem:0.00M, Peak:0.00M | Scene, ViewLayer | Synchronizing object | grejig-2::folded steel leg
Fra:1 Mem:208.73M (Peak 209.11M) | Time:00:00.16 | Mem:0.00M, Peak:0.00M | Scene, ViewLayer | Synchronizing object | grejig-2::folded steel leg.001
Fra:1 Mem:208.73M (Peak 209.11M) | Time:00:00.16 | Mem:0.00M, Peak:0.00M | Scene, ViewLayer | Synchronizing object | grejig-2::folded steel leg.002
Fra:1 Mem:208.73M (Peak 209.11M) | Time:00:00.16 | Mem:0.00M, Peak:0.00M | Scene, ViewLayer | Synchronizing object | grejig-2::folded steel leg.003
Fra:1 Mem:208.73M (Peak 209.11M) | Time:00:00.16 | Mem:0.00M, Peak:0.00M | Scene, ViewLayer | Synchronizing object | grejig-2::top long rim
Fra:1 Mem:208.74M (Peak 209.11M) | Time:00:00.16 | Mem:0.00M, Peak:0.00M | Scene, ViewLayer | Synchronizing object | grejig-2::top long rim.001
Fra:1 Mem:208.74M (Peak 209.11M) | Time:00:00.16 | Mem:0.00M, Peak:0.00M | Scene, ViewLayer | Synchronizing object | grejig-2::top end rim
Fra:1 Mem:208.74M (Peak 209.11M) | Time:00:00.16 | Mem:0.00M, Peak:0.00M | Scene, ViewLayer | Synchronizing object | grejig-2::top end rim.001
Fra:1 Mem:208.74M (Peak 209.11M) | Time:00:00.16 | Mem:0.00M, Peak:0.00M | Scene, ViewLayer | Synchronizing object | grejig-2::wire lattice across
Fra:1 Mem:208.74M (Peak 209.11M) | Time:00:00.16 | Mem:0.00M, Peak:0.00M | Scene, ViewLayer | Synchronizing object | grejig-2::wire lattice across.001
Fra:1 Mem:208.74M (Peak 209.11M) | Time:00:00.16 | Mem:0.00M, Peak:0.00M | Scene, ViewLayer | Synchronizing object | grejig-2::wire lattice across.002
Fra:1 Mem:208.75M (Peak 209.11M) | Time:00:00.16 | Mem:0.00M, Peak:0.00M | Scene, ViewLayer | Synchronizing object | grejig-2::wire lattice across.003
Fra:1 Mem:208.75M (Peak 209.11M) | Time:00:00.16 | Mem:0.00M, Peak:0.00M | Scene, ViewLayer | Synchronizing object | grejig-2::wire lattice across.004
Fra:1 Mem:208.75M (Peak 209.11M) | Time:00:00.16 | Mem:0.00M, Peak:0.00M | Scene, ViewLayer | Synchronizing object | grejig-2::wire lattice across.005
Fra:1 Mem:208.75M (Peak 209.11M) | Time:00:00.16 | Mem:0.00M, Peak:0.00M | Scene, ViewLayer | Synchronizing object | grejig-2::wire lattice across.006
Fra:1 Mem:208.75M (Peak 209.11M) | Time:00:00.16 | Mem:0.00M, Peak:0.00M | Scene, ViewLayer | Synchronizing object | grejig-2::wire lattice across.007
Fra:1 Mem:208.75M (Peak 209.11M) | Time:00:00.16 | Mem:0.00M, Peak:0.00M | Scene, ViewLayer | Synchronizing object | grejig-2::wire lattice across.008
Fra:1 Mem:208.75M (Peak 209.11M) | Time:00:00.16 | Mem:0.00M, Peak:0.00M | Scene, ViewLayer | Synchronizing object | grejig-2::wire lattice across.009
Fra:1 Mem:208.75M (Peak 209.11M) | Time:00:00.16 | Mem:0.00M, Peak:0.00M | Scene, ViewLayer | Synchronizing object | grejig-2::wire lattice across.010
Fra:1 Mem:208.75M (Peak 209.11M) | Time:00:00.16 | Mem:0.00M, Peak:0.00M | Scene, ViewLayer | Synchronizing object | grejig-2::wire lattice lengthwise
Fra:1 Mem:208.76M (Peak 209.11M) | Time:00:00.16 | Mem:0.00M, Peak:0.00M | Scene, ViewLayer | Synchronizing object | grejig-2::wire lattice lengthwise.001
Fra:1 Mem:208.76M (Peak 209.11M) | Time:00:00.16 | Mem:0.00M, Peak:0.00M | Scene, ViewLayer | Synchronizing object | grejig-2::wire lattice lengthwise.002
Fra:1 Mem:208.76M (Peak 209.11M) | Time:00:00.16 | Mem:0.00M, Peak:0.00M | Scene, ViewLayer | Synchronizing object | grejig-2::wire lattice lengthwise.003
Fra:1 Mem:208.76M (Peak 209.11M) | Time:00:00.16 | Mem:0.00M, Peak:0.00M | Scene, ViewLayer | Synchronizing object | grejig-2::wire lattice lengthwise.004
Fra:1 Mem:208.76M (Peak 209.11M) | Time:00:00.16 | Mem:0.00M, Peak:0.00M | Scene, ViewLayer | Synchronizing object | grejig-3::folded steel leg
Fra:1 Mem:208.76M (Peak 209.11M) | Time:00:00.16 | Mem:0.00M, Peak:0.00M | Scene, ViewLayer | Synchronizing object | grejig-3::folded steel leg.001
Fra:1 Mem:208.76M (Peak 209.11M) | Time:00:00.16 | Mem:0.00M, Peak:0.00M | Scene, ViewLayer | Synchronizing object | grejig-3::folded steel leg.002
Fra:1 Mem:208.77M (Peak 209.11M) | Time:00:00.16 | Mem:0.00M, Peak:0.00M | Scene, ViewLayer | Synchronizing object | grejig-3::folded steel leg.003
Fra:1 Mem:208.77M (Peak 209.11M) | Time:00:00.16 | Mem:0.00M, Peak:0.00M | Scene, ViewLayer | Synchronizing object | grejig-3::top long rim
Fra:1 Mem:208.77M (Peak 209.11M) | Time:00:00.16 | Mem:0.00M, Peak:0.00M | Scene, ViewLayer | Synchronizing object | grejig-3::top long rim.001
Fra:1 Mem:208.77M (Peak 209.11M) | Time:00:00.16 | Mem:0.00M, Peak:0.00M | Scene, ViewLayer | Synchronizing object | grejig-3::top end rim
Fra:1 Mem:208.77M (Peak 209.11M) | Time:00:00.16 | Mem:0.00M, Peak:0.00M | Scene, ViewLayer | Synchronizing object | grejig-3::top end rim.001
Fra:1 Mem:208.78M (Peak 209.11M) | Time:00:00.16 | Mem:0.00M, Peak:0.00M | Scene, ViewLayer | Synchronizing object | grejig-3::wire lattice across
Fra:1 Mem:208.78M (Peak 209.11M) | Time:00:00.16 | Mem:0.00M, Peak:0.00M | Scene, ViewLayer | Synchronizing object | grejig-3::wire lattice across.001
Fra:1 Mem:208.78M (Peak 209.11M) | Time:00:00.16 | Mem:0.00M, Peak:0.00M | Scene, ViewLayer | Synchronizing object | grejig-3::wire lattice across.002
Fra:1 Mem:208.78M (Peak 209.11M) | Time:00:00.16 | Mem:0.00M, Peak:0.00M | Scene, ViewLayer | Synchronizing object | grejig-3::wire lattice across.003
Fra:1 Mem:208.78M (Peak 209.11M) | Time:00:00.16 | Mem:0.00M, Peak:0.00M | Scene, ViewLayer | Synchronizing object | grejig-3::wire lattice across.004
Fra:1 Mem:208.89M (Peak 209.11M) | Time:00:00.16 | Mem:0.00M, Peak:0.00M | Scene, ViewLayer | Synchronizing object | grejig-3::wire lattice across.005
Fra:1 Mem:208.90M (Peak 209.11M) | Time:00:00.16 | Mem:0.00M, Peak:0.00M | Scene, ViewLayer | Synchronizing object | grejig-3::wire lattice across.006
Fra:1 Mem:208.90M (Peak 209.11M) | Time:00:00.16 | Mem:0.00M, Peak:0.00M | Scene, ViewLayer | Synchronizing object | grejig-3::wire lattice across.007
Fra:1 Mem:208.90M (Peak 209.11M) | Time:00:00.16 | Mem:0.00M, Peak:0.00M | Scene, ViewLayer | Synchronizing object | grejig-3::wire lattice across.008
Fra:1 Mem:208.90M (Peak 209.11M) | Time:00:00.16 | Mem:0.00M, Peak:0.00M | Scene, ViewLayer | Synchronizing object | grejig-3::wire lattice across.009
Fra:1 Mem:208.90M (Peak 209.11M) | Time:00:00.16 | Mem:0.00M, Peak:0.00M | Scene, ViewLayer | Synchronizing object | grejig-3::wire lattice across.010
Fra:1 Mem:208.79M (Peak 209.11M) | Time:00:00.16 | Mem:0.00M, Peak:0.00M | Scene, ViewLayer | Synchronizing object | primary-display-ledge::illustrative pocket journal2
Fra:1 Mem:208.80M (Peak 209.11M) | Time:00:00.16 | Mem:0.00M, Peak:0.00M | Scene, ViewLayer | Synchronizing object | primary-display-ledge::illustrative pocket journal1
Fra:1 Mem:208.82M (Peak 209.11M) | Time:00:00.16 | Mem:0.00M, Peak:0.00M | Scene, ViewLayer | Synchronizing object | primary-display-ledge::illustrative pocket journal0
Fra:1 Mem:208.83M (Peak 209.11M) | Time:00:00.16 | Mem:0.00M, Peak:0.00M | Scene, ViewLayer | Synchronizing object | primary-display-ledge::original supplier black ledge
Fra:1 Mem:208.93M (Peak 209.11M) | Time:00:00.16 | Mem:0.00M, Peak:0.00M | Scene, ViewLayer | Synchronizing object | project-display-ledge::illustrative pocket journal2
Fra:1 Mem:208.95M (Peak 209.11M) | Time:00:00.16 | Mem:0.00M, Peak:0.00M | Scene, ViewLayer | Synchronizing object | project-display-ledge::illustrative pocket journal1
Fra:1 Mem:208.96M (Peak 209.11M) | Time:00:00.16 | Mem:0.00M, Peak:0.00M | Scene, ViewLayer | Synchronizing object | project-display-ledge::illustrative pocket journal0
Fra:1 Mem:208.98M (Peak 209.11M) | Time:00:00.16 | Mem:0.00M, Peak:0.00M | Scene, ViewLayer | Synchronizing object | project-display-ledge::original supplier black ledge
Fra:1 Mem:209.08M (Peak 209.11M) | Time:00:00.16 | Mem:0.00M, Peak:0.00M | Scene, ViewLayer | Synchronizing object | richmond-art::full actual native landscape print
Fra:1 Mem:209.08M (Peak 209.11M) | Time:00:00.16 | Mem:0.00M, Peak:0.00M | Scene, ViewLayer | Synchronizing object | richmond-art::black wood frame right
Fra:1 Mem:209.09M (Peak 209.11M) | Time:00:00.16 | Mem:0.00M, Peak:0.00M | Scene, ViewLayer | Synchronizing object | richmond-art::black wood frame left
Fra:1 Mem:209.11M (Peak 209.11M) | Time:00:00.16 | Mem:0.00M, Peak:0.00M | Scene, ViewLayer | Synchronizing object | richmond-art::black wood frame bottom
Fra:1 Mem:209.12M (Peak 209.12M) | Time:00:00.16 | Mem:0.00M, Peak:0.00M | Scene, ViewLayer | Synchronizing object | richmond-art::black wood frame top
Fra:1 Mem:209.14M (Peak 209.14M) | Time:00:00.16 | Mem:0.00M, Peak:0.00M | Scene, ViewLayer | Synchronizing object | visitor-chair::rear walnut seat stretcher
Fra:1 Mem:209.15M (Peak 209.15M) | Time:00:00.16 | Mem:0.00M, Peak:0.00M | Scene, ViewLayer | Synchronizing object | visitor-chair::front walnut seat stretcher
Fra:1 Mem:209.17M (Peak 209.17M) | Time:00:00.16 | Mem:0.00M, Peak:0.00M | Scene, ViewLayer | Synchronizing object | visitor-chair::side seat rail.001
Fra:1 Mem:209.17M (Peak 209.17M) | Time:00:00.16 | Mem:0.00M, Peak:0.00M | Scene, ViewLayer | Synchronizing object | visitor-chair::rear walnut leg.001
Fra:1 Mem:209.17M (Peak 209.17M) | Time:00:00.16 | Mem:0.00M, Peak:0.00M | Scene, ViewLayer | Synchronizing object | visitor-chair::front walnut leg.001
Fra:1 Mem:209.18M (Peak 209.18M) | Time:00:00.16 | Mem:0.00M, Peak:0.00M | Scene, ViewLayer | Synchronizing object | visitor-chair::rounded walnut arm.001
Fra:1 Mem:209.19M (Peak 209.19M) | Time:00:00.16 | Mem:0.00M, Peak:0.00M | Scene, ViewLayer | Synchronizing object | visitor-chair::side seat rail
Fra:1 Mem:209.20M (Peak 209.20M) | Time:00:00.16 | Mem:0.00M, Peak:0.00M | Scene, ViewLayer | Synchronizing object | visitor-chair::rear walnut leg
Fra:1 Mem:209.20M (Peak 209.20M) | Time:00:00.16 | Mem:0.00M, Peak:0.00M | Scene, ViewLayer | Synchronizing object | visitor-chair::front walnut leg
Fra:1 Mem:209.20M (Peak 209.20M) | Time:00:00.16 | Mem:0.00M, Peak:0.00M | Scene, ViewLayer | Synchronizing object | visitor-chair::rounded walnut arm
Fra:1 Mem:209.22M (Peak 209.22M) | Time:00:00.16 | Mem:0.00M, Peak:0.00M | Scene, ViewLayer | Synchronizing object | visitor-chair::rounded sloping boucle back
Fra:1 Mem:209.23M (Peak 209.23M) | Time:00:00.16 | Mem:0.00M, Peak:0.00M | Scene, ViewLayer | Synchronizing object | visitor-chair::rounded boucle seat
Fra:1 Mem:209.25M (Peak 209.25M) | Time:00:00.16 | Mem:0.00M, Peak:0.00M | Scene, ViewLayer | Synchronizing object | standing-main-desk::leveling_glide_left_front
Fra:1 Mem:210.28M (Peak 210.28M) | Time:00:00.16 | Mem:0.00M, Peak:0.00M | Scene, ViewLayer | Synchronizing object | grejig-3::wire lattice lengthwise
Fra:1 Mem:210.28M (Peak 210.28M) | Time:00:00.16 | Mem:0.00M, Peak:0.00M | Scene, ViewLayer | Synchronizing object | grejig-3::wire lattice lengthwise.001
Fra:1 Mem:210.28M (Peak 210.28M) | Time:00:00.16 | Mem:0.00M, Peak:0.00M | Scene, ViewLayer | Synchronizing object | grejig-3::wire lattice lengthwise.002
Fra:1 Mem:210.28M (Peak 210.28M) | Time:00:00.16 | Mem:0.00M, Peak:0.00M | Scene, ViewLayer | Synchronizing object | grejig-3::wire lattice lengthwise.003
Fra:1 Mem:210.28M (Peak 210.28M) | Time:00:00.16 | Mem:0.00M, Peak:0.00M | Scene, ViewLayer | Synchronizing object | grejig-3::wire lattice lengthwise.004
Fra:1 Mem:210.28M (Peak 210.28M) | Time:00:00.16 | Mem:0.00M, Peak:0.00M | Scene, ViewLayer | Synchronizing object | Provisional rack floor support — closet unrecorded
Fra:1 Mem:210.29M (Peak 210.29M) | Time:00:00.16 | Mem:0.00M, Peak:0.00M | Scene, ViewLayer | Synchronizing object | U-base closed crossbar
Fra:1 Mem:210.18M (Peak 210.29M) | Time:00:00.16 | Mem:0.00M, Peak:0.00M | Scene, ViewLayer | Synchronizing object | U-base open prong
Fra:1 Mem:210.23M (Peak 210.29M) | Time:00:00.16 | Mem:0.00M, Peak:0.00M | Scene, ViewLayer | Synchronizing object | U-base open prong.001
Fra:1 Mem:210.37M (Peak 210.37M) | Time:00:00.16 | Mem:0.00M, Peak:0.00M | Scene, ViewLayer | Synchronizing object | Slim rectangular upright
Fra:1 Mem:210.38M (Peak 210.38M) | Time:00:00.16 | Mem:0.00M, Peak:0.00M | Scene, ViewLayer | Synchronizing object | Rotary dimming knob
Fra:1 Mem:210.39M (Peak 210.39M) | Time:00:00.16 | Mem:0.00M, Peak:0.00M | Scene, ViewLayer | Synchronizing object | Rectangular panel long rim
Fra:1 Mem:210.39M (Peak 210.39M) | Time:00:00.16 | Mem:0.00M, Peak:0.00M | Scene, ViewLayer | Synchronizing object | Rectangular panel long rim.001
Fra:1 Mem:210.40M (Peak 210.40M) | Time:00:00.16 | Mem:0.00M, Peak:0.00M | Scene, ViewLayer | Synchronizing object | Rectangular panel end rim
Fra:1 Mem:210.41M (Peak 210.41M) | Time:00:00.16 | Mem:0.00M, Peak:0.00M | Scene, ViewLayer | Synchronizing object | Rectangular panel end rim.001
Fra:1 Mem:210.42M (Peak 210.42M) | Time:00:00.16 | Mem:0.00M, Peak:0.00M | Scene, ViewLayer | Synchronizing object | Narrow parallel LED light bar
Fra:1 Mem:210.42M (Peak 210.42M) | Time:00:00.16 | Mem:0.00M, Peak:0.00M | Scene, ViewLayer | Synchronizing object | Narrow parallel LED light bar.001
Fra:1 Mem:210.43M (Peak 210.43M) | Time:00:00.16 | Mem:0.00M, Peak:0.00M | Scene, ViewLayer | Synchronizing object | Triple thickness brown fleece base
Fra:1 Mem:210.44M (Peak 210.44M) | Time:00:00.16 | Mem:0.00M, Peak:0.00M | Scene, ViewLayer | Synchronizing object | kept-muttros-cat-tree::arched hollow condo wall
Fra:1 Mem:210.70M (Peak 210.70M) | Time:00:00.16 | Mem:0.00M, Peak:0.00M | Scene, ViewLayer | Synchronizing object | Condo top plush cushion
Fra:1 Mem:210.71M (Peak 210.71M) | Time:00:00.16 | Mem:0.00M, Peak:0.00M | Scene, ViewLayer | Synchronizing object | Condo dark floor
Fra:1 Mem:210.81M (Peak 210.81M) | Time:00:00.16 | Mem:0.00M, Peak:0.00M | Scene, ViewLayer | Synchronizing object | Natural wood branch0-0
Fra:1 Mem:210.82M (Peak 210.82M) | Time:00:00.16 | Mem:0.00M, Peak:0.00M | Scene, ViewLayer | Synchronizing object | Natural wood branch0-1
Fra:1 Mem:210.82M (Peak 210.82M) | Time:00:00.16 | Mem:0.00M, Peak:0.00M | Scene, ViewLayer | Synchronizing object | Natural wood branch0-2
Fra:1 Mem:210.82M (Peak 210.82M) | Time:00:00.16 | Mem:0.00M, Peak:0.00M | Scene, ViewLayer | Synchronizing object | Natural wood branch0-3
Fra:1 Mem:210.83M (Peak 210.83M) | Time:00:00.16 | Mem:0.00M, Peak:0.00M | Scene, ViewLayer | Synchronizing object | Organic branch junction
Fra:1 Mem:210.86M (Peak 210.86M) | Time:00:00.16 | Mem:0.00M, Peak:0.00M | Scene, ViewLayer | Synchronizing object | Organic branch junction.001
Fra:1 Mem:210.90M (Peak 210.90M) | Time:00:00.16 | Mem:0.00M, Peak:0.00M | Scene, ViewLayer | Synchronizing object | Organic branch junction.002
Fra:1 Mem:210.94M (Peak 210.94M) | Time:00:00.16 | Mem:0.00M, Peak:0.00M | Scene, ViewLayer | Synchronizing object | Natural wood branch1-0
Fra:1 Mem:210.94M (Peak 210.94M) | Time:00:00.16 | Mem:0.00M, Peak:0.00M | Scene, ViewLayer | Synchronizing object | Natural wood branch1-1
Fra:1 Mem:210.95M (Peak 210.95M) | Time:00:00.16 | Mem:0.00M, Peak:0.00M | Scene, ViewLayer | Synchronizing object | Natural wood branch1-2
Fra:1 Mem:210.95M (Peak 210.95M) | Time:00:00.16 | Mem:0.00M, Peak:0.00M | Scene, ViewLayer | Synchronizing object | Organic branch junction.003
Fra:1 Mem:210.99M (Peak 210.99M) | Time:00:00.16 | Mem:0.00M, Peak:0.00M | Scene, ViewLayer | Synchronizing object | Organic branch junction.004
Fra:1 Mem:211.03M (Peak 211.03M) | Time:00:00.16 | Mem:0.00M, Peak:0.00M | Scene, ViewLayer | Synchronizing object | Natural wood branch2-0
Fra:1 Mem:211.03M (Peak 211.03M) | Time:00:00.16 | Mem:0.00M, Peak:0.00M | Scene, ViewLayer | Synchronizing object | Natural wood branch2-1
Fra:1 Mem:211.03M (Peak 211.03M) | Time:00:00.16 | Mem:0.00M, Peak:0.00M | Scene, ViewLayer | Synchronizing object | Organic branch junction.005
Fra:1 Mem:211.07M (Peak 211.07M) | Time:00:00.16 | Mem:0.00M, Peak:0.00M | Scene, ViewLayer | Synchronizing object | Natural wood branch3-0
Fra:1 Mem:211.07M (Peak 211.07M) | Time:00:00.16 | Mem:0.00M, Peak:0.00M | Scene, ViewLayer | Synchronizing object | Natural wood branch3-1
Fra:1 Mem:211.08M (Peak 211.08M) | Time:00:00.16 | Mem:0.00M, Peak:0.00M | Scene, ViewLayer | Synchronizing object | Organic branch junction.006
Fra:1 Mem:211.12M (Peak 211.12M) | Time:00:00.16 | Mem:0.00M, Peak:0.00M | Scene, ViewLayer | Synchronizing object | kept-muttros-cat-tree::Top wicker basket woven horizontal cours
Fra:1 Mem:211.62M (Peak 211.62M) | Time:00:00.16 | Mem:0.00M, Peak:0.00M | Scene, ViewLayer | Synchronizing object | kept-muttros-cat-tree::Top wicker basket crossing wicker strand
Fra:1 Mem:212.20M (Peak 212.20M) | Time:00:00.16 | Mem:0.00M, Peak:0.00M | Scene, ViewLayer | Synchronizing object | Top wicker basket brown fleece cushion
Fra:1 Mem:212.24M (Peak 212.24M) | Time:00:00.16 | Mem:0.00M, Peak:0.00M | Scene, ViewLayer | Synchronizing object | kept-muttros-cat-tree::High side wicker basket woven horizontal
Fra:1 Mem:213.41M (Peak 213.41M) | Time:00:00.16 | Mem:0.00M, Peak:0.00M | Scene, ViewLayer | Synchronizing object | kept-muttros-cat-tree::High side wicker basket crossing wicker 
Fra:1 Mem:213.86M (Peak 213.86M) | Time:00:00.16 | Mem:0.00M, Peak:0.00M | Scene, ViewLayer | Synchronizing object | High side wicker basket brown fleece cushion
Fra:1 Mem:213.89M (Peak 213.89M) | Time:00:00.16 | Mem:0.00M, Peak:0.00M | Scene, ViewLayer | Synchronizing object | kept-muttros-cat-tree::Low side wicker basket woven horizontal 
Fra:1 Mem:212.99M (Peak 213.89M) | Time:00:00.17 | Mem:0.00M, Peak:0.00M | Scene, ViewLayer | Synchronizing object | standing-main-desk::lifting_column_right_inner_stage
Fra:1 Mem:213.85M (Peak 213.89M) | Time:00:00.17 | Mem:0.00M, Peak:0.00M | Scene, ViewLayer | Synchronizing object | kept-muttros-cat-tree::Low side wicker basket crossing wicker s
Fra:1 Mem:214.30M (Peak 214.30M) | Time:00:00.17 | Mem:0.00M, Peak:0.00M | Scene, ViewLayer | Synchronizing object | Low side wicker basket brown fleece cushion
Fra:1 Mem:214.34M (Peak 214.34M) | Time:00:00.17 | Mem:0.00M, Peak:0.00M | Scene, ViewLayer | Synchronizing object | kept-muttros-cat-tree::Brown fleece suspended bowl hammock
Fra:1 Mem:214.47M (Peak 214.47M) | Time:00:00.17 | Mem:0.00M, Peak:0.00M | Scene, ViewLayer | Synchronizing object | kept-muttros-cat-tree::Thick fleece hammock rim
Fra:1 Mem:214.67M (Peak 214.67M) | Time:00:00.17 | Mem:0.00M, Peak:0.00M | Scene, ViewLayer | Synchronizing object | kept-muttros-cat-tree::Sisal rope winding
Fra:1 Mem:214.74M (Peak 214.74M) | Time:00:00.17 | Mem:0.00M, Peak:0.00M | Scene, ViewLayer | Synchronizing object | kept-muttros-cat-tree::Sisal rope winding.001
Fra:1 Mem:215.69M (Peak 215.69M) | Time:00:00.17 | Mem:0.00M, Peak:0.00M | Scene, ViewLayer | Synchronizing object | kept-muttros-cat-tree::Sisal rope winding.002
Fra:1 Mem:215.88M (Peak 215.88M) | Time:00:00.17 | Mem:0.00M, Peak:0.00M | Scene, ViewLayer | Synchronizing object | kept-muttros-cat-tree::Hanging pom-pom cord
Fra:1 Mem:215.91M (Peak 215.91M) | Time:00:00.17 | Mem:0.00M, Peak:0.00M | Scene, ViewLayer | Synchronizing object | Brown play ball
Fra:1 Mem:217.36M (Peak 217.36M) | Time:00:00.17 | Mem:0.00M, Peak:0.00M | Scene, ViewLayer | Synchronizing object | kept-muttros-cat-tree::Hanging pom-pom cord.001
Fra:1 Mem:217.75M (Peak 217.75M) | Time:00:00.17 | Mem:0.00M, Peak:0.00M | Scene, ViewLayer | Synchronizing object | Brown play ball.001
Fra:1 Mem:217.79M (Peak 217.79M) | Time:00:00.17 | Mem:0.00M, Peak:0.00M | Scene, ViewLayer | Synchronizing object | kept-muttros-cat-tree::Hanging pom-pom cord.002
Fra:1 Mem:217.79M (Peak 217.79M) | Time:00:00.17 | Mem:0.00M, Peak:0.00M | Scene, ViewLayer | Synchronizing object | Brown play ball.002
Fra:1 Mem:217.82M (Peak 217.82M) | Time:00:00.17 | Mem:0.00M, Peak:0.00M | Scene, ViewLayer | Synchronizing object | aeron-primary :: five-star spoke 1
Fra:1 Mem:217.83M (Peak 217.83M) | Time:00:00.17 | Mem:0.00M, Peak:0.00M | Scene, ViewLayer | Synchronizing object | aeron-primary :: caster 1 wheel -1
Fra:1 Mem:217.83M (Peak 217.83M) | Time:00:00.17 | Mem:0.00M, Peak:0.00M | Scene, ViewLayer | Synchronizing object | aeron-primary :: caster 1 wheel 1
Fra:1 Mem:217.83M (Peak 217.83M) | Time:00:00.17 | Mem:0.00M, Peak:0.00M | Scene, ViewLayer | Synchronizing object | aeron-primary :: caster 1 swivel
Fra:1 Mem:217.84M (Peak 217.84M) | Time:00:00.17 | Mem:0.00M, Peak:0.00M | Scene, ViewLayer | Synchronizing object | aeron-primary :: five-star spoke 2
Fra:1 Mem:217.84M (Peak 217.84M) | Time:00:00.17 | Mem:0.00M, Peak:0.00M | Scene, ViewLayer | Synchronizing object | aeron-primary :: caster 2 wheel -1
Fra:1 Mem:217.84M (Peak 217.84M) | Time:00:00.17 | Mem:0.00M, Peak:0.00M | Scene, ViewLayer | Synchronizing object | aeron-primary :: caster 2 wheel 1
Fra:1 Mem:217.85M (Peak 217.85M) | Time:00:00.17 | Mem:0.00M, Peak:0.00M | Scene, ViewLayer | Synchronizing object | aeron-primary :: caster 2 swivel
Fra:1 Mem:217.85M (Peak 217.85M) | Time:00:00.17 | Mem:0.00M, Peak:0.00M | Scene, ViewLayer | Synchronizing object | aeron-primary :: five-star spoke 3
Fra:1 Mem:217.85M (Peak 217.85M) | Time:00:00.17 | Mem:0.00M, Peak:0.00M | Scene, ViewLayer | Synchronizing object | aeron-primary :: caster 3 wheel -1
Fra:1 Mem:217.85M (Peak 217.85M) | Time:00:00.17 | Mem:0.00M, Peak:0.00M | Scene, ViewLayer | Synchronizing object | aeron-primary :: caster 3 wheel 1
Fra:1 Mem:217.86M (Peak 217.86M) | Time:00:00.17 | Mem:0.00M, Peak:0.00M | Scene, ViewLayer | Synchronizing object | aeron-primary :: caster 3 swivel
Fra:1 Mem:217.86M (Peak 217.86M) | Time:00:00.17 | Mem:0.00M, Peak:0.00M | Scene, ViewLayer | Synchronizing object | aeron-primary :: five-star spoke 4
Fra:1 Mem:217.86M (Peak 217.86M) | Time:00:00.17 | Mem:0.00M, Peak:0.00M | Scene, ViewLayer | Synchronizing object | aeron-primary :: caster 4 wheel -1
Fra:1 Mem:217.87M (Peak 217.87M) | Time:00:00.17 | Mem:0.00M, Peak:0.00M | Scene, ViewLayer | Synchronizing object | aeron-primary :: caster 4 wheel 1
Fra:1 Mem:218.09M (Peak 218.09M) | Time:00:00.17 | Mem:0.00M, Peak:0.00M | Scene, ViewLayer | Synchronizing object | aeron-primary :: caster 4 swivel
Fra:1 Mem:218.10M (Peak 218.10M) | Time:00:00.17 | Mem:0.00M, Peak:0.00M | Scene, ViewLayer | Synchronizing object | aeron-primary :: five-star spoke 5
Fra:1 Mem:218.10M (Peak 218.10M) | Time:00:00.17 | Mem:0.00M, Peak:0.00M | Scene, ViewLayer | Synchronizing object | aeron-primary :: caster 5 wheel -1
Fra:1 Mem:218.10M (Peak 218.10M) | Time:00:00.17 | Mem:0.00M, Peak:0.00M | Scene, ViewLayer | Synchronizing object | aeron-primary :: caster 5 wheel 1
Fra:1 Mem:218.11M (Peak 218.11M) | Time:00:00.17 | Mem:0.00M, Peak:0.00M | Scene, ViewLayer | Synchronizing object | aeron-primary :: caster 5 swivel
Fra:1 Mem:218.11M (Peak 218.11M) | Time:00:00.17 | Mem:0.00M, Peak:0.00M | Scene, ViewLayer | Synchronizing object | aeron-primary :: base hub
Fra:1 Mem:218.11M (Peak 218.11M) | Time:00:00.17 | Mem:0.00M, Peak:0.00M | Scene, ViewLayer | Synchronizing object | aeron-primary :: gas lift cylinder
Fra:1 Mem:218.12M (Peak 218.12M) | Time:00:00.17 | Mem:0.00M, Peak:0.00M | Scene, ViewLayer | Synchronizing object | aeron-primary :: tilt mechanism housing
Fra:1 Mem:218.15M (Peak 218.15M) | Time:00:00.17 | Mem:0.00M, Peak:0.00M | Scene, ViewLayer | Synchronizing object | aeron-primary :: underseat cross support
Fra:1 Mem:218.16M (Peak 218.16M) | Time:00:00.17 | Mem:0.00M, Peak:0.00M | Scene, ViewLayer | Synchronizing object | aeron-primary :: right tilt control stem
Fra:1 Mem:218.16M (Peak 218.16M) | Time:00:00.17 | Mem:0.00M, Peak:0.00M | Scene, ViewLayer | Synchronizing object | aeron-primary :: tilt control knob
Fra:1 Mem:218.20M (Peak 218.20M) | Time:00:00.17 | Mem:0.00M, Peak:0.00M | Scene, ViewLayer | Synchronizing object | aeron-primary :: sculpted open oval back perimeter
Fra:1 Mem:218.32M (Peak 218.32M) | Time:00:00.17 | Mem:0.00M, Peak:0.00M | Scene, ViewLayer | Synchronizing object | aeron-primary :: sculpted open seat perimeter
Fra:1 Mem:218.44M (Peak 218.44M) | Time:00:00.17 | Mem:0.00M, Peak:0.00M | Scene, ViewLayer | Synchronizing object | aeron-primary :: fine open curved back weave
Fra:1 Mem:225.70M (Peak 226.84M) | Time:00:00.18 | Mem:0.00M, Peak:0.00M | Scene, ViewLayer | Synchronizing object | aeron-primary :: fine open suspended seat weave
Fra:1 Mem:229.39M (Peak 230.44M) | Time:00:00.18 | Mem:0.00M, Peak:0.00M | Scene, ViewLayer | Synchronizing object | aeron-primary :: rear central back carrier
Fra:1 Mem:229.39M (Peak 230.44M) | Time:00:00.19 | Mem:0.00M, Peak:0.00M | Scene, ViewLayer | Synchronizing object | aeron-primary :: reference lumbar support
Fra:1 Mem:229.40M (Peak 230.44M) | Time:00:00.19 | Mem:0.00M, Peak:0.00M | Scene, ViewLayer | Synchronizing object | aeron-primary :: seat hinge and back carrier -1
Fra:1 Mem:229.40M (Peak 230.44M) | Time:00:00.19 | Mem:0.00M, Peak:0.00M | Scene, ViewLayer | Synchronizing object | aeron-primary :: seat pivot cap -1
Fra:1 Mem:229.44M (Peak 230.44M) | Time:00:00.19 | Mem:0.00M, Peak:0.00M | Scene, ViewLayer | Synchronizing object | aeron-primary :: adjustable arm support -1
Fra:1 Mem:229.44M (Peak 230.44M) | Time:00:00.19 | Mem:0.00M, Peak:0.00M | Scene, ViewLayer | Synchronizing object | aeron-primary :: gray arm pad -1
Fra:1 Mem:229.48M (Peak 230.44M) | Time:00:00.19 | Mem:0.00M, Peak:0.00M | Scene, ViewLayer | Synchronizing object | aeron-primary :: seat hinge and back carrier 1
Fra:1 Mem:229.48M (Peak 230.44M) | Time:00:00.19 | Mem:0.00M, Peak:0.00M | Scene, ViewLayer | Synchronizing object | aeron-primary :: seat pivot cap 1
Fra:1 Mem:229.51M (Peak 230.44M) | Time:00:00.19 | Mem:0.00M, Peak:0.00M | Scene, ViewLayer | Synchronizing object | aeron-primary :: adjustable arm support 1
Fra:1 Mem:229.52M (Peak 230.44M) | Time:00:00.19 | Mem:0.00M, Peak:0.00M | Scene, ViewLayer | Synchronizing object | aeron-primary :: gray arm pad 1
Fra:1 Mem:229.55M (Peak 230.44M) | Time:00:00.19 | Mem:0.00M, Peak:0.00M | Scene, ViewLayer | Synchronizing object | standing-main-desk::leveling_glide_right_rear
Fra:1 Mem:226.56M (Peak 230.56M) | Time:00:00.19 | Mem:0.00M, Peak:0.00M | Scene, ViewLayer | Synchronizing object | standing-main-desk::cable_door_lid
Fra:1 Mem:227.78M (Peak 230.56M) | Time:00:00.19 | Mem:0.00M, Peak:0.00M | Scene, ViewLayer | Synchronizing object | standing-main-desk::lifting_column_left_head
Fra:1 Mem:228.45M (Peak 230.56M) | Time:00:00.20 | Mem:0.00M, Peak:0.00M | Scene, ViewLayer | Synchronizing object | standing-main-desk::frame_cover_right
Fra:1 Mem:243.03M (Peak 248.02M) | Time:00:00.24 | Mem:0.00M, Peak:0.00M | Scene, ViewLayer | Synchronizing object | standing-main-desk::lifting_column_right_middle_stage
Fra:1 Mem:242.96M (Peak 248.79M) | Time:00:00.27 | Mem:0.00M, Peak:0.00M | Scene, ViewLayer | Synchronizing object | standing-main-desk::frame_rail_front
Fra:1 Mem:239.30M (Peak 248.79M) | Time:00:00.30 | Mem:0.00M, Peak:0.00M | Scene, ViewLayer | Synchronizing object | standing-main-desk::lifting_column_right_outer_stage
Fra:1 Mem:245.92M (Peak 253.10M) | Time:00:00.40 | Mem:0.00M, Peak:0.00M | Scene, ViewLayer | Synchronizing object | standing-main-desk::desktop_bracket_left
Fra:1 Mem:247.30M (Peak 253.10M) | Time:00:00.43 | Mem:0.00M, Peak:0.00M | Scene, ViewLayer | Synchronizing object | standing-main-desk::frame_end_right
Fra:1 Mem:253.61M (Peak 256.74M) | Time:00:00.49 | Mem:0.00M, Peak:0.00M | Scene, ViewLayer | Synchronizing object | standing-main-desk::desktop_bracket_right
Fra:1 Mem:256.99M (Peak 261.96M) | Time:00:00.54 | Mem:0.00M, Peak:0.00M | Scene, ViewLayer | Synchronizing object | standing-main-desk::keypad_controls
Fra:1 Mem:261.46M (Peak 263.29M) | Time:00:00.58 | Mem:0.00M, Peak:0.00M | Scene, ViewLayer | Synchronizing object | standing-main-desk::foot_right
Fra:1 Mem:272.61M (Peak 275.11M) | Time:00:00.63 | Mem:0.00M, Peak:0.00M | Scene, ViewLayer | Synchronizing object | standing-main-desk::lifting_column_left_inner_stage
Fra:1 Mem:270.82M (Peak 278.28M) | Time:00:00.69 | Mem:0.00M, Peak:0.00M | Scene, ViewLayer | Synchronizing object | standing-main-desk::desktop
Fra:1 Mem:259.78M (Peak 278.28M) | Time:00:00.70 | Mem:0.00M, Peak:0.00M | Scene, ViewLayer | Synchronizing object | standing-main-desk::foot_left
Fra:1 Mem:262.64M (Peak 278.28M) | Time:00:00.71 | Mem:0.00M, Peak:0.00M | Scene, ViewLayer | Synchronizing object | standing-main-desk::frame_rail_rear
Fra:1 Mem:263.75M (Peak 278.28M) | Time:00:00.71 | Mem:0.00M, Peak:0.00M | Scene, ViewLayer | Synchronizing object | standing-main-desk::control_box
Fra:1 Mem:271.97M (Peak 278.28M) | Time:00:00.73 | Mem:0.00M, Peak:0.00M | Scene, ViewLayer | Synchronizing object | standing-main-desk::lifting_column_left_middle_stage
Fra:1 Mem:274.48M (Peak 278.28M) | Time:00:00.74 | Mem:0.00M, Peak:0.00M | Scene, ViewLayer | Synchronizing object | standing-main-desk::leveling_glide_left_rear
Fra:1 Mem:276.44M (Peak 278.28M) | Time:00:00.75 | Mem:0.00M, Peak:0.00M | Scene, ViewLayer | Synchronizing object | standing-main-desk::cable_door
Fra:1 Mem:277.48M (Peak 278.28M) | Time:00:00.75 | Mem:0.00M, Peak:0.00M | Scene, ViewLayer | Synchronizing object | standing-main-desk::frame_cover_left
Fra:1 Mem:285.38M (Peak 290.94M) | Time:00:00.78 | Mem:0.00M, Peak:0.00M | Scene, ViewLayer | Synchronizing object | standing-main-desk::lifting_column_right_head
Fra:1 Mem:277.30M (Peak 290.94M) | Time:00:00.78 | Mem:0.00M, Peak:0.00M | Scene, ViewLayer | Synchronizing object | standing-main-desk::frame_end_left
Fra:1 Mem:294.37M (Peak 304.11M) | Time:00:00.83 | Mem:0.00M, Peak:0.00M | Scene, ViewLayer | Synchronizing object | standing-main-desk::felt_cable_organizer
Fra:1 Mem:296.54M (Peak 304.11M) | Time:00:00.83 | Mem:0.00M, Peak:0.00M | Scene, ViewLayer | Synchronizing object | standing-main-desk::keypad
Fra:1 Mem:307.75M (Peak 314.38M) | Time:00:00.86 | Mem:0.00M, Peak:0.00M | Scene, ViewLayer | Synchronizing object | standing-main-desk::lifting_column_left_outer_stage
Fra:1 Mem:296.65M (Peak 314.38M) | Time:00:00.87 | Mem:0.00M, Peak:0.00M | Scene, ViewLayer | Synchronizing object | standing-main-desk::cable_door_brush
Fra:1 Mem:296.69M (Peak 314.38M) | Time:00:00.87 | Mem:0.00M, Peak:0.00M | Scene, ViewLayer | Synchronizing object | standing-main-desk::leveling_glide_right_front
Fra:1 Mem:292.47M (Peak 314.38M) | Time:00:00.89 | Mem:0.00M, Peak:0.00M | Scene, ViewLayer | Initializing
Fra:1 Mem:287.30M (Peak 314.38M) | Time:00:00.89 | Mem:0.00M, Peak:0.00M | Scene, ViewLayer | Updating Images | Loading dan-hobday-richmond-70x100-official.jpg
Fra:1 Mem:287.30M (Peak 314.38M) | Time:00:00.89 | Mem:0.00M, Peak:0.00M | Scene, ViewLayer | Updating Images | Loading wood-upper.png
Fra:1 Mem:299.99M (Peak 314.38M) | Time:00:00.90 | Mem:2.00M, Peak:2.00M | Scene, ViewLayer | Updating Images | Loading brick-upper.png
Fra:1 Mem:301.99M (Peak 314.38M) | Time:00:00.91 | Mem:4.00M, Peak:4.00M | Scene, ViewLayer | Updating Images | Loading rift-6x9.jpg
Fra:1 Mem:312.18M (Peak 384.40M) | Time:00:01.02 | Mem:42.15M, Peak:42.15M | Scene, ViewLayer | Waiting for render to start
Fra:1 Mem:312.18M (Peak 384.40M) | Time:00:01.02 | Mem:42.15M, Peak:42.15M | Scene, ViewLayer | Loading render kernels (may take a few minutes the first time)
Fra:1 Mem:312.18M (Peak 384.40M) | Time:00:01.02 | Mem:42.15M, Peak:42.15M | Scene, ViewLayer | Updating Scene
Fra:1 Mem:312.18M (Peak 384.40M) | Time:00:01.02 | Mem:42.15M, Peak:42.15M | Scene, ViewLayer | Updating Shaders
Fra:1 Mem:312.30M (Peak 384.40M) | Time:00:01.02 | Mem:42.19M, Peak:42.19M | Scene, ViewLayer | Updating Procedurals
Fra:1 Mem:312.30M (Peak 384.40M) | Time:00:01.02 | Mem:42.19M, Peak:42.19M | Scene, ViewLayer | Updating Background
Fra:1 Mem:312.30M (Peak 384.40M) | Time:00:01.02 | Mem:42.19M, Peak:42.19M | Scene, ViewLayer | Updating Camera
Fra:1 Mem:312.30M (Peak 384.40M) | Time:00:01.02 | Mem:42.19M, Peak:42.19M | Scene, ViewLayer | Updating Meshes Flags
Fra:1 Mem:312.30M (Peak 384.40M) | Time:00:01.02 | Mem:42.19M, Peak:42.19M | Scene, ViewLayer | Updating Objects
Fra:1 Mem:312.30M (Peak 384.40M) | Time:00:01.02 | Mem:42.19M, Peak:42.19M | Scene, ViewLayer | Updating Objects | Copying Transformations to device
Fra:1 Mem:312.42M (Peak 384.40M) | Time:00:01.02 | Mem:42.31M, Peak:42.31M | Scene, ViewLayer | Updating Objects | Applying Static Transformations
Fra:1 Mem:312.42M (Peak 384.40M) | Time:00:01.03 | Mem:42.31M, Peak:42.31M | Scene, ViewLayer | Updating Particle Systems
Fra:1 Mem:312.42M (Peak 384.40M) | Time:00:01.03 | Mem:42.31M, Peak:42.31M | Scene, ViewLayer | Updating Particle Systems | Copying Particles to device
Fra:1 Mem:312.42M (Peak 384.40M) | Time:00:01.03 | Mem:42.31M, Peak:42.31M | Scene, ViewLayer | Updating Meshes
Fra:1 Mem:332.84M (Peak 384.40M) | Time:00:01.05 | Mem:42.31M, Peak:42.31M | Scene, ViewLayer | Updating Mesh | Computing attributes
Fra:1 Mem:349.26M (Peak 384.40M) | Time:00:01.06 | Mem:42.34M, Peak:42.34M | Scene, ViewLayer | Updating Mesh | Copying Attributes to device
Fra:1 Mem:349.18M (Peak 384.40M) | Time:00:01.06 | Mem:58.65M, Peak:58.65M | Scene, ViewLayer | Updating Geometry BVH Original FADO source body component 1/1 | Building BVH
Fra:1 Mem:349.18M (Peak 384.40M) | Time:00:01.06 | Mem:59.10M, Peak:59.10M | Scene, ViewLayer | Updating Geometry BVH Original FADO source body component 1/1 | Building BVH 0%
Fra:1 Mem:349.18M (Peak 384.40M) | Time:00:01.06 | Mem:59.55M, Peak:60.01M | Scene, ViewLayer | Updating Scene BVH | Building
Fra:1 Mem:349.19M (Peak 384.40M) | Time:00:01.06 | Mem:59.55M, Peak:60.01M | Scene, ViewLayer | Updating Scene BVH | Building BVH
Fra:1 Mem:349.19M (Peak 384.40M) | Time:00:01.31 | Mem:151.93M, Peak:151.93M | Scene, ViewLayer | Updating Scene BVH | Building BVH 59%
Fra:1 Mem:349.19M (Peak 384.40M) | Time:00:01.41 | Mem:145.55M, Peak:185.93M | Scene, ViewLayer | Updating Scene BVH | Copying BVH to device
Fra:1 Mem:349.19M (Peak 384.40M) | Time:00:01.41 | Mem:145.55M, Peak:185.93M | Scene, ViewLayer | Updating Mesh | Computing normals
Fra:1 Mem:418.20M (Peak 418.20M) | Time:00:01.43 | Mem:145.55M, Peak:185.93M | Scene, ViewLayer | Updating Mesh | Copying Mesh to device
Fra:1 Mem:418.20M (Peak 418.20M) | Time:00:01.43 | Mem:214.56M, Peak:214.56M | Scene, ViewLayer | Updating Objects Flags
Fra:1 Mem:418.20M (Peak 418.20M) | Time:00:01.43 | Mem:214.57M, Peak:214.57M | Scene, ViewLayer | Updating Primitive Offsets
Fra:1 Mem:418.20M (Peak 418.20M) | Time:00:01.43 | Mem:214.57M, Peak:214.57M | Scene, ViewLayer | Updating Images
Fra:1 Mem:418.20M (Peak 418.20M) | Time:00:01.43 | Mem:214.57M, Peak:214.57M | Scene, ViewLayer | Updating Camera Volume
Fra:1 Mem:418.20M (Peak 418.20M) | Time:00:01.43 | Mem:214.57M, Peak:214.57M | Scene, ViewLayer | Updating Lookup Tables
Fra:1 Mem:418.20M (Peak 418.20M) | Time:00:01.43 | Mem:214.65M, Peak:214.65M | Scene, ViewLayer | Updating Lights
Fra:1 Mem:418.20M (Peak 418.20M) | Time:00:01.43 | Mem:214.65M, Peak:214.65M | Scene, ViewLayer | Updating Lights | Computing tree
Fra:1 Mem:418.27M (Peak 418.27M) | Time:00:01.43 | Mem:214.72M, Peak:214.72M | Scene, ViewLayer | Updating Integrator
Fra:1 Mem:418.27M (Peak 418.27M) | Time:00:01.43 | Mem:214.72M, Peak:214.72M | Scene, ViewLayer | Updating Film
Fra:1 Mem:418.27M (Peak 418.27M) | Time:00:01.43 | Mem:214.64M, Peak:214.72M | Scene, ViewLayer | Updating Lookup Tables
Fra:1 Mem:418.27M (Peak 418.27M) | Time:00:01.43 | Mem:214.72M, Peak:214.72M | Scene, ViewLayer | Updating Baking
Fra:1 Mem:418.27M (Peak 418.27M) | Time:00:01.43 | Mem:214.72M, Peak:214.72M | Scene, ViewLayer | Updating Device | Writing constant memory
Fra:1 Mem:418.28M (Peak 418.28M) | Time:00:01.43 | Mem:214.72M, Peak:214.72M | Scene, ViewLayer | Sample 0/64
Fra:1 Mem:467.73M (Peak 467.73M) | Time:00:07.55 | Remaining:06:25.51 | Mem:264.17M, Peak:264.17M | Scene, ViewLayer | Sample 1/64
Fra:1 Mem:467.73M (Peak 467.73M) | Time:00:34.85 | Remaining:06:34.26 | Mem:264.17M, Peak:264.17M | Scene, ViewLayer | Sample 5/64
Fra:1 Mem:467.73M (Peak 467.73M) | Time:01:02.34 | Remaining:06:12.17 | Mem:264.17M, Peak:264.17M | Scene, ViewLayer | Sample 9/64
Fra:1 Mem:467.73M (Peak 467.73M) | Time:01:26.01 | Remaining:05:31.78 | Mem:264.17M, Peak:264.17M | Scene, ViewLayer | Sample 13/64
Fra:1 Mem:467.73M (Peak 467.73M) | Time:01:49.34 | Remaining:04:58.31 | Mem:264.17M, Peak:264.17M | Scene, ViewLayer | Sample 17/64
Fra:1 Mem:467.73M (Peak 467.73M) | Time:02:21.98 | Remaining:04:47.79 | Mem:264.17M, Peak:264.17M | Scene, ViewLayer | Sample 21/64
Fra:1 Mem:467.73M (Peak 467.73M) | Time:02:56.42 | Remaining:04:32.97 | Mem:264.17M, Peak:264.17M | Scene, ViewLayer | Sample 25/64
Fra:1 Mem:467.73M (Peak 467.73M) | Time:03:33.11 | Remaining:04:15.46 | Mem:264.17M, Peak:264.17M | Scene, ViewLayer | Sample 29/64
Fra:1 Mem:467.73M (Peak 467.73M) | Time:04:00.12 | Remaining:03:58.68 | Mem:264.17M, Peak:264.17M | Scene, ViewLayer | Sample 32/64
Fra:1 Mem:467.73M (Peak 467.73M) | Time:04:34.13 | Remaining:03:32.09 | Mem:264.17M, Peak:264.17M | Scene, ViewLayer | Sample 36/64
Fra:1 Mem:467.73M (Peak 467.73M) | Time:05:05.47 | Remaining:03:02.42 | Mem:264.17M, Peak:264.17M | Scene, ViewLayer | Sample 40/64
Fra:1 Mem:467.73M (Peak 467.73M) | Time:05:39.81 | Remaining:02:33.80 | Mem:264.17M, Peak:264.17M | Scene, ViewLayer | Sample 44/64
Fra:1 Mem:467.73M (Peak 467.73M) | Time:06:11.99 | Remaining:02:03.51 | Mem:264.17M, Peak:264.17M | Scene, ViewLayer | Sample 48/64
Fra:1 Mem:467.73M (Peak 467.73M) | Time:06:40.72 | Remaining:01:32.14 | Mem:264.17M, Peak:264.17M | Scene, ViewLayer | Sample 52/64
Fra:1 Mem:467.73M (Peak 467.73M) | Time:07:08.68 | Remaining:01:01.03 | Mem:264.17M, Peak:264.17M | Scene, ViewLayer | Sample 56/64
Fra:1 Mem:467.73M (Peak 467.73M) | Time:07:35.63 | Remaining:00:30.27 | Mem:264.17M, Peak:264.17M | Scene, ViewLayer | Sample 60/64
Fra:1 Mem:489.70M (Peak 533.65M) | Time:08:02.94 | Mem:264.17M, Peak:264.17M | Scene, ViewLayer | Sample 64/64
Fra:1 Mem:489.70M (Peak 533.65M) | Time:08:02.94 | Mem:264.17M, Peak:264.17M | Scene, ViewLayer | Finished
Saved: '/workspace/his-office-pinterest/variants/b-charcoal-slat/model/renders/room-c.jpg'
Time: 08:03.18 (Saving: 00:00.23)

VIEW_READY b-charcoal-slat room-c

Blender quit
