Blender 4.3.2
Read blend: "/workspace/apartment/scan.blend"
Fra:1 Mem:56.58M (Peak 56.58M) | Time:00:00.00 | Mem:0.00M, Peak:0.00M | Scene, ViewLayer | Synchronizing object | Mesh_11
Fra:1 Mem:56.58M (Peak 56.58M) | Time:00:00.00 | Mem:0.00M, Peak:0.00M | Scene, ViewLayer | Synchronizing object | Mesh_14
Fra:1 Mem:56.95M (Peak 56.95M) | Time:00:00.00 | Mem:0.00M, Peak:0.00M | Scene, ViewLayer | Synchronizing object | Mesh_21
Fra:1 Mem:65.99M (Peak 65.99M) | Time:00:00.00 | Mem:0.00M, Peak:0.00M | Scene, ViewLayer | Synchronizing object | Mesh_15
Fra:1 Mem:65.89M (Peak 65.99M) | Time:00:00.00 | Mem:0.00M, Peak:0.00M | Scene, ViewLayer | Synchronizing object | Mesh_16
Fra:1 Mem:70.08M (Peak 70.08M) | Time:00:00.00 | Mem:0.00M, Peak:0.00M | Scene, ViewLayer | Synchronizing object | Mesh_17
Fra:1 Mem:71.51M (Peak 71.51M) | Time:00:00.00 | Mem:0.00M, Peak:0.00M | Scene, ViewLayer | Synchronizing object | Mesh_20
Fra:1 Mem:74.93M (Peak 74.93M) | Time:00:00.00 | Mem:0.00M, Peak:0.00M | Scene, ViewLayer | Synchronizing object | Mesh_18
Fra:1 Mem:78.81M (Peak 78.81M) | Time:00:00.01 | Mem:0.00M, Peak:0.00M | Scene, ViewLayer | Synchronizing object | Mesh_19
Fra:1 Mem:84.49M (Peak 85.09M) | Time:00:00.01 | Mem:0.00M, Peak:0.00M | Scene, ViewLayer | Initializing
Fra:1 Mem:84.45M (Peak 85.09M) | Time:00:00.01 | Mem:0.00M, Peak:0.00M | Scene, ViewLayer | Updating Images | Loading 82c34c5158e6b0b0a11a42ed684cacc2
Fra:1 Mem:84.45M (Peak 85.09M) | Time:00:00.01 | Mem:0.00M, Peak:0.00M | Scene, ViewLayer | Updating Images | Loading a682237f08f113c553587ed9f3adc739
Fra:1 Mem:84.45M (Peak 85.09M) | Time:00:00.01 | Mem:0.00M, Peak:0.00M | Scene, ViewLayer | Updating Images | Loading 6f64dc5f23c25de394aa7e16e5e32eea
Fra:1 Mem:84.45M (Peak 85.09M) | Time:00:00.01 | Mem:0.00M, Peak:0.00M | Scene, ViewLayer | Updating Images | Loading 424437e94f9e91f8b30cd110df137509
Fra:1 Mem:84.45M (Peak 85.09M) | Time:00:00.01 | Mem:0.00M, Peak:0.00M | Scene, ViewLayer | Updating Images | Loading a16774809e8025de1ea410d461175019
Fra:1 Mem:363.46M (Peak 409.46M) | Time:00:00.05 | Mem:23.00M, Peak:23.00M | Scene, ViewLayer | Updating Images | Loading 82172f0df74ed884585ea7e1e0ac3db4
Fra:1 Mem:811.49M (Peak 939.50M) | Time:00:00.12 | Mem:87.00M, Peak:87.00M | Scene, ViewLayer | Updating Images | Loading d6ba7a8a6dface2015f7b95825cf3202
Fra:1 Mem:811.49M (Peak 939.50M) | Time:00:00.14 | Mem:151.00M, Peak:151.00M | Scene, ViewLayer | Updating Images | Loading 99ec65919840ae6942c7be90a15efe6c
Fra:1 Mem:811.48M (Peak 939.50M) | Time:00:00.15 | Mem:215.00M, Peak:215.00M | Scene, ViewLayer | Updating Images | Loading a946a532384e7687116a5fdac5d04788
Fra:1 Mem:747.47M (Peak 939.50M) | Time:00:00.16 | Mem:279.00M, Peak:279.00M | Scene, ViewLayer | Updating Images | Loading e75100ac1b020a5e16a8be11acc4a800
Fra:1 Mem:683.46M (Peak 939.50M) | Time:00:00.18 | Mem:343.00M, Peak:343.00M | Scene, ViewLayer | Updating Images | Loading 286162989f88e9da0aefe1b8c2b08d7c
Fra:1 Mem:746.48M (Peak 1131.49M) | Time:00:00.31 | Mem:663.00M, Peak:663.00M | Scene, ViewLayer | Waiting for render to start
Fra:1 Mem:746.48M (Peak 1131.49M) | Time:00:00.31 | Mem:663.00M, Peak:663.00M | Scene, ViewLayer | Loading render kernels (may take a few minutes the first time)
Fra:1 Mem:746.48M (Peak 1131.49M) | Time:00:00.31 | Mem:663.00M, Peak:663.00M | Scene, ViewLayer | Updating Scene
Fra:1 Mem:746.48M (Peak 1131.49M) | Time:00:00.31 | Mem:663.00M, Peak:663.00M | Scene, ViewLayer | Updating Shaders
Fra:1 Mem:746.56M (Peak 1131.49M) | Time:00:00.31 | Mem:663.00M, Peak:663.00M | Scene, ViewLayer | Updating Procedurals
Fra:1 Mem:746.56M (Peak 1131.49M) | Time:00:00.31 | Mem:663.00M, Peak:663.00M | Scene, ViewLayer | Updating Background
Fra:1 Mem:746.56M (Peak 1131.49M) | Time:00:00.31 | Mem:663.00M, Peak:663.00M | Scene, ViewLayer | Updating Camera
Fra:1 Mem:746.56M (Peak 1131.49M) | Time:00:00.31 | Mem:663.00M, Peak:663.00M | Scene, ViewLayer | Updating Meshes Flags
Fra:1 Mem:746.56M (Peak 1131.49M) | Time:00:00.31 | Mem:663.00M, Peak:663.00M | Scene, ViewLayer | Updating Objects
Fra:1 Mem:746.56M (Peak 1131.49M) | Time:00:00.31 | Mem:663.00M, Peak:663.00M | Scene, ViewLayer | Updating Objects | Copying Transformations to device
Fra:1 Mem:746.57M (Peak 1131.49M) | Time:00:00.31 | Mem:663.00M, Peak:663.00M | Scene, ViewLayer | Updating Objects | Applying Static Transformations
Fra:1 Mem:746.57M (Peak 1131.49M) | Time:00:00.31 | Mem:663.00M, Peak:663.00M | Scene, ViewLayer | Updating Particle Systems
Fra:1 Mem:746.57M (Peak 1131.49M) | Time:00:00.31 | Mem:663.00M, Peak:663.00M | Scene, ViewLayer | Updating Particle Systems | Copying Particles to device
Fra:1 Mem:746.57M (Peak 1131.49M) | Time:00:00.31 | Mem:663.01M, Peak:663.01M | Scene, ViewLayer | Updating Meshes
Fra:1 Mem:750.64M (Peak 1131.49M) | Time:00:00.32 | Mem:663.01M, Peak:663.01M | Scene, ViewLayer | Updating Mesh | Computing attributes
Fra:1 Mem:756.76M (Peak 1131.49M) | Time:00:00.32 | Mem:663.01M, Peak:663.01M | Scene, ViewLayer | Updating Mesh | Copying Attributes to device
Fra:1 Mem:756.76M (Peak 1131.49M) | Time:00:00.32 | Mem:669.12M, Peak:669.12M | Scene, ViewLayer | Updating Scene BVH | Building
Fra:1 Mem:756.76M (Peak 1131.49M) | Time:00:00.32 | Mem:669.12M, Peak:669.12M | Scene, ViewLayer | Updating Scene BVH | Building BVH
Fra:1 Mem:756.76M (Peak 1131.49M) | Time:00:00.32 | Mem:677.27M, Peak:677.27M | Scene, ViewLayer | Updating Scene BVH | Building BVH 0%
Fra:1 Mem:756.76M (Peak 1131.49M) | Time:00:00.35 | Mem:686.99M, Peak:695.14M | Scene, ViewLayer | Updating Scene BVH | Copying BVH to device
Fra:1 Mem:756.76M (Peak 1131.49M) | Time:00:00.35 | Mem:686.99M, Peak:695.14M | Scene, ViewLayer | Updating Mesh | Computing normals
Fra:1 Mem:766.71M (Peak 1131.49M) | Time:00:00.35 | Mem:686.99M, Peak:695.14M | Scene, ViewLayer | Updating Mesh | Copying Mesh to device
Fra:1 Mem:766.71M (Peak 1131.49M) | Time:00:00.35 | Mem:696.94M, Peak:696.94M | Scene, ViewLayer | Updating Objects Flags
Fra:1 Mem:766.71M (Peak 1131.49M) | Time:00:00.35 | Mem:696.94M, Peak:696.94M | Scene, ViewLayer | Updating Primitive Offsets
Fra:1 Mem:766.71M (Peak 1131.49M) | Time:00:00.35 | Mem:696.94M, Peak:696.94M | Scene, ViewLayer | Updating Images
Fra:1 Mem:766.71M (Peak 1131.49M) | Time:00:00.35 | Mem:696.94M, Peak:696.94M | Scene, ViewLayer | Updating Camera Volume
Fra:1 Mem:766.71M (Peak 1131.49M) | Time:00:00.35 | Mem:696.94M, Peak:696.94M | Scene, ViewLayer | Updating Lookup Tables
Fra:1 Mem:766.71M (Peak 1131.49M) | Time:00:00.35 | Mem:697.02M, Peak:697.02M | Scene, ViewLayer | Updating Lights
Fra:1 Mem:766.71M (Peak 1131.49M) | Time:00:00.35 | Mem:697.02M, Peak:697.02M | Scene, ViewLayer | Updating Lights | Computing tree
Fra:1 Mem:816.62M (Peak 1131.49M) | Time:00:00.82 | Mem:746.93M, Peak:746.93M | Scene, ViewLayer | Updating Integrator
Fra:1 Mem:816.62M (Peak 1131.49M) | Time:00:00.82 | Mem:746.93M, Peak:746.93M | Scene, ViewLayer | Updating Film
Fra:1 Mem:816.62M (Peak 1131.49M) | Time:00:00.82 | Mem:746.85M, Peak:746.93M | Scene, ViewLayer | Updating Lookup Tables
Fra:1 Mem:816.62M (Peak 1131.49M) | Time:00:00.82 | Mem:746.94M, Peak:746.94M | Scene, ViewLayer | Updating Baking
Fra:1 Mem:816.62M (Peak 1131.49M) | Time:00:00.82 | Mem:746.94M, Peak:746.94M | Scene, ViewLayer | Updating Device | Writing constant memory
Fra:1 Mem:816.62M (Peak 1131.49M) | Time:00:00.82 | Mem:746.94M, Peak:746.94M | Scene, ViewLayer | Sample 0/8
Fra:1 Mem:853.73M (Peak 1131.49M) | Time:00:01.03 | Remaining:00:01.46 | Mem:784.03M, Peak:784.03M | Scene, ViewLayer | Sample 1/8
Fra:1 Mem:870.21M (Peak 1131.49M) | Time:00:02.16 | Mem:784.03M, Peak:784.03M | Scene, ViewLayer | Sample 8/8
Fra:1 Mem:870.21M (Peak 1131.49M) | Time:00:02.16 | Mem:784.03M, Peak:784.03M | Scene, ViewLayer | Finished
Saved: '/workspace/apartment-design/multiple-angles/living-room/angle-1.png'
Time: 00:02.27 (Saving: 00:00.11)

Fra:1 Mem:69.19M (Peak 69.19M) | Time:00:00.00 | Mem:0.00M, Peak:0.00M | Scene, ViewLayer | Synchronizing object | Mesh_11
Fra:1 Mem:69.19M (Peak 69.19M) | Time:00:00.00 | Mem:0.00M, Peak:0.00M | Scene, ViewLayer | Synchronizing object | Mesh_14
Fra:1 Mem:69.20M (Peak 69.20M) | Time:00:00.00 | Mem:0.00M, Peak:0.00M | Scene, ViewLayer | Synchronizing object | Mesh_21
Fra:1 Mem:74.47M (Peak 74.47M) | Time:00:00.00 | Mem:0.00M, Peak:0.00M | Scene, ViewLayer | Synchronizing object | Mesh_15
Fra:1 Mem:74.05M (Peak 74.47M) | Time:00:00.00 | Mem:0.00M, Peak:0.00M | Scene, ViewLayer | Synchronizing object | Mesh_16
Fra:1 Mem:76.44M (Peak 76.44M) | Time:00:00.00 | Mem:0.00M, Peak:0.00M | Scene, ViewLayer | Synchronizing object | Mesh_20
Fra:1 Mem:77.30M (Peak 77.44M) | Time:00:00.00 | Mem:0.00M, Peak:0.00M | Scene, ViewLayer | Synchronizing object | Mesh_17
Fra:1 Mem:78.57M (Peak 78.95M) | Time:00:00.00 | Mem:0.00M, Peak:0.00M | Scene, ViewLayer | Synchronizing object | Mesh_18
Fra:1 Mem:82.03M (Peak 82.03M) | Time:00:00.00 | Mem:0.00M, Peak:0.00M | Scene, ViewLayer | Synchronizing object | Mesh_19
Fra:1 Mem:84.49M (Peak 85.83M) | Time:00:00.00 | Mem:0.00M, Peak:0.00M | Scene, ViewLayer | Initializing
Fra:1 Mem:84.45M (Peak 85.83M) | Time:00:00.00 | Mem:0.00M, Peak:0.00M | Scene, ViewLayer | Updating Images | Loading 6f64dc5f23c25de394aa7e16e5e32eea
Fra:1 Mem:84.45M (Peak 85.83M) | Time:00:00.00 | Mem:0.00M, Peak:0.00M | Scene, ViewLayer | Updating Images | Loading a16774809e8025de1ea410d461175019
Fra:1 Mem:363.46M (Peak 409.46M) | Time:00:00.04 | Mem:23.00M, Peak:23.00M | Scene, ViewLayer | Updating Images | Loading 82172f0df74ed884585ea7e1e0ac3db4
Fra:1 Mem:555.47M (Peak 683.48M) | Time:00:00.11 | Mem:87.00M, Peak:87.00M | Scene, ViewLayer | Updating Images | Loading d6ba7a8a6dface2015f7b95825cf3202
Fra:1 Mem:619.47M (Peak 747.48M) | Time:00:00.12 | Mem:151.00M, Peak:151.00M | Scene, ViewLayer | Updating Images | Loading 99ec65919840ae6942c7be90a15efe6c
Fra:1 Mem:811.48M (Peak 939.49M) | Time:00:00.18 | Mem:215.00M, Peak:215.00M | Scene, ViewLayer | Updating Images | Loading 286162989f88e9da0aefe1b8c2b08d7c
Fra:1 Mem:747.47M (Peak 939.49M) | Time:00:00.18 | Mem:279.00M, Peak:279.00M | Scene, ViewLayer | Updating Images | Loading a946a532384e7687116a5fdac5d04788
Fra:1 Mem:683.46M (Peak 939.49M) | Time:00:00.19 | Mem:343.00M, Peak:343.00M | Scene, ViewLayer | Updating Images | Loading e75100ac1b020a5e16a8be11acc4a800
Fra:1 Mem:746.48M (Peak 1131.49M) | Time:00:00.33 | Mem:663.00M, Peak:663.00M | Scene, ViewLayer | Waiting for render to start
Fra:1 Mem:746.48M (Peak 1131.49M) | Time:00:00.33 | Mem:663.00M, Peak:663.00M | Scene, ViewLayer | Loading render kernels (may take a few minutes the first time)
Fra:1 Mem:746.48M (Peak 1131.49M) | Time:00:00.33 | Mem:663.00M, Peak:663.00M | Scene, ViewLayer | Updating Scene
Fra:1 Mem:746.48M (Peak 1131.49M) | Time:00:00.33 | Mem:663.00M, Peak:663.00M | Scene, ViewLayer | Updating Shaders
Fra:1 Mem:746.57M (Peak 1131.49M) | Time:00:00.33 | Mem:663.00M, Peak:663.00M | Scene, ViewLayer | Updating Procedurals
Fra:1 Mem:746.57M (Peak 1131.49M) | Time:00:00.33 | Mem:663.00M, Peak:663.00M | Scene, ViewLayer | Updating Background
Fra:1 Mem:746.57M (Peak 1131.49M) | Time:00:00.33 | Mem:663.00M, Peak:663.00M | Scene, ViewLayer | Updating Camera
Fra:1 Mem:746.57M (Peak 1131.49M) | Time:00:00.33 | Mem:663.00M, Peak:663.00M | Scene, ViewLayer | Updating Meshes Flags
Fra:1 Mem:746.57M (Peak 1131.49M) | Time:00:00.33 | Mem:663.00M, Peak:663.00M | Scene, ViewLayer | Updating Objects
Fra:1 Mem:746.57M (Peak 1131.49M) | Time:00:00.33 | Mem:663.00M, Peak:663.00M | Scene, ViewLayer | Updating Objects | Copying Transformations to device
Fra:1 Mem:746.57M (Peak 1131.49M) | Time:00:00.33 | Mem:663.00M, Peak:663.00M | Scene, ViewLayer | Updating Objects | Applying Static Transformations
Fra:1 Mem:746.57M (Peak 1131.49M) | Time:00:00.33 | Mem:663.00M, Peak:663.00M | Scene, ViewLayer | Updating Particle Systems
Fra:1 Mem:746.57M (Peak 1131.49M) | Time:00:00.33 | Mem:663.00M, Peak:663.00M | Scene, ViewLayer | Updating Particle Systems | Copying Particles to device
Fra:1 Mem:746.57M (Peak 1131.49M) | Time:00:00.33 | Mem:663.01M, Peak:663.01M | Scene, ViewLayer | Updating Meshes
Fra:1 Mem:750.64M (Peak 1131.49M) | Time:00:00.34 | Mem:663.01M, Peak:663.01M | Scene, ViewLayer | Updating Mesh | Computing attributes
Fra:1 Mem:756.76M (Peak 1131.49M) | Time:00:00.34 | Mem:663.01M, Peak:663.01M | Scene, ViewLayer | Updating Mesh | Copying Attributes to device
Fra:1 Mem:756.76M (Peak 1131.49M) | Time:00:00.34 | Mem:669.12M, Peak:669.12M | Scene, ViewLayer | Updating Scene BVH | Building
Fra:1 Mem:756.76M (Peak 1131.49M) | Time:00:00.34 | Mem:669.12M, Peak:669.12M | Scene, ViewLayer | Updating Scene BVH | Building BVH
Fra:1 Mem:756.76M (Peak 1131.49M) | Time:00:00.34 | Mem:677.27M, Peak:677.27M | Scene, ViewLayer | Updating Scene BVH | Building BVH 0%
Fra:1 Mem:756.76M (Peak 1131.49M) | Time:00:00.38 | Mem:686.99M, Peak:695.14M | Scene, ViewLayer | Updating Scene BVH | Copying BVH to device
Fra:1 Mem:756.76M (Peak 1131.49M) | Time:00:00.38 | Mem:686.99M, Peak:695.14M | Scene, ViewLayer | Updating Mesh | Computing normals
Fra:1 Mem:766.71M (Peak 1131.49M) | Time:00:00.38 | Mem:686.99M, Peak:695.14M | Scene, ViewLayer | Updating Mesh | Copying Mesh to device
Fra:1 Mem:766.71M (Peak 1131.49M) | Time:00:00.38 | Mem:696.94M, Peak:696.94M | Scene, ViewLayer | Updating Objects Flags
Fra:1 Mem:766.71M (Peak 1131.49M) | Time:00:00.38 | Mem:696.94M, Peak:696.94M | Scene, ViewLayer | Updating Primitive Offsets
Fra:1 Mem:766.71M (Peak 1131.49M) | Time:00:00.38 | Mem:696.94M, Peak:696.94M | Scene, ViewLayer | Updating Images
Fra:1 Mem:766.71M (Peak 1131.49M) | Time:00:00.38 | Mem:696.94M, Peak:696.94M | Scene, ViewLayer | Updating Camera Volume
Fra:1 Mem:766.71M (Peak 1131.49M) | Time:00:00.38 | Mem:696.94M, Peak:696.94M | Scene, ViewLayer | Updating Lookup Tables
Fra:1 Mem:766.71M (Peak 1131.49M) | Time:00:00.38 | Mem:697.02M, Peak:697.02M | Scene, ViewLayer | Updating Lights
Fra:1 Mem:766.71M (Peak 1131.49M) | Time:00:00.38 | Mem:697.02M, Peak:697.02M | Scene, ViewLayer | Updating Lights | Computing tree
Fra:1 Mem:816.62M (Peak 1131.49M) | Time:00:00.84 | Mem:746.93M, Peak:746.93M | Scene, ViewLayer | Updating Integrator
Fra:1 Mem:816.62M (Peak 1131.49M) | Time:00:00.84 | Mem:746.93M, Peak:746.93M | Scene, ViewLayer | Updating Film
Fra:1 Mem:816.62M (Peak 1131.49M) | Time:00:00.84 | Mem:746.85M, Peak:746.93M | Scene, ViewLayer | Updating Lookup Tables
Fra:1 Mem:816.62M (Peak 1131.49M) | Time:00:00.84 | Mem:746.94M, Peak:746.94M | Scene, ViewLayer | Updating Baking
Fra:1 Mem:816.62M (Peak 1131.49M) | Time:00:00.84 | Mem:746.94M, Peak:746.94M | Scene, ViewLayer | Updating Device | Writing constant memory
Fra:1 Mem:816.63M (Peak 1131.49M) | Time:00:00.84 | Mem:746.94M, Peak:746.94M | Scene, ViewLayer | Sample 0/8
Fra:1 Mem:853.73M (Peak 1131.49M) | Time:00:01.04 | Remaining:00:01.41 | Mem:784.03M, Peak:784.03M | Scene, ViewLayer | Sample 1/8
Fra:1 Mem:870.21M (Peak 1131.49M) | Time:00:02.20 | Mem:784.03M, Peak:784.03M | Scene, ViewLayer | Sample 8/8
Fra:1 Mem:870.21M (Peak 1131.49M) | Time:00:02.20 | Mem:784.03M, Peak:784.03M | Scene, ViewLayer | Finished
Saved: '/workspace/apartment-design/multiple-angles/living-room/angle-2.png'
Time: 00:02.32 (Saving: 00:00.11)

Fra:1 Mem:69.20M (Peak 69.20M) | Time:00:00.00 | Mem:0.00M, Peak:0.00M | Scene, ViewLayer | Synchronizing object | Mesh_21
Fra:1 Mem:70.19M (Peak 70.19M) | Time:00:00.00 | Mem:0.00M, Peak:0.00M | Scene, ViewLayer | Synchronizing object | Mesh_11
Fra:1 Mem:70.84M (Peak 70.84M) | Time:00:00.00 | Mem:0.00M, Peak:0.00M | Scene, ViewLayer | Synchronizing object | Mesh_13
Fra:1 Mem:75.55M (Peak 75.55M) | Time:00:00.00 | Mem:0.00M, Peak:0.00M | Scene, ViewLayer | Synchronizing object | Mesh_14
Fra:1 Mem:75.88M (Peak 75.88M) | Time:00:00.00 | Mem:0.00M, Peak:0.00M | Scene, ViewLayer | Synchronizing object | Mesh_15
Fra:1 Mem:76.38M (Peak 76.38M) | Time:00:00.00 | Mem:0.00M, Peak:0.00M | Scene, ViewLayer | Synchronizing object | Mesh_20
Fra:1 Mem:78.54M (Peak 78.54M) | Time:00:00.00 | Mem:0.00M, Peak:0.00M | Scene, ViewLayer | Synchronizing object | Mesh_16
Fra:1 Mem:80.73M (Peak 81.46M) | Time:00:00.00 | Mem:0.00M, Peak:0.00M | Scene, ViewLayer | Synchronizing object | Mesh_17
Fra:1 Mem:81.02M (Peak 81.46M) | Time:00:00.00 | Mem:0.00M, Peak:0.00M | Scene, ViewLayer | Synchronizing object | Mesh_18
Fra:1 Mem:81.42M (Peak 81.46M) | Time:00:00.00 | Mem:0.00M, Peak:0.00M | Scene, ViewLayer | Synchronizing object | Mesh_19
Fra:1 Mem:84.49M (Peak 85.01M) | Time:00:00.00 | Mem:0.00M, Peak:0.00M | Scene, ViewLayer | Initializing
Fra:1 Mem:84.45M (Peak 85.01M) | Time:00:00.00 | Mem:0.00M, Peak:0.00M | Scene, ViewLayer | Updating Images | Loading 6f64dc5f23c25de394aa7e16e5e32eea
Fra:1 Mem:84.45M (Peak 85.01M) | Time:00:00.00 | Mem:0.00M, Peak:0.00M | Scene, ViewLayer | Updating Images | Loading 424437e94f9e91f8b30cd110df137509
Fra:1 Mem:299.45M (Peak 299.45M) | Time:00:00.01 | Mem:0.00M, Peak:0.00M | Scene, ViewLayer | Updating Images | Loading a16774809e8025de1ea410d461175019
Fra:1 Mem:363.47M (Peak 409.46M) | Time:00:00.04 | Mem:23.00M, Peak:23.00M | Scene, ViewLayer | Updating Images | Loading 82172f0df74ed884585ea7e1e0ac3db4
Fra:1 Mem:811.49M (Peak 939.50M) | Time:00:00.13 | Mem:87.00M, Peak:87.00M | Scene, ViewLayer | Updating Images | Loading d6ba7a8a6dface2015f7b95825cf3202
Fra:1 Mem:747.48M (Peak 939.50M) | Time:00:00.15 | Mem:151.00M, Peak:151.00M | Scene, ViewLayer | Updating Images | Loading 99ec65919840ae6942c7be90a15efe6c
Fra:1 Mem:811.48M (Peak 939.50M) | Time:00:00.16 | Mem:215.00M, Peak:215.00M | Scene, ViewLayer | Updating Images | Loading a946a532384e7687116a5fdac5d04788
Fra:1 Mem:747.47M (Peak 939.50M) | Time:00:00.16 | Mem:279.00M, Peak:279.00M | Scene, ViewLayer | Updating Images | Loading 286162989f88e9da0aefe1b8c2b08d7c
Fra:1 Mem:683.47M (Peak 939.50M) | Time:00:00.22 | Mem:343.00M, Peak:343.00M | Scene, ViewLayer | Updating Images | Loading e75100ac1b020a5e16a8be11acc4a800
Fra:1 Mem:746.48M (Peak 1259.50M) | Time:00:00.33 | Mem:663.00M, Peak:663.00M | Scene, ViewLayer | Waiting for render to start
Fra:1 Mem:746.48M (Peak 1259.50M) | Time:00:00.33 | Mem:663.00M, Peak:663.00M | Scene, ViewLayer | Loading render kernels (may take a few minutes the first time)
Fra:1 Mem:746.48M (Peak 1259.50M) | Time:00:00.33 | Mem:663.00M, Peak:663.00M | Scene, ViewLayer | Updating Scene
Fra:1 Mem:746.48M (Peak 1259.50M) | Time:00:00.33 | Mem:663.00M, Peak:663.00M | Scene, ViewLayer | Updating Shaders
Fra:1 Mem:746.57M (Peak 1259.50M) | Time:00:00.33 | Mem:663.00M, Peak:663.00M | Scene, ViewLayer | Updating Procedurals
Fra:1 Mem:746.57M (Peak 1259.50M) | Time:00:00.33 | Mem:663.00M, Peak:663.00M | Scene, ViewLayer | Updating Background
Fra:1 Mem:746.57M (Peak 1259.50M) | Time:00:00.33 | Mem:663.00M, Peak:663.00M | Scene, ViewLayer | Updating Camera
Fra:1 Mem:746.57M (Peak 1259.50M) | Time:00:00.33 | Mem:663.00M, Peak:663.00M | Scene, ViewLayer | Updating Meshes Flags
Fra:1 Mem:746.57M (Peak 1259.50M) | Time:00:00.33 | Mem:663.00M, Peak:663.00M | Scene, ViewLayer | Updating Objects
Fra:1 Mem:746.57M (Peak 1259.50M) | Time:00:00.33 | Mem:663.00M, Peak:663.00M | Scene, ViewLayer | Updating Objects | Copying Transformations to device
Fra:1 Mem:746.57M (Peak 1259.50M) | Time:00:00.33 | Mem:663.00M, Peak:663.00M | Scene, ViewLayer | Updating Objects | Applying Static Transformations
Fra:1 Mem:746.57M (Peak 1259.50M) | Time:00:00.33 | Mem:663.00M, Peak:663.00M | Scene, ViewLayer | Updating Particle Systems
Fra:1 Mem:746.57M (Peak 1259.50M) | Time:00:00.33 | Mem:663.00M, Peak:663.00M | Scene, ViewLayer | Updating Particle Systems | Copying Particles to device
Fra:1 Mem:746.57M (Peak 1259.50M) | Time:00:00.33 | Mem:663.01M, Peak:663.01M | Scene, ViewLayer | Updating Meshes
Fra:1 Mem:750.64M (Peak 1259.50M) | Time:00:00.33 | Mem:663.01M, Peak:663.01M | Scene, ViewLayer | Updating Mesh | Computing attributes
Fra:1 Mem:756.76M (Peak 1259.50M) | Time:00:00.33 | Mem:663.01M, Peak:663.01M | Scene, ViewLayer | Updating Mesh | Copying Attributes to device
Fra:1 Mem:756.76M (Peak 1259.50M) | Time:00:00.33 | Mem:669.12M, Peak:669.12M | Scene, ViewLayer | Updating Scene BVH | Building
Fra:1 Mem:756.76M (Peak 1259.50M) | Time:00:00.33 | Mem:669.12M, Peak:669.12M | Scene, ViewLayer | Updating Scene BVH | Building BVH
Fra:1 Mem:756.76M (Peak 1259.50M) | Time:00:00.33 | Mem:677.27M, Peak:677.27M | Scene, ViewLayer | Updating Scene BVH | Building BVH 0%
Fra:1 Mem:756.76M (Peak 1259.50M) | Time:00:00.36 | Mem:686.99M, Peak:695.14M | Scene, ViewLayer | Updating Scene BVH | Copying BVH to device
Fra:1 Mem:756.76M (Peak 1259.50M) | Time:00:00.36 | Mem:686.99M, Peak:695.14M | Scene, ViewLayer | Updating Mesh | Computing normals
Fra:1 Mem:766.71M (Peak 1259.50M) | Time:00:00.37 | Mem:686.99M, Peak:695.14M | Scene, ViewLayer | Updating Mesh | Copying Mesh to device
Fra:1 Mem:766.71M (Peak 1259.50M) | Time:00:00.37 | Mem:696.94M, Peak:696.94M | Scene, ViewLayer | Updating Objects Flags
Fra:1 Mem:766.71M (Peak 1259.50M) | Time:00:00.37 | Mem:696.94M, Peak:696.94M | Scene, ViewLayer | Updating Primitive Offsets
Fra:1 Mem:766.71M (Peak 1259.50M) | Time:00:00.37 | Mem:696.94M, Peak:696.94M | Scene, ViewLayer | Updating Images
Fra:1 Mem:766.71M (Peak 1259.50M) | Time:00:00.37 | Mem:696.94M, Peak:696.94M | Scene, ViewLayer | Updating Camera Volume
Fra:1 Mem:766.71M (Peak 1259.50M) | Time:00:00.37 | Mem:696.94M, Peak:696.94M | Scene, ViewLayer | Updating Lookup Tables
Fra:1 Mem:766.71M (Peak 1259.50M) | Time:00:00.37 | Mem:697.02M, Peak:697.02M | Scene, ViewLayer | Updating Lights
Fra:1 Mem:766.71M (Peak 1259.50M) | Time:00:00.37 | Mem:697.02M, Peak:697.02M | Scene, ViewLayer | Updating Lights | Computing tree
Fra:1 Mem:816.62M (Peak 1259.50M) | Time:00:00.85 | Mem:746.93M, Peak:746.93M | Scene, ViewLayer | Updating Integrator
Fra:1 Mem:816.62M (Peak 1259.50M) | Time:00:00.85 | Mem:746.93M, Peak:746.93M | Scene, ViewLayer | Updating Film
Fra:1 Mem:816.62M (Peak 1259.50M) | Time:00:00.85 | Mem:746.85M, Peak:746.93M | Scene, ViewLayer | Updating Lookup Tables
Fra:1 Mem:816.62M (Peak 1259.50M) | Time:00:00.85 | Mem:746.94M, Peak:746.94M | Scene, ViewLayer | Updating Baking
Fra:1 Mem:816.62M (Peak 1259.50M) | Time:00:00.85 | Mem:746.94M, Peak:746.94M | Scene, ViewLayer | Updating Device | Writing constant memory
Fra:1 Mem:816.63M (Peak 1259.50M) | Time:00:00.85 | Mem:746.94M, Peak:746.94M | Scene, ViewLayer | Sample 0/8
Fra:1 Mem:853.73M (Peak 1259.50M) | Time:00:01.04 | Remaining:00:01.37 | Mem:784.03M, Peak:784.03M | Scene, ViewLayer | Sample 1/8
Fra:1 Mem:870.21M (Peak 1259.50M) | Time:00:02.16 | Mem:784.03M, Peak:784.03M | Scene, ViewLayer | Sample 8/8
Fra:1 Mem:870.21M (Peak 1259.50M) | Time:00:02.16 | Mem:784.03M, Peak:784.03M | Scene, ViewLayer | Finished
Saved: '/workspace/apartment-design/multiple-angles/living-room/angle-3.png'
Time: 00:02.29 (Saving: 00:00.12)

Fra:1 Mem:69.19M (Peak 69.19M) | Time:00:00.00 | Mem:0.00M, Peak:0.00M | Scene, ViewLayer | Synchronizing object | Mesh_11
Fra:1 Mem:70.04M (Peak 70.04M) | Time:00:00.00 | Mem:0.00M, Peak:0.00M | Scene, ViewLayer | Synchronizing object | Mesh_13
Fra:1 Mem:70.04M (Peak 70.04M) | Time:00:00.00 | Mem:0.00M, Peak:0.00M | Scene, ViewLayer | Synchronizing object | Mesh_21
Fra:1 Mem:73.15M (Peak 73.15M) | Time:00:00.00 | Mem:0.00M, Peak:0.00M | Scene, ViewLayer | Synchronizing object | Mesh_15
Fra:1 Mem:73.91M (Peak 73.91M) | Time:00:00.00 | Mem:0.00M, Peak:0.00M | Scene, ViewLayer | Synchronizing object | Mesh_16
Fra:1 Mem:75.03M (Peak 75.03M) | Time:00:00.00 | Mem:0.00M, Peak:0.00M | Scene, ViewLayer | Synchronizing object | Mesh_17
Fra:1 Mem:76.68M (Peak 77.17M) | Time:00:00.00 | Mem:0.00M, Peak:0.00M | Scene, ViewLayer | Synchronizing object | Mesh_18
Fra:1 Mem:77.08M (Peak 77.17M) | Time:00:00.00 | Mem:0.00M, Peak:0.00M | Scene, ViewLayer | Synchronizing object | Mesh_19
Fra:1 Mem:79.44M (Peak 79.44M) | Time:00:00.00 | Mem:0.00M, Peak:0.00M | Scene, ViewLayer | Synchronizing object | Mesh_20
Fra:1 Mem:84.49M (Peak 85.77M) | Time:00:00.00 | Mem:0.00M, Peak:0.00M | Scene, ViewLayer | Initializing
Fra:1 Mem:84.45M (Peak 85.77M) | Time:00:00.00 | Mem:0.00M, Peak:0.00M | Scene, ViewLayer | Updating Images | Loading 6f64dc5f23c25de394aa7e16e5e32eea
Fra:1 Mem:84.45M (Peak 85.77M) | Time:00:00.00 | Mem:0.00M, Peak:0.00M | Scene, ViewLayer | Updating Images | Loading 424437e94f9e91f8b30cd110df137509
Fra:1 Mem:276.45M (Peak 276.45M) | Time:00:00.00 | Mem:0.00M, Peak:0.00M | Scene, ViewLayer | Updating Images | Loading a16774809e8025de1ea410d461175019
Fra:1 Mem:363.47M (Peak 409.46M) | Time:00:00.04 | Mem:23.00M, Peak:23.00M | Scene, ViewLayer | Updating Images | Loading 82172f0df74ed884585ea7e1e0ac3db4
Fra:1 Mem:811.49M (Peak 939.50M) | Time:00:00.13 | Mem:87.00M, Peak:87.00M | Scene, ViewLayer | Updating Images | Loading d6ba7a8a6dface2015f7b95825cf3202
Fra:1 Mem:747.48M (Peak 939.50M) | Time:00:00.13 | Mem:151.00M, Peak:151.00M | Scene, ViewLayer | Updating Images | Loading 99ec65919840ae6942c7be90a15efe6c
Fra:1 Mem:811.48M (Peak 939.50M) | Time:00:00.14 | Mem:215.00M, Peak:215.00M | Scene, ViewLayer | Updating Images | Loading a946a532384e7687116a5fdac5d04788
Fra:1 Mem:747.47M (Peak 939.50M) | Time:00:00.15 | Mem:279.00M, Peak:279.00M | Scene, ViewLayer | Updating Images | Loading e75100ac1b020a5e16a8be11acc4a800
Fra:1 Mem:683.47M (Peak 939.50M) | Time:00:00.17 | Mem:343.00M, Peak:343.00M | Scene, ViewLayer | Updating Images | Loading 286162989f88e9da0aefe1b8c2b08d7c
Fra:1 Mem:746.48M (Peak 1259.50M) | Time:00:00.31 | Mem:663.00M, Peak:663.00M | Scene, ViewLayer | Waiting for render to start
Fra:1 Mem:746.48M (Peak 1259.50M) | Time:00:00.31 | Mem:663.00M, Peak:663.00M | Scene, ViewLayer | Loading render kernels (may take a few minutes the first time)
Fra:1 Mem:746.48M (Peak 1259.50M) | Time:00:00.31 | Mem:663.00M, Peak:663.00M | Scene, ViewLayer | Updating Scene
Fra:1 Mem:746.48M (Peak 1259.50M) | Time:00:00.31 | Mem:663.00M, Peak:663.00M | Scene, ViewLayer | Updating Shaders
Fra:1 Mem:746.57M (Peak 1259.50M) | Time:00:00.31 | Mem:663.00M, Peak:663.00M | Scene, ViewLayer | Updating Procedurals
Fra:1 Mem:746.57M (Peak 1259.50M) | Time:00:00.31 | Mem:663.00M, Peak:663.00M | Scene, ViewLayer | Updating Background
Fra:1 Mem:746.57M (Peak 1259.50M) | Time:00:00.31 | Mem:663.00M, Peak:663.00M | Scene, ViewLayer | Updating Camera
Fra:1 Mem:746.57M (Peak 1259.50M) | Time:00:00.31 | Mem:663.00M, Peak:663.00M | Scene, ViewLayer | Updating Meshes Flags
Fra:1 Mem:746.57M (Peak 1259.50M) | Time:00:00.31 | Mem:663.00M, Peak:663.00M | Scene, ViewLayer | Updating Objects
Fra:1 Mem:746.57M (Peak 1259.50M) | Time:00:00.31 | Mem:663.00M, Peak:663.00M | Scene, ViewLayer | Updating Objects | Copying Transformations to device
Fra:1 Mem:746.57M (Peak 1259.50M) | Time:00:00.31 | Mem:663.00M, Peak:663.00M | Scene, ViewLayer | Updating Objects | Applying Static Transformations
Fra:1 Mem:746.57M (Peak 1259.50M) | Time:00:00.31 | Mem:663.00M, Peak:663.00M | Scene, ViewLayer | Updating Particle Systems
Fra:1 Mem:746.57M (Peak 1259.50M) | Time:00:00.31 | Mem:663.00M, Peak:663.00M | Scene, ViewLayer | Updating Particle Systems | Copying Particles to device
Fra:1 Mem:746.57M (Peak 1259.50M) | Time:00:00.31 | Mem:663.01M, Peak:663.01M | Scene, ViewLayer | Updating Meshes
Fra:1 Mem:750.64M (Peak 1259.50M) | Time:00:00.31 | Mem:663.01M, Peak:663.01M | Scene, ViewLayer | Updating Mesh | Computing attributes
Fra:1 Mem:756.76M (Peak 1259.50M) | Time:00:00.31 | Mem:663.01M, Peak:663.01M | Scene, ViewLayer | Updating Mesh | Copying Attributes to device
Fra:1 Mem:756.76M (Peak 1259.50M) | Time:00:00.31 | Mem:669.12M, Peak:669.12M | Scene, ViewLayer | Updating Scene BVH | Building
Fra:1 Mem:756.76M (Peak 1259.50M) | Time:00:00.31 | Mem:669.12M, Peak:669.12M | Scene, ViewLayer | Updating Scene BVH | Building BVH
Fra:1 Mem:756.76M (Peak 1259.50M) | Time:00:00.31 | Mem:677.27M, Peak:677.27M | Scene, ViewLayer | Updating Scene BVH | Building BVH 0%
Fra:1 Mem:756.76M (Peak 1259.50M) | Time:00:00.34 | Mem:686.99M, Peak:695.14M | Scene, ViewLayer | Updating Scene BVH | Copying BVH to device
Fra:1 Mem:756.76M (Peak 1259.50M) | Time:00:00.34 | Mem:686.99M, Peak:695.14M | Scene, ViewLayer | Updating Mesh | Computing normals
Fra:1 Mem:766.71M (Peak 1259.50M) | Time:00:00.34 | Mem:686.99M, Peak:695.14M | Scene, ViewLayer | Updating Mesh | Copying Mesh to device
Fra:1 Mem:766.71M (Peak 1259.50M) | Time:00:00.34 | Mem:696.94M, Peak:696.94M | Scene, ViewLayer | Updating Objects Flags
Fra:1 Mem:766.71M (Peak 1259.50M) | Time:00:00.34 | Mem:696.94M, Peak:696.94M | Scene, ViewLayer | Updating Primitive Offsets
Fra:1 Mem:766.71M (Peak 1259.50M) | Time:00:00.34 | Mem:696.94M, Peak:696.94M | Scene, ViewLayer | Updating Images
Fra:1 Mem:766.71M (Peak 1259.50M) | Time:00:00.34 | Mem:696.94M, Peak:696.94M | Scene, ViewLayer | Updating Camera Volume
Fra:1 Mem:766.71M (Peak 1259.50M) | Time:00:00.34 | Mem:696.94M, Peak:696.94M | Scene, ViewLayer | Updating Lookup Tables
Fra:1 Mem:766.71M (Peak 1259.50M) | Time:00:00.34 | Mem:697.02M, Peak:697.02M | Scene, ViewLayer | Updating Lights
Fra:1 Mem:766.71M (Peak 1259.50M) | Time:00:00.34 | Mem:697.02M, Peak:697.02M | Scene, ViewLayer | Updating Lights | Computing tree
Fra:1 Mem:816.62M (Peak 1259.50M) | Time:00:00.79 | Mem:746.93M, Peak:746.93M | Scene, ViewLayer | Updating Integrator
Fra:1 Mem:816.62M (Peak 1259.50M) | Time:00:00.79 | Mem:746.93M, Peak:746.93M | Scene, ViewLayer | Updating Film
Fra:1 Mem:816.62M (Peak 1259.50M) | Time:00:00.79 | Mem:746.85M, Peak:746.93M | Scene, ViewLayer | Updating Lookup Tables
Fra:1 Mem:816.62M (Peak 1259.50M) | Time:00:00.79 | Mem:746.94M, Peak:746.94M | Scene, ViewLayer | Updating Baking
Fra:1 Mem:816.62M (Peak 1259.50M) | Time:00:00.79 | Mem:746.94M, Peak:746.94M | Scene, ViewLayer | Updating Device | Writing constant memory
Fra:1 Mem:816.63M (Peak 1259.50M) | Time:00:00.79 | Mem:746.94M, Peak:746.94M | Scene, ViewLayer | Sample 0/8
Fra:1 Mem:853.73M (Peak 1259.50M) | Time:00:00.98 | Remaining:00:01.31 | Mem:784.03M, Peak:784.03M | Scene, ViewLayer | Sample 1/8
Fra:1 Mem:870.21M (Peak 1259.50M) | Time:00:02.17 | Mem:784.03M, Peak:784.03M | Scene, ViewLayer | Sample 8/8
Fra:1 Mem:870.21M (Peak 1259.50M) | Time:00:02.17 | Mem:784.03M, Peak:784.03M | Scene, ViewLayer | Finished
Saved: '/workspace/apartment-design/multiple-angles/living-room/angle-4.png'
Time: 00:02.28 (Saving: 00:00.11)

Fra:1 Mem:69.19M (Peak 69.19M) | Time:00:00.00 | Mem:0.00M, Peak:0.00M | Scene, ViewLayer | Synchronizing object | Mesh_11
Fra:1 Mem:69.20M (Peak 69.20M) | Time:00:00.00 | Mem:0.00M, Peak:0.00M | Scene, ViewLayer | Synchronizing object | Mesh_12
Fra:1 Mem:69.20M (Peak 69.20M) | Time:00:00.00 | Mem:0.00M, Peak:0.00M | Scene, ViewLayer | Synchronizing object | Mesh_13
Fra:1 Mem:75.06M (Peak 75.06M) | Time:00:00.00 | Mem:0.00M, Peak:0.00M | Scene, ViewLayer | Synchronizing object | Mesh_14
Fra:1 Mem:75.06M (Peak 75.06M) | Time:00:00.00 | Mem:0.00M, Peak:0.00M | Scene, ViewLayer | Synchronizing object | Mesh_15
Fra:1 Mem:76.65M (Peak 76.83M) | Time:00:00.00 | Mem:0.00M, Peak:0.00M | Scene, ViewLayer | Synchronizing object | Mesh_16
Fra:1 Mem:77.68M (Peak 77.68M) | Time:00:00.00 | Mem:0.00M, Peak:0.00M | Scene, ViewLayer | Synchronizing object | Mesh_20
Fra:1 Mem:80.23M (Peak 80.23M) | Time:00:00.00 | Mem:0.00M, Peak:0.00M | Scene, ViewLayer | Synchronizing object | Mesh_17
Fra:1 Mem:80.53M (Peak 80.53M) | Time:00:00.00 | Mem:0.00M, Peak:0.00M | Scene, ViewLayer | Synchronizing object | Mesh_18
Fra:1 Mem:80.71M (Peak 80.71M) | Time:00:00.00 | Mem:0.00M, Peak:0.00M | Scene, ViewLayer | Synchronizing object | Mesh_19
Fra:1 Mem:84.49M (Peak 85.36M) | Time:00:00.00 | Mem:0.00M, Peak:0.00M | Scene, ViewLayer | Initializing
Fra:1 Mem:84.45M (Peak 85.36M) | Time:00:00.00 | Mem:0.00M, Peak:0.00M | Scene, ViewLayer | Updating Images | Loading 82c34c5158e6b0b0a11a42ed684cacc2
Fra:1 Mem:84.45M (Peak 85.36M) | Time:00:00.00 | Mem:0.00M, Peak:0.00M | Scene, ViewLayer | Updating Images | Loading 6f64dc5f23c25de394aa7e16e5e32eea
Fra:1 Mem:84.45M (Peak 85.36M) | Time:00:00.00 | Mem:0.00M, Peak:0.00M | Scene, ViewLayer | Updating Images | Loading a16774809e8025de1ea410d461175019
Fra:1 Mem:363.47M (Peak 409.46M) | Time:00:00.05 | Mem:23.00M, Peak:23.00M | Scene, ViewLayer | Updating Images | Loading 82172f0df74ed884585ea7e1e0ac3db4
Fra:1 Mem:811.49M (Peak 939.50M) | Time:00:00.13 | Mem:87.00M, Peak:87.00M | Scene, ViewLayer | Updating Images | Loading d6ba7a8a6dface2015f7b95825cf3202
Fra:1 Mem:747.48M (Peak 939.50M) | Time:00:00.13 | Mem:151.00M, Peak:151.00M | Scene, ViewLayer | Updating Images | Loading 99ec65919840ae6942c7be90a15efe6c
Fra:1 Mem:683.47M (Peak 939.50M) | Time:00:00.14 | Mem:215.00M, Peak:215.00M | Scene, ViewLayer | Updating Images | Loading a946a532384e7687116a5fdac5d04788
Fra:1 Mem:619.47M (Peak 939.50M) | Time:00:00.14 | Mem:279.00M, Peak:279.00M | Scene, ViewLayer | Updating Images | Loading e75100ac1b020a5e16a8be11acc4a800
Fra:1 Mem:683.47M (Peak 939.50M) | Time:00:00.18 | Mem:343.00M, Peak:343.00M | Scene, ViewLayer | Updating Images | Loading 286162989f88e9da0aefe1b8c2b08d7c
Fra:1 Mem:746.48M (Peak 1259.50M) | Time:00:00.33 | Mem:663.00M, Peak:663.00M | Scene, ViewLayer | Waiting for render to start
Fra:1 Mem:746.48M (Peak 1259.50M) | Time:00:00.33 | Mem:663.00M, Peak:663.00M | Scene, ViewLayer | Loading render kernels (may take a few minutes the first time)
Fra:1 Mem:746.48M (Peak 1259.50M) | Time:00:00.33 | Mem:663.00M, Peak:663.00M | Scene, ViewLayer | Updating Scene
Fra:1 Mem:746.48M (Peak 1259.50M) | Time:00:00.33 | Mem:663.00M, Peak:663.00M | Scene, ViewLayer | Updating Shaders
Fra:1 Mem:746.57M (Peak 1259.50M) | Time:00:00.33 | Mem:663.00M, Peak:663.00M | Scene, ViewLayer | Updating Procedurals
Fra:1 Mem:746.57M (Peak 1259.50M) | Time:00:00.33 | Mem:663.00M, Peak:663.00M | Scene, ViewLayer | Updating Background
Fra:1 Mem:746.57M (Peak 1259.50M) | Time:00:00.33 | Mem:663.00M, Peak:663.00M | Scene, ViewLayer | Updating Camera
Fra:1 Mem:746.57M (Peak 1259.50M) | Time:00:00.33 | Mem:663.00M, Peak:663.00M | Scene, ViewLayer | Updating Meshes Flags
Fra:1 Mem:746.57M (Peak 1259.50M) | Time:00:00.33 | Mem:663.00M, Peak:663.00M | Scene, ViewLayer | Updating Objects
Fra:1 Mem:746.57M (Peak 1259.50M) | Time:00:00.33 | Mem:663.00M, Peak:663.00M | Scene, ViewLayer | Updating Objects | Copying Transformations to device
Fra:1 Mem:746.57M (Peak 1259.50M) | Time:00:00.33 | Mem:663.00M, Peak:663.00M | Scene, ViewLayer | Updating Objects | Applying Static Transformations
Fra:1 Mem:746.57M (Peak 1259.50M) | Time:00:00.33 | Mem:663.00M, Peak:663.00M | Scene, ViewLayer | Updating Particle Systems
Fra:1 Mem:746.57M (Peak 1259.50M) | Time:00:00.33 | Mem:663.00M, Peak:663.00M | Scene, ViewLayer | Updating Particle Systems | Copying Particles to device
Fra:1 Mem:746.57M (Peak 1259.50M) | Time:00:00.33 | Mem:663.01M, Peak:663.01M | Scene, ViewLayer | Updating Meshes
Fra:1 Mem:750.64M (Peak 1259.50M) | Time:00:00.33 | Mem:663.01M, Peak:663.01M | Scene, ViewLayer | Updating Mesh | Computing attributes
Fra:1 Mem:756.76M (Peak 1259.50M) | Time:00:00.34 | Mem:663.01M, Peak:663.01M | Scene, ViewLayer | Updating Mesh | Copying Attributes to device
Fra:1 Mem:756.76M (Peak 1259.50M) | Time:00:00.34 | Mem:669.12M, Peak:669.12M | Scene, ViewLayer | Updating Scene BVH | Building
Fra:1 Mem:756.76M (Peak 1259.50M) | Time:00:00.34 | Mem:669.12M, Peak:669.12M | Scene, ViewLayer | Updating Scene BVH | Building BVH
Fra:1 Mem:756.76M (Peak 1259.50M) | Time:00:00.34 | Mem:677.27M, Peak:677.27M | Scene, ViewLayer | Updating Scene BVH | Building BVH 0%
Fra:1 Mem:756.76M (Peak 1259.50M) | Time:00:00.36 | Mem:686.99M, Peak:695.14M | Scene, ViewLayer | Updating Scene BVH | Copying BVH to device
Fra:1 Mem:756.76M (Peak 1259.50M) | Time:00:00.36 | Mem:686.99M, Peak:695.14M | Scene, ViewLayer | Updating Mesh | Computing normals
Fra:1 Mem:766.71M (Peak 1259.50M) | Time:00:00.37 | Mem:686.99M, Peak:695.14M | Scene, ViewLayer | Updating Mesh | Copying Mesh to device
Fra:1 Mem:766.71M (Peak 1259.50M) | Time:00:00.37 | Mem:696.94M, Peak:696.94M | Scene, ViewLayer | Updating Objects Flags
Fra:1 Mem:766.71M (Peak 1259.50M) | Time:00:00.37 | Mem:696.94M, Peak:696.94M | Scene, ViewLayer | Updating Primitive Offsets
Fra:1 Mem:766.71M (Peak 1259.50M) | Time:00:00.37 | Mem:696.94M, Peak:696.94M | Scene, ViewLayer | Updating Images
Fra:1 Mem:766.71M (Peak 1259.50M) | Time:00:00.37 | Mem:696.94M, Peak:696.94M | Scene, ViewLayer | Updating Camera Volume
Fra:1 Mem:766.71M (Peak 1259.50M) | Time:00:00.37 | Mem:696.94M, Peak:696.94M | Scene, ViewLayer | Updating Lookup Tables
Fra:1 Mem:766.71M (Peak 1259.50M) | Time:00:00.37 | Mem:697.02M, Peak:697.02M | Scene, ViewLayer | Updating Lights
Fra:1 Mem:766.71M (Peak 1259.50M) | Time:00:00.37 | Mem:697.02M, Peak:697.02M | Scene, ViewLayer | Updating Lights | Computing tree
Fra:1 Mem:816.62M (Peak 1259.50M) | Time:00:00.83 | Mem:746.93M, Peak:746.93M | Scene, ViewLayer | Updating Integrator
Fra:1 Mem:816.62M (Peak 1259.50M) | Time:00:00.83 | Mem:746.93M, Peak:746.93M | Scene, ViewLayer | Updating Film
Fra:1 Mem:816.63M (Peak 1259.50M) | Time:00:00.83 | Mem:746.85M, Peak:746.93M | Scene, ViewLayer | Updating Lookup Tables
Fra:1 Mem:816.63M (Peak 1259.50M) | Time:00:00.83 | Mem:746.94M, Peak:746.94M | Scene, ViewLayer | Updating Baking
Fra:1 Mem:816.63M (Peak 1259.50M) | Time:00:00.83 | Mem:746.94M, Peak:746.94M | Scene, ViewLayer | Updating Device | Writing constant memory
Fra:1 Mem:816.63M (Peak 1259.50M) | Time:00:00.83 | Mem:746.94M, Peak:746.94M | Scene, ViewLayer | Sample 0/8
Fra:1 Mem:853.73M (Peak 1259.50M) | Time:00:01.03 | Remaining:00:01.37 | Mem:784.03M, Peak:784.03M | Scene, ViewLayer | Sample 1/8
Fra:1 Mem:870.21M (Peak 1259.50M) | Time:00:02.15 | Mem:784.03M, Peak:784.03M | Scene, ViewLayer | Sample 8/8
Fra:1 Mem:870.21M (Peak 1259.50M) | Time:00:02.15 | Mem:784.03M, Peak:784.03M | Scene, ViewLayer | Finished
Saved: '/workspace/apartment-design/multiple-angles/his-office/angle-1.png'
Time: 00:02.27 (Saving: 00:00.10)

Fra:1 Mem:69.19M (Peak 69.19M) | Time:00:00.00 | Mem:0.00M, Peak:0.00M | Scene, ViewLayer | Synchronizing object | Mesh_11
Fra:1 Mem:69.19M (Peak 69.19M) | Time:00:00.00 | Mem:0.00M, Peak:0.00M | Scene, ViewLayer | Synchronizing object | Mesh_14
Fra:1 Mem:69.20M (Peak 69.20M) | Time:00:00.00 | Mem:0.00M, Peak:0.00M | Scene, ViewLayer | Synchronizing object | Mesh_21
Fra:1 Mem:75.49M (Peak 75.49M) | Time:00:00.00 | Mem:0.00M, Peak:0.00M | Scene, ViewLayer | Synchronizing object | Mesh_15
Fra:1 Mem:76.38M (Peak 76.38M) | Time:00:00.00 | Mem:0.00M, Peak:0.00M | Scene, ViewLayer | Synchronizing object | Mesh_16
Fra:1 Mem:78.82M (Peak 78.82M) | Time:00:00.00 | Mem:0.00M, Peak:0.00M | Scene, ViewLayer | Synchronizing object | Mesh_17
Fra:1 Mem:79.03M (Peak 79.03M) | Time:00:00.00 | Mem:0.00M, Peak:0.00M | Scene, ViewLayer | Synchronizing object | Mesh_18
Fra:1 Mem:80.71M (Peak 80.71M) | Time:00:00.00 | Mem:0.00M, Peak:0.00M | Scene, ViewLayer | Synchronizing object | Mesh_19
Fra:1 Mem:81.98M (Peak 82.33M) | Time:00:00.00 | Mem:0.00M, Peak:0.00M | Scene, ViewLayer | Synchronizing object | Mesh_20
Fra:1 Mem:84.49M (Peak 84.85M) | Time:00:00.00 | Mem:0.00M, Peak:0.00M | Scene, ViewLayer | Initializing
Fra:1 Mem:84.45M (Peak 84.85M) | Time:00:00.00 | Mem:0.00M, Peak:0.00M | Scene, ViewLayer | Updating Images | Loading 82c34c5158e6b0b0a11a42ed684cacc2
Fra:1 Mem:84.45M (Peak 84.85M) | Time:00:00.00 | Mem:0.00M, Peak:0.00M | Scene, ViewLayer | Updating Images | Loading a682237f08f113c553587ed9f3adc739
Fra:1 Mem:84.45M (Peak 84.85M) | Time:00:00.00 | Mem:0.00M, Peak:0.00M | Scene, ViewLayer | Updating Images | Loading 6f64dc5f23c25de394aa7e16e5e32eea
Fra:1 Mem:84.45M (Peak 84.85M) | Time:00:00.00 | Mem:0.00M, Peak:0.00M | Scene, ViewLayer | Updating Images | Loading a16774809e8025de1ea410d461175019
Fra:1 Mem:363.47M (Peak 409.46M) | Time:00:00.03 | Mem:23.00M, Peak:23.00M | Scene, ViewLayer | Updating Images | Loading 82172f0df74ed884585ea7e1e0ac3db4
Fra:1 Mem:811.49M (Peak 939.50M) | Time:00:00.11 | Mem:87.00M, Peak:87.00M | Scene, ViewLayer | Updating Images | Loading d6ba7a8a6dface2015f7b95825cf3202
Fra:1 Mem:747.48M (Peak 939.50M) | Time:00:00.11 | Mem:151.00M, Peak:151.00M | Scene, ViewLayer | Updating Images | Loading 99ec65919840ae6942c7be90a15efe6c
Fra:1 Mem:683.47M (Peak 939.50M) | Time:00:00.12 | Mem:215.00M, Peak:215.00M | Scene, ViewLayer | Updating Images | Loading a946a532384e7687116a5fdac5d04788
Fra:1 Mem:747.47M (Peak 939.50M) | Time:00:00.12 | Mem:279.00M, Peak:279.00M | Scene, ViewLayer | Updating Images | Loading e75100ac1b020a5e16a8be11acc4a800
Fra:1 Mem:683.47M (Peak 939.50M) | Time:00:00.17 | Mem:343.00M, Peak:343.00M | Scene, ViewLayer | Updating Images | Loading 286162989f88e9da0aefe1b8c2b08d7c
Fra:1 Mem:746.48M (Peak 1259.50M) | Time:00:00.31 | Mem:663.00M, Peak:663.00M | Scene, ViewLayer | Waiting for render to start
Fra:1 Mem:746.48M (Peak 1259.50M) | Time:00:00.31 | Mem:663.00M, Peak:663.00M | Scene, ViewLayer | Loading render kernels (may take a few minutes the first time)
Fra:1 Mem:746.48M (Peak 1259.50M) | Time:00:00.31 | Mem:663.00M, Peak:663.00M | Scene, ViewLayer | Updating Scene
Fra:1 Mem:746.48M (Peak 1259.50M) | Time:00:00.31 | Mem:663.00M, Peak:663.00M | Scene, ViewLayer | Updating Shaders
Fra:1 Mem:746.57M (Peak 1259.50M) | Time:00:00.31 | Mem:663.00M, Peak:663.00M | Scene, ViewLayer | Updating Procedurals
Fra:1 Mem:746.57M (Peak 1259.50M) | Time:00:00.31 | Mem:663.00M, Peak:663.00M | Scene, ViewLayer | Updating Background
Fra:1 Mem:746.57M (Peak 1259.50M) | Time:00:00.31 | Mem:663.00M, Peak:663.00M | Scene, ViewLayer | Updating Camera
Fra:1 Mem:746.57M (Peak 1259.50M) | Time:00:00.31 | Mem:663.00M, Peak:663.00M | Scene, ViewLayer | Updating Meshes Flags
Fra:1 Mem:746.57M (Peak 1259.50M) | Time:00:00.31 | Mem:663.00M, Peak:663.00M | Scene, ViewLayer | Updating Objects
Fra:1 Mem:746.57M (Peak 1259.50M) | Time:00:00.31 | Mem:663.00M, Peak:663.00M | Scene, ViewLayer | Updating Objects | Copying Transformations to device
Fra:1 Mem:746.57M (Peak 1259.50M) | Time:00:00.31 | Mem:663.00M, Peak:663.00M | Scene, ViewLayer | Updating Objects | Applying Static Transformations
Fra:1 Mem:746.57M (Peak 1259.50M) | Time:00:00.31 | Mem:663.00M, Peak:663.00M | Scene, ViewLayer | Updating Particle Systems
Fra:1 Mem:746.57M (Peak 1259.50M) | Time:00:00.31 | Mem:663.00M, Peak:663.00M | Scene, ViewLayer | Updating Particle Systems | Copying Particles to device
Fra:1 Mem:746.57M (Peak 1259.50M) | Time:00:00.31 | Mem:663.01M, Peak:663.01M | Scene, ViewLayer | Updating Meshes
Fra:1 Mem:750.64M (Peak 1259.50M) | Time:00:00.32 | Mem:663.01M, Peak:663.01M | Scene, ViewLayer | Updating Mesh | Computing attributes
Fra:1 Mem:756.76M (Peak 1259.50M) | Time:00:00.32 | Mem:663.01M, Peak:663.01M | Scene, ViewLayer | Updating Mesh | Copying Attributes to device
Fra:1 Mem:756.76M (Peak 1259.50M) | Time:00:00.32 | Mem:669.12M, Peak:669.12M | Scene, ViewLayer | Updating Scene BVH | Building
Fra:1 Mem:756.76M (Peak 1259.50M) | Time:00:00.32 | Mem:669.12M, Peak:669.12M | Scene, ViewLayer | Updating Scene BVH | Building BVH
Fra:1 Mem:756.76M (Peak 1259.50M) | Time:00:00.32 | Mem:677.27M, Peak:677.27M | Scene, ViewLayer | Updating Scene BVH | Building BVH 0%
Fra:1 Mem:756.76M (Peak 1259.50M) | Time:00:00.35 | Mem:686.99M, Peak:695.14M | Scene, ViewLayer | Updating Scene BVH | Copying BVH to device
Fra:1 Mem:756.76M (Peak 1259.50M) | Time:00:00.35 | Mem:686.99M, Peak:695.14M | Scene, ViewLayer | Updating Mesh | Computing normals
Fra:1 Mem:766.71M (Peak 1259.50M) | Time:00:00.35 | Mem:686.99M, Peak:695.14M | Scene, ViewLayer | Updating Mesh | Copying Mesh to device
Fra:1 Mem:766.71M (Peak 1259.50M) | Time:00:00.35 | Mem:696.94M, Peak:696.94M | Scene, ViewLayer | Updating Objects Flags
Fra:1 Mem:766.71M (Peak 1259.50M) | Time:00:00.35 | Mem:696.94M, Peak:696.94M | Scene, ViewLayer | Updating Primitive Offsets
Fra:1 Mem:766.71M (Peak 1259.50M) | Time:00:00.35 | Mem:696.94M, Peak:696.94M | Scene, ViewLayer | Updating Images
Fra:1 Mem:766.71M (Peak 1259.50M) | Time:00:00.35 | Mem:696.94M, Peak:696.94M | Scene, ViewLayer | Updating Camera Volume
Fra:1 Mem:766.71M (Peak 1259.50M) | Time:00:00.35 | Mem:696.94M, Peak:696.94M | Scene, ViewLayer | Updating Lookup Tables
Fra:1 Mem:766.71M (Peak 1259.50M) | Time:00:00.35 | Mem:697.02M, Peak:697.02M | Scene, ViewLayer | Updating Lights
Fra:1 Mem:766.71M (Peak 1259.50M) | Time:00:00.35 | Mem:697.02M, Peak:697.02M | Scene, ViewLayer | Updating Lights | Computing tree
Fra:1 Mem:816.62M (Peak 1259.50M) | Time:00:00.78 | Mem:746.93M, Peak:746.93M | Scene, ViewLayer | Updating Integrator
Fra:1 Mem:816.62M (Peak 1259.50M) | Time:00:00.78 | Mem:746.93M, Peak:746.93M | Scene, ViewLayer | Updating Film
Fra:1 Mem:816.63M (Peak 1259.50M) | Time:00:00.78 | Mem:746.85M, Peak:746.93M | Scene, ViewLayer | Updating Lookup Tables
Fra:1 Mem:816.63M (Peak 1259.50M) | Time:00:00.78 | Mem:746.94M, Peak:746.94M | Scene, ViewLayer | Updating Baking
Fra:1 Mem:816.63M (Peak 1259.50M) | Time:00:00.78 | Mem:746.94M, Peak:746.94M | Scene, ViewLayer | Updating Device | Writing constant memory
Fra:1 Mem:816.63M (Peak 1259.50M) | Time:00:00.78 | Mem:746.94M, Peak:746.94M | Scene, ViewLayer | Sample 0/8
Fra:1 Mem:853.73M (Peak 1259.50M) | Time:00:00.97 | Remaining:00:01.35 | Mem:784.03M, Peak:784.03M | Scene, ViewLayer | Sample 1/8
Fra:1 Mem:870.21M (Peak 1259.50M) | Time:00:02.04 | Mem:784.03M, Peak:784.03M | Scene, ViewLayer | Sample 8/8
Fra:1 Mem:870.21M (Peak 1259.50M) | Time:00:02.04 | Mem:784.03M, Peak:784.03M | Scene, ViewLayer | Finished
Saved: '/workspace/apartment-design/multiple-angles/his-office/angle-2.png'
Time: 00:02.15 (Saving: 00:00.11)

Fra:1 Mem:69.19M (Peak 69.19M) | Time:00:00.00 | Mem:0.00M, Peak:0.00M | Scene, ViewLayer | Synchronizing object | Mesh_11
Fra:1 Mem:69.20M (Peak 69.20M) | Time:00:00.00 | Mem:0.00M, Peak:0.00M | Scene, ViewLayer | Synchronizing object | Mesh_13
Fra:1 Mem:70.04M (Peak 70.04M) | Time:00:00.00 | Mem:0.00M, Peak:0.00M | Scene, ViewLayer | Synchronizing object | Mesh_21
Fra:1 Mem:76.25M (Peak 76.25M) | Time:00:00.00 | Mem:0.00M, Peak:0.00M | Scene, ViewLayer | Synchronizing object | Mesh_15
Fra:1 Mem:77.10M (Peak 77.10M) | Time:00:00.00 | Mem:0.00M, Peak:0.00M | Scene, ViewLayer | Synchronizing object | Mesh_16
Fra:1 Mem:78.79M (Peak 78.79M) | Time:00:00.00 | Mem:0.00M, Peak:0.00M | Scene, ViewLayer | Synchronizing object | Mesh_17
Fra:1 Mem:79.08M (Peak 79.08M) | Time:00:00.00 | Mem:0.00M, Peak:0.00M | Scene, ViewLayer | Synchronizing object | Mesh_20
Fra:1 Mem:81.55M (Peak 81.55M) | Time:00:00.00 | Mem:0.00M, Peak:0.00M | Scene, ViewLayer | Synchronizing object | Mesh_18
Fra:1 Mem:81.17M (Peak 81.55M) | Time:00:00.00 | Mem:0.00M, Peak:0.00M | Scene, ViewLayer | Synchronizing object | Mesh_19
Fra:1 Mem:84.49M (Peak 85.54M) | Time:00:00.00 | Mem:0.00M, Peak:0.00M | Scene, ViewLayer | Initializing
Fra:1 Mem:84.45M (Peak 85.54M) | Time:00:00.00 | Mem:0.00M, Peak:0.00M | Scene, ViewLayer | Updating Images | Loading 82c34c5158e6b0b0a11a42ed684cacc2
Fra:1 Mem:84.45M (Peak 85.54M) | Time:00:00.00 | Mem:0.00M, Peak:0.00M | Scene, ViewLayer | Updating Images | Loading a682237f08f113c553587ed9f3adc739
Fra:1 Mem:84.45M (Peak 85.54M) | Time:00:00.00 | Mem:0.00M, Peak:0.00M | Scene, ViewLayer | Updating Images | Loading 424437e94f9e91f8b30cd110df137509
Fra:1 Mem:299.45M (Peak 299.45M) | Time:00:00.00 | Mem:0.00M, Peak:0.00M | Scene, ViewLayer | Updating Images | Loading a16774809e8025de1ea410d461175019
Fra:1 Mem:363.47M (Peak 409.46M) | Time:00:00.04 | Mem:23.00M, Peak:23.00M | Scene, ViewLayer | Updating Images | Loading 82172f0df74ed884585ea7e1e0ac3db4
Fra:1 Mem:811.49M (Peak 939.50M) | Time:00:00.10 | Mem:87.00M, Peak:87.00M | Scene, ViewLayer | Updating Images | Loading d6ba7a8a6dface2015f7b95825cf3202
Fra:1 Mem:747.48M (Peak 939.50M) | Time:00:00.11 | Mem:151.00M, Peak:151.00M | Scene, ViewLayer | Updating Images | Loading 99ec65919840ae6942c7be90a15efe6c
Fra:1 Mem:683.47M (Peak 939.50M) | Time:00:00.11 | Mem:215.00M, Peak:215.00M | Scene, ViewLayer | Updating Images | Loading a946a532384e7687116a5fdac5d04788
Fra:1 Mem:619.47M (Peak 939.50M) | Time:00:00.12 | Mem:279.00M, Peak:279.00M | Scene, ViewLayer | Updating Images | Loading e75100ac1b020a5e16a8be11acc4a800
Fra:1 Mem:683.47M (Peak 939.50M) | Time:00:00.15 | Mem:343.00M, Peak:343.00M | Scene, ViewLayer | Updating Images | Loading 286162989f88e9da0aefe1b8c2b08d7c
Fra:1 Mem:746.48M (Peak 1259.50M) | Time:00:00.28 | Mem:663.00M, Peak:663.00M | Scene, ViewLayer | Waiting for render to start
Fra:1 Mem:746.48M (Peak 1259.50M) | Time:00:00.28 | Mem:663.00M, Peak:663.00M | Scene, ViewLayer | Loading render kernels (may take a few minutes the first time)
Fra:1 Mem:746.48M (Peak 1259.50M) | Time:00:00.28 | Mem:663.00M, Peak:663.00M | Scene, ViewLayer | Updating Scene
Fra:1 Mem:746.48M (Peak 1259.50M) | Time:00:00.28 | Mem:663.00M, Peak:663.00M | Scene, ViewLayer | Updating Shaders
Fra:1 Mem:746.57M (Peak 1259.50M) | Time:00:00.28 | Mem:663.00M, Peak:663.00M | Scene, ViewLayer | Updating Procedurals
Fra:1 Mem:746.57M (Peak 1259.50M) | Time:00:00.28 | Mem:663.00M, Peak:663.00M | Scene, ViewLayer | Updating Background
Fra:1 Mem:746.57M (Peak 1259.50M) | Time:00:00.28 | Mem:663.00M, Peak:663.00M | Scene, ViewLayer | Updating Camera
Fra:1 Mem:746.57M (Peak 1259.50M) | Time:00:00.28 | Mem:663.00M, Peak:663.00M | Scene, ViewLayer | Updating Meshes Flags
Fra:1 Mem:746.57M (Peak 1259.50M) | Time:00:00.28 | Mem:663.00M, Peak:663.00M | Scene, ViewLayer | Updating Objects
Fra:1 Mem:746.57M (Peak 1259.50M) | Time:00:00.28 | Mem:663.00M, Peak:663.00M | Scene, ViewLayer | Updating Objects | Copying Transformations to device
Fra:1 Mem:746.57M (Peak 1259.50M) | Time:00:00.28 | Mem:663.00M, Peak:663.00M | Scene, ViewLayer | Updating Objects | Applying Static Transformations
Fra:1 Mem:746.57M (Peak 1259.50M) | Time:00:00.28 | Mem:663.00M, Peak:663.00M | Scene, ViewLayer | Updating Particle Systems
Fra:1 Mem:746.57M (Peak 1259.50M) | Time:00:00.28 | Mem:663.00M, Peak:663.00M | Scene, ViewLayer | Updating Particle Systems | Copying Particles to device
Fra:1 Mem:746.57M (Peak 1259.50M) | Time:00:00.28 | Mem:663.01M, Peak:663.01M | Scene, ViewLayer | Updating Meshes
Fra:1 Mem:750.64M (Peak 1259.50M) | Time:00:00.29 | Mem:663.01M, Peak:663.01M | Scene, ViewLayer | Updating Mesh | Computing attributes
Fra:1 Mem:756.76M (Peak 1259.50M) | Time:00:00.29 | Mem:663.01M, Peak:663.01M | Scene, ViewLayer | Updating Mesh | Copying Attributes to device
Fra:1 Mem:756.76M (Peak 1259.50M) | Time:00:00.29 | Mem:669.12M, Peak:669.12M | Scene, ViewLayer | Updating Scene BVH | Building
Fra:1 Mem:756.76M (Peak 1259.50M) | Time:00:00.29 | Mem:669.12M, Peak:669.12M | Scene, ViewLayer | Updating Scene BVH | Building BVH
Fra:1 Mem:756.76M (Peak 1259.50M) | Time:00:00.29 | Mem:677.27M, Peak:677.27M | Scene, ViewLayer | Updating Scene BVH | Building BVH 0%
Fra:1 Mem:756.76M (Peak 1259.50M) | Time:00:00.32 | Mem:686.99M, Peak:695.14M | Scene, ViewLayer | Updating Scene BVH | Copying BVH to device
Fra:1 Mem:756.76M (Peak 1259.50M) | Time:00:00.32 | Mem:686.99M, Peak:695.14M | Scene, ViewLayer | Updating Mesh | Computing normals
Fra:1 Mem:766.71M (Peak 1259.50M) | Time:00:00.33 | Mem:686.99M, Peak:695.14M | Scene, ViewLayer | Updating Mesh | Copying Mesh to device
Fra:1 Mem:766.71M (Peak 1259.50M) | Time:00:00.33 | Mem:696.94M, Peak:696.94M | Scene, ViewLayer | Updating Objects Flags
Fra:1 Mem:766.71M (Peak 1259.50M) | Time:00:00.33 | Mem:696.94M, Peak:696.94M | Scene, ViewLayer | Updating Primitive Offsets
Fra:1 Mem:766.71M (Peak 1259.50M) | Time:00:00.33 | Mem:696.94M, Peak:696.94M | Scene, ViewLayer | Updating Images
Fra:1 Mem:766.71M (Peak 1259.50M) | Time:00:00.33 | Mem:696.94M, Peak:696.94M | Scene, ViewLayer | Updating Camera Volume
Fra:1 Mem:766.71M (Peak 1259.50M) | Time:00:00.33 | Mem:696.94M, Peak:696.94M | Scene, ViewLayer | Updating Lookup Tables
Fra:1 Mem:766.71M (Peak 1259.50M) | Time:00:00.33 | Mem:697.02M, Peak:697.02M | Scene, ViewLayer | Updating Lights
Fra:1 Mem:766.71M (Peak 1259.50M) | Time:00:00.33 | Mem:697.02M, Peak:697.02M | Scene, ViewLayer | Updating Lights | Computing tree
Fra:1 Mem:816.62M (Peak 1259.50M) | Time:00:00.75 | Mem:746.93M, Peak:746.93M | Scene, ViewLayer | Updating Integrator
Fra:1 Mem:816.62M (Peak 1259.50M) | Time:00:00.75 | Mem:746.93M, Peak:746.93M | Scene, ViewLayer | Updating Film
Fra:1 Mem:816.63M (Peak 1259.50M) | Time:00:00.75 | Mem:746.85M, Peak:746.93M | Scene, ViewLayer | Updating Lookup Tables
Fra:1 Mem:816.63M (Peak 1259.50M) | Time:00:00.75 | Mem:746.94M, Peak:746.94M | Scene, ViewLayer | Updating Baking
Fra:1 Mem:816.63M (Peak 1259.50M) | Time:00:00.75 | Mem:746.94M, Peak:746.94M | Scene, ViewLayer | Updating Device | Writing constant memory
Fra:1 Mem:816.63M (Peak 1259.50M) | Time:00:00.75 | Mem:746.94M, Peak:746.94M | Scene, ViewLayer | Sample 0/8
Fra:1 Mem:853.73M (Peak 1259.50M) | Time:00:00.94 | Remaining:00:01.29 | Mem:784.03M, Peak:784.03M | Scene, ViewLayer | Sample 1/8
Fra:1 Mem:870.21M (Peak 1259.50M) | Time:00:02.11 | Mem:784.03M, Peak:784.03M | Scene, ViewLayer | Sample 8/8
Fra:1 Mem:870.21M (Peak 1259.50M) | Time:00:02.11 | Mem:784.03M, Peak:784.03M | Scene, ViewLayer | Finished
Saved: '/workspace/apartment-design/multiple-angles/his-office/angle-3.png'
Time: 00:02.23 (Saving: 00:00.11)

Fra:1 Mem:69.19M (Peak 69.19M) | Time:00:00.00 | Mem:0.00M, Peak:0.00M | Scene, ViewLayer | Synchronizing object | Mesh_11
Fra:1 Mem:69.19M (Peak 69.19M) | Time:00:00.00 | Mem:0.00M, Peak:0.00M | Scene, ViewLayer | Synchronizing object | Mesh_13
Fra:1 Mem:69.20M (Peak 69.20M) | Time:00:00.00 | Mem:0.00M, Peak:0.00M | Scene, ViewLayer | Synchronizing object | Mesh_14
Fra:1 Mem:70.48M (Peak 70.48M) | Time:00:00.00 | Mem:0.00M, Peak:0.00M | Scene, ViewLayer | Synchronizing object | Mesh_21
Fra:1 Mem:73.49M (Peak 73.49M) | Time:00:00.00 | Mem:0.00M, Peak:0.00M | Scene, ViewLayer | Synchronizing object | Mesh_15
Fra:1 Mem:76.74M (Peak 76.74M) | Time:00:00.00 | Mem:0.00M, Peak:0.00M | Scene, ViewLayer | Synchronizing object | Mesh_16
Fra:1 Mem:76.74M (Peak 76.74M) | Time:00:00.00 | Mem:0.00M, Peak:0.00M | Scene, ViewLayer | Synchronizing object | Mesh_17
Fra:1 Mem:78.10M (Peak 78.10M) | Time:00:00.00 | Mem:0.00M, Peak:0.00M | Scene, ViewLayer | Synchronizing object | Mesh_18
Fra:1 Mem:81.30M (Peak 81.30M) | Time:00:00.00 | Mem:0.00M, Peak:0.00M | Scene, ViewLayer | Synchronizing object | Mesh_20
Fra:1 Mem:82.14M (Peak 82.30M) | Time:00:00.00 | Mem:0.00M, Peak:0.00M | Scene, ViewLayer | Synchronizing object | Mesh_19
Fra:1 Mem:84.50M (Peak 85.51M) | Time:00:00.00 | Mem:0.00M, Peak:0.00M | Scene, ViewLayer | Initializing
Fra:1 Mem:84.45M (Peak 85.51M) | Time:00:00.00 | Mem:0.00M, Peak:0.00M | Scene, ViewLayer | Updating Images | Loading 82c34c5158e6b0b0a11a42ed684cacc2
Fra:1 Mem:84.45M (Peak 85.51M) | Time:00:00.00 | Mem:0.00M, Peak:0.00M | Scene, ViewLayer | Updating Images | Loading a682237f08f113c553587ed9f3adc739
Fra:1 Mem:84.45M (Peak 85.51M) | Time:00:00.00 | Mem:0.00M, Peak:0.00M | Scene, ViewLayer | Updating Images | Loading 6f64dc5f23c25de394aa7e16e5e32eea
Fra:1 Mem:84.45M (Peak 85.51M) | Time:00:00.00 | Mem:0.00M, Peak:0.00M | Scene, ViewLayer | Updating Images | Loading a16774809e8025de1ea410d461175019
Fra:1 Mem:363.47M (Peak 409.46M) | Time:00:00.04 | Mem:23.00M, Peak:23.00M | Scene, ViewLayer | Updating Images | Loading 82172f0df74ed884585ea7e1e0ac3db4
Fra:1 Mem:747.49M (Peak 811.49M) | Time:00:00.11 | Mem:87.00M, Peak:87.00M | Scene, ViewLayer | Updating Images | Loading d6ba7a8a6dface2015f7b95825cf3202
Fra:1 Mem:747.49M (Peak 1003.50M) | Time:00:00.16 | Mem:151.00M, Peak:151.00M | Scene, ViewLayer | Updating Images | Loading 99ec65919840ae6942c7be90a15efe6c
Fra:1 Mem:747.48M (Peak 1003.50M) | Time:00:00.16 | Mem:215.00M, Peak:215.00M | Scene, ViewLayer | Updating Images | Loading a946a532384e7687116a5fdac5d04788
Fra:1 Mem:747.47M (Peak 1003.50M) | Time:00:00.17 | Mem:279.00M, Peak:279.00M | Scene, ViewLayer | Updating Images | Loading 286162989f88e9da0aefe1b8c2b08d7c
Fra:1 Mem:683.47M (Peak 1003.50M) | Time:00:00.19 | Mem:343.00M, Peak:343.00M | Scene, ViewLayer | Updating Images | Loading e75100ac1b020a5e16a8be11acc4a800
Fra:1 Mem:746.48M (Peak 1131.49M) | Time:00:00.33 | Mem:663.00M, Peak:663.00M | Scene, ViewLayer | Waiting for render to start
Fra:1 Mem:746.48M (Peak 1131.49M) | Time:00:00.33 | Mem:663.00M, Peak:663.00M | Scene, ViewLayer | Loading render kernels (may take a few minutes the first time)
Fra:1 Mem:746.48M (Peak 1131.49M) | Time:00:00.33 | Mem:663.00M, Peak:663.00M | Scene, ViewLayer | Updating Scene
Fra:1 Mem:746.48M (Peak 1131.49M) | Time:00:00.33 | Mem:663.00M, Peak:663.00M | Scene, ViewLayer | Updating Shaders
Fra:1 Mem:746.57M (Peak 1131.49M) | Time:00:00.33 | Mem:663.00M, Peak:663.00M | Scene, ViewLayer | Updating Procedurals
Fra:1 Mem:746.57M (Peak 1131.49M) | Time:00:00.33 | Mem:663.00M, Peak:663.00M | Scene, ViewLayer | Updating Background
Fra:1 Mem:746.57M (Peak 1131.49M) | Time:00:00.33 | Mem:663.00M, Peak:663.00M | Scene, ViewLayer | Updating Camera
Fra:1 Mem:746.57M (Peak 1131.49M) | Time:00:00.33 | Mem:663.00M, Peak:663.00M | Scene, ViewLayer | Updating Meshes Flags
Fra:1 Mem:746.57M (Peak 1131.49M) | Time:00:00.33 | Mem:663.00M, Peak:663.00M | Scene, ViewLayer | Updating Objects
Fra:1 Mem:746.57M (Peak 1131.49M) | Time:00:00.33 | Mem:663.00M, Peak:663.00M | Scene, ViewLayer | Updating Objects | Copying Transformations to device
Fra:1 Mem:746.57M (Peak 1131.49M) | Time:00:00.33 | Mem:663.00M, Peak:663.00M | Scene, ViewLayer | Updating Objects | Applying Static Transformations
Fra:1 Mem:746.57M (Peak 1131.49M) | Time:00:00.33 | Mem:663.00M, Peak:663.00M | Scene, ViewLayer | Updating Particle Systems
Fra:1 Mem:746.57M (Peak 1131.49M) | Time:00:00.33 | Mem:663.00M, Peak:663.00M | Scene, ViewLayer | Updating Particle Systems | Copying Particles to device
Fra:1 Mem:746.57M (Peak 1131.49M) | Time:00:00.33 | Mem:663.01M, Peak:663.01M | Scene, ViewLayer | Updating Meshes
Fra:1 Mem:750.64M (Peak 1131.49M) | Time:00:00.33 | Mem:663.01M, Peak:663.01M | Scene, ViewLayer | Updating Mesh | Computing attributes
Fra:1 Mem:756.76M (Peak 1131.49M) | Time:00:00.33 | Mem:663.01M, Peak:663.01M | Scene, ViewLayer | Updating Mesh | Copying Attributes to device
Fra:1 Mem:756.76M (Peak 1131.49M) | Time:00:00.33 | Mem:669.12M, Peak:669.12M | Scene, ViewLayer | Updating Scene BVH | Building
Fra:1 Mem:756.76M (Peak 1131.49M) | Time:00:00.33 | Mem:669.12M, Peak:669.12M | Scene, ViewLayer | Updating Scene BVH | Building BVH
Fra:1 Mem:756.76M (Peak 1131.49M) | Time:00:00.33 | Mem:677.27M, Peak:677.27M | Scene, ViewLayer | Updating Scene BVH | Building BVH 0%
Fra:1 Mem:756.76M (Peak 1131.49M) | Time:00:00.36 | Mem:686.99M, Peak:695.14M | Scene, ViewLayer | Updating Scene BVH | Copying BVH to device
Fra:1 Mem:756.76M (Peak 1131.49M) | Time:00:00.36 | Mem:686.99M, Peak:695.14M | Scene, ViewLayer | Updating Mesh | Computing normals
Fra:1 Mem:766.71M (Peak 1131.49M) | Time:00:00.36 | Mem:686.99M, Peak:695.14M | Scene, ViewLayer | Updating Mesh | Copying Mesh to device
Fra:1 Mem:766.71M (Peak 1131.49M) | Time:00:00.36 | Mem:696.94M, Peak:696.94M | Scene, ViewLayer | Updating Objects Flags
Fra:1 Mem:766.71M (Peak 1131.49M) | Time:00:00.36 | Mem:696.94M, Peak:696.94M | Scene, ViewLayer | Updating Primitive Offsets
Fra:1 Mem:766.71M (Peak 1131.49M) | Time:00:00.36 | Mem:696.94M, Peak:696.94M | Scene, ViewLayer | Updating Images
Fra:1 Mem:766.71M (Peak 1131.49M) | Time:00:00.36 | Mem:696.94M, Peak:696.94M | Scene, ViewLayer | Updating Camera Volume
Fra:1 Mem:766.71M (Peak 1131.49M) | Time:00:00.36 | Mem:696.94M, Peak:696.94M | Scene, ViewLayer | Updating Lookup Tables
Fra:1 Mem:766.71M (Peak 1131.49M) | Time:00:00.36 | Mem:697.02M, Peak:697.02M | Scene, ViewLayer | Updating Lights
Fra:1 Mem:766.71M (Peak 1131.49M) | Time:00:00.36 | Mem:697.02M, Peak:697.02M | Scene, ViewLayer | Updating Lights | Computing tree
Fra:1 Mem:816.62M (Peak 1131.49M) | Time:00:00.83 | Mem:746.93M, Peak:746.93M | Scene, ViewLayer | Updating Integrator
Fra:1 Mem:816.62M (Peak 1131.49M) | Time:00:00.83 | Mem:746.93M, Peak:746.93M | Scene, ViewLayer | Updating Film
Fra:1 Mem:816.63M (Peak 1131.49M) | Time:00:00.83 | Mem:746.85M, Peak:746.93M | Scene, ViewLayer | Updating Lookup Tables
Fra:1 Mem:816.63M (Peak 1131.49M) | Time:00:00.83 | Mem:746.94M, Peak:746.94M | Scene, ViewLayer | Updating Baking
Fra:1 Mem:816.63M (Peak 1131.49M) | Time:00:00.83 | Mem:746.94M, Peak:746.94M | Scene, ViewLayer | Updating Device | Writing constant memory
Fra:1 Mem:816.63M (Peak 1131.49M) | Time:00:00.83 | Mem:746.94M, Peak:746.94M | Scene, ViewLayer | Sample 0/8
Fra:1 Mem:853.73M (Peak 1131.49M) | Time:00:01.02 | Remaining:00:01.32 | Mem:784.03M, Peak:784.03M | Scene, ViewLayer | Sample 1/8
Fra:1 Mem:870.21M (Peak 1131.49M) | Time:00:02.12 | Mem:784.03M, Peak:784.03M | Scene, ViewLayer | Sample 8/8
Fra:1 Mem:870.21M (Peak 1131.49M) | Time:00:02.12 | Mem:784.03M, Peak:784.03M | Scene, ViewLayer | Finished
Saved: '/workspace/apartment-design/multiple-angles/his-office/angle-4.png'
Time: 00:02.25 (Saving: 00:00.12)

Fra:1 Mem:69.19M (Peak 69.19M) | Time:00:00.00 | Mem:0.00M, Peak:0.00M | Scene, ViewLayer | Synchronizing object | Mesh_11
Fra:1 Mem:69.20M (Peak 69.20M) | Time:00:00.00 | Mem:0.00M, Peak:0.00M | Scene, ViewLayer | Synchronizing object | Mesh_21
Fra:1 Mem:75.38M (Peak 75.68M) | Time:00:00.00 | Mem:0.00M, Peak:0.00M | Scene, ViewLayer | Synchronizing object | Mesh_14
Fra:1 Mem:76.00M (Peak 76.00M) | Time:00:00.00 | Mem:0.00M, Peak:0.00M | Scene, ViewLayer | Synchronizing object | Mesh_15
Fra:1 Mem:75.99M (Peak 76.00M) | Time:00:00.00 | Mem:0.00M, Peak:0.00M | Scene, ViewLayer | Synchronizing object | Mesh_16
Fra:1 Mem:77.82M (Peak 77.82M) | Time:00:00.00 | Mem:0.00M, Peak:0.00M | Scene, ViewLayer | Synchronizing object | Mesh_17
Fra:1 Mem:79.23M (Peak 79.72M) | Time:00:00.00 | Mem:0.00M, Peak:0.00M | Scene, ViewLayer | Synchronizing object | Mesh_18
Fra:1 Mem:80.83M (Peak 81.20M) | Time:00:00.00 | Mem:0.00M, Peak:0.00M | Scene, ViewLayer | Synchronizing object | Mesh_19
Fra:1 Mem:82.20M (Peak 82.20M) | Time:00:00.00 | Mem:0.00M, Peak:0.00M | Scene, ViewLayer | Synchronizing object | Mesh_20
Fra:1 Mem:84.50M (Peak 84.85M) | Time:00:00.00 | Mem:0.00M, Peak:0.00M | Scene, ViewLayer | Initializing
Fra:1 Mem:84.45M (Peak 84.85M) | Time:00:00.00 | Mem:0.00M, Peak:0.00M | Scene, ViewLayer | Updating Images | Loading 82c34c5158e6b0b0a11a42ed684cacc2
Fra:1 Mem:84.45M (Peak 84.85M) | Time:00:00.00 | Mem:0.00M, Peak:0.00M | Scene, ViewLayer | Updating Images | Loading a682237f08f113c553587ed9f3adc739
Fra:1 Mem:84.45M (Peak 84.85M) | Time:00:00.00 | Mem:0.00M, Peak:0.00M | Scene, ViewLayer | Updating Images | Loading 6f64dc5f23c25de394aa7e16e5e32eea
Fra:1 Mem:84.45M (Peak 84.85M) | Time:00:00.00 | Mem:0.00M, Peak:0.00M | Scene, ViewLayer | Updating Images | Loading 424437e94f9e91f8b30cd110df137509
Fra:1 Mem:299.45M (Peak 299.45M) | Time:00:00.01 | Mem:0.00M, Peak:0.00M | Scene, ViewLayer | Updating Images | Loading a16774809e8025de1ea410d461175019
Fra:1 Mem:363.47M (Peak 409.46M) | Time:00:00.06 | Mem:23.00M, Peak:23.00M | Scene, ViewLayer | Updating Images | Loading 82172f0df74ed884585ea7e1e0ac3db4
Fra:1 Mem:811.49M (Peak 939.50M) | Time:00:00.10 | Mem:87.00M, Peak:87.00M | Scene, ViewLayer | Updating Images | Loading d6ba7a8a6dface2015f7b95825cf3202
Fra:1 Mem:747.48M (Peak 939.50M) | Time:00:00.11 | Mem:151.00M, Peak:151.00M | Scene, ViewLayer | Updating Images | Loading 99ec65919840ae6942c7be90a15efe6c
Fra:1 Mem:683.47M (Peak 939.50M) | Time:00:00.13 | Mem:215.00M, Peak:215.00M | Scene, ViewLayer | Updating Images | Loading a946a532384e7687116a5fdac5d04788
Fra:1 Mem:619.47M (Peak 939.50M) | Time:00:00.13 | Mem:279.00M, Peak:279.00M | Scene, ViewLayer | Updating Images | Loading e75100ac1b020a5e16a8be11acc4a800
Fra:1 Mem:683.47M (Peak 939.50M) | Time:00:00.17 | Mem:343.00M, Peak:343.00M | Scene, ViewLayer | Updating Images | Loading 286162989f88e9da0aefe1b8c2b08d7c
Fra:1 Mem:746.48M (Peak 1131.49M) | Time:00:00.30 | Mem:663.00M, Peak:663.00M | Scene, ViewLayer | Waiting for render to start
Fra:1 Mem:746.48M (Peak 1131.49M) | Time:00:00.30 | Mem:663.00M, Peak:663.00M | Scene, ViewLayer | Loading render kernels (may take a few minutes the first time)
Fra:1 Mem:746.48M (Peak 1131.49M) | Time:00:00.30 | Mem:663.00M, Peak:663.00M | Scene, ViewLayer | Updating Scene
Fra:1 Mem:746.48M (Peak 1131.49M) | Time:00:00.30 | Mem:663.00M, Peak:663.00M | Scene, ViewLayer | Updating Shaders
Fra:1 Mem:746.57M (Peak 1131.49M) | Time:00:00.30 | Mem:663.00M, Peak:663.00M | Scene, ViewLayer | Updating Procedurals
Fra:1 Mem:746.57M (Peak 1131.49M) | Time:00:00.30 | Mem:663.00M, Peak:663.00M | Scene, ViewLayer | Updating Background
Fra:1 Mem:746.57M (Peak 1131.49M) | Time:00:00.30 | Mem:663.00M, Peak:663.00M | Scene, ViewLayer | Updating Camera
Fra:1 Mem:746.57M (Peak 1131.49M) | Time:00:00.30 | Mem:663.00M, Peak:663.00M | Scene, ViewLayer | Updating Meshes Flags
Fra:1 Mem:746.57M (Peak 1131.49M) | Time:00:00.30 | Mem:663.00M, Peak:663.00M | Scene, ViewLayer | Updating Objects
Fra:1 Mem:746.57M (Peak 1131.49M) | Time:00:00.30 | Mem:663.00M, Peak:663.00M | Scene, ViewLayer | Updating Objects | Copying Transformations to device
Fra:1 Mem:746.57M (Peak 1131.49M) | Time:00:00.30 | Mem:663.00M, Peak:663.00M | Scene, ViewLayer | Updating Objects | Applying Static Transformations
Fra:1 Mem:746.57M (Peak 1131.49M) | Time:00:00.30 | Mem:663.00M, Peak:663.00M | Scene, ViewLayer | Updating Particle Systems
Fra:1 Mem:746.57M (Peak 1131.49M) | Time:00:00.30 | Mem:663.00M, Peak:663.00M | Scene, ViewLayer | Updating Particle Systems | Copying Particles to device
Fra:1 Mem:746.57M (Peak 1131.49M) | Time:00:00.30 | Mem:663.01M, Peak:663.01M | Scene, ViewLayer | Updating Meshes
Fra:1 Mem:750.64M (Peak 1131.49M) | Time:00:00.30 | Mem:663.01M, Peak:663.01M | Scene, ViewLayer | Updating Mesh | Computing attributes
Fra:1 Mem:756.76M (Peak 1131.49M) | Time:00:00.30 | Mem:663.01M, Peak:663.01M | Scene, ViewLayer | Updating Mesh | Copying Attributes to device
Fra:1 Mem:756.76M (Peak 1131.49M) | Time:00:00.30 | Mem:669.12M, Peak:669.12M | Scene, ViewLayer | Updating Scene BVH | Building
Fra:1 Mem:756.76M (Peak 1131.49M) | Time:00:00.30 | Mem:669.12M, Peak:669.12M | Scene, ViewLayer | Updating Scene BVH | Building BVH
Fra:1 Mem:756.76M (Peak 1131.49M) | Time:00:00.30 | Mem:677.27M, Peak:677.27M | Scene, ViewLayer | Updating Scene BVH | Building BVH 0%
Fra:1 Mem:756.76M (Peak 1131.49M) | Time:00:00.33 | Mem:686.99M, Peak:695.14M | Scene, ViewLayer | Updating Scene BVH | Copying BVH to device
Fra:1 Mem:756.76M (Peak 1131.49M) | Time:00:00.33 | Mem:686.99M, Peak:695.14M | Scene, ViewLayer | Updating Mesh | Computing normals
Fra:1 Mem:766.71M (Peak 1131.49M) | Time:00:00.33 | Mem:686.99M, Peak:695.14M | Scene, ViewLayer | Updating Mesh | Copying Mesh to device
Fra:1 Mem:766.71M (Peak 1131.49M) | Time:00:00.33 | Mem:696.94M, Peak:696.94M | Scene, ViewLayer | Updating Objects Flags
Fra:1 Mem:766.71M (Peak 1131.49M) | Time:00:00.33 | Mem:696.94M, Peak:696.94M | Scene, ViewLayer | Updating Primitive Offsets
Fra:1 Mem:766.71M (Peak 1131.49M) | Time:00:00.33 | Mem:696.94M, Peak:696.94M | Scene, ViewLayer | Updating Images
Fra:1 Mem:766.71M (Peak 1131.49M) | Time:00:00.33 | Mem:696.94M, Peak:696.94M | Scene, ViewLayer | Updating Camera Volume
Fra:1 Mem:766.71M (Peak 1131.49M) | Time:00:00.33 | Mem:696.94M, Peak:696.94M | Scene, ViewLayer | Updating Lookup Tables
Fra:1 Mem:766.71M (Peak 1131.49M) | Time:00:00.33 | Mem:697.02M, Peak:697.02M | Scene, ViewLayer | Updating Lights
Fra:1 Mem:766.71M (Peak 1131.49M) | Time:00:00.33 | Mem:697.02M, Peak:697.02M | Scene, ViewLayer | Updating Lights | Computing tree
Fra:1 Mem:816.62M (Peak 1131.49M) | Time:00:00.75 | Mem:746.93M, Peak:746.93M | Scene, ViewLayer | Updating Integrator
Fra:1 Mem:816.62M (Peak 1131.49M) | Time:00:00.75 | Mem:746.93M, Peak:746.93M | Scene, ViewLayer | Updating Film
Fra:1 Mem:816.63M (Peak 1131.49M) | Time:00:00.75 | Mem:746.85M, Peak:746.93M | Scene, ViewLayer | Updating Lookup Tables
Fra:1 Mem:816.63M (Peak 1131.49M) | Time:00:00.75 | Mem:746.94M, Peak:746.94M | Scene, ViewLayer | Updating Baking
Fra:1 Mem:816.63M (Peak 1131.49M) | Time:00:00.75 | Mem:746.94M, Peak:746.94M | Scene, ViewLayer | Updating Device | Writing constant memory
Fra:1 Mem:816.63M (Peak 1131.49M) | Time:00:00.75 | Mem:746.94M, Peak:746.94M | Scene, ViewLayer | Sample 0/8
Fra:1 Mem:853.73M (Peak 1131.49M) | Time:00:00.91 | Remaining:00:01.14 | Mem:784.03M, Peak:784.03M | Scene, ViewLayer | Sample 1/8
Fra:1 Mem:870.21M (Peak 1131.49M) | Time:00:02.03 | Mem:784.03M, Peak:784.03M | Scene, ViewLayer | Sample 8/8
Fra:1 Mem:870.21M (Peak 1131.49M) | Time:00:02.03 | Mem:784.03M, Peak:784.03M | Scene, ViewLayer | Finished
Saved: '/workspace/apartment-design/multiple-angles/her-office/angle-1.png'
Time: 00:02.14 (Saving: 00:00.09)

Fra:1 Mem:69.20M (Peak 69.20M) | Time:00:00.00 | Mem:0.00M, Peak:0.00M | Scene, ViewLayer | Synchronizing object | Mesh_11
Fra:1 Mem:69.20M (Peak 69.20M) | Time:00:00.00 | Mem:0.00M, Peak:0.00M | Scene, ViewLayer | Synchronizing object | Mesh_21
Fra:1 Mem:74.55M (Peak 74.55M) | Time:00:00.00 | Mem:0.00M, Peak:0.00M | Scene, ViewLayer | Synchronizing object | Mesh_15
Fra:1 Mem:77.05M (Peak 77.47M) | Time:00:00.00 | Mem:0.00M, Peak:0.00M | Scene, ViewLayer | Synchronizing object | Mesh_16
Fra:1 Mem:78.64M (Peak 78.64M) | Time:00:00.00 | Mem:0.00M, Peak:0.00M | Scene, ViewLayer | Synchronizing object | Mesh_17
Fra:1 Mem:79.96M (Peak 79.96M) | Time:00:00.00 | Mem:0.00M, Peak:0.00M | Scene, ViewLayer | Synchronizing object | Mesh_18
Fra:1 Mem:79.89M (Peak 79.96M) | Time:00:00.00 | Mem:0.00M, Peak:0.00M | Scene, ViewLayer | Synchronizing object | Mesh_20
Fra:1 Mem:81.23M (Peak 81.23M) | Time:00:00.00 | Mem:0.00M, Peak:0.00M | Scene, ViewLayer | Synchronizing object | Mesh_19
Fra:1 Mem:84.50M (Peak 85.69M) | Time:00:00.00 | Mem:0.00M, Peak:0.00M | Scene, ViewLayer | Initializing
Fra:1 Mem:84.45M (Peak 85.69M) | Time:00:00.00 | Mem:0.00M, Peak:0.00M | Scene, ViewLayer | Updating Images | Loading 82c34c5158e6b0b0a11a42ed684cacc2
Fra:1 Mem:84.45M (Peak 85.69M) | Time:00:00.00 | Mem:0.00M, Peak:0.00M | Scene, ViewLayer | Updating Images | Loading 6f64dc5f23c25de394aa7e16e5e32eea
Fra:1 Mem:84.45M (Peak 85.69M) | Time:00:00.00 | Mem:0.00M, Peak:0.00M | Scene, ViewLayer | Updating Images | Loading a16774809e8025de1ea410d461175019
Fra:1 Mem:363.47M (Peak 409.46M) | Time:00:00.04 | Mem:23.00M, Peak:23.00M | Scene, ViewLayer | Updating Images | Loading 82172f0df74ed884585ea7e1e0ac3db4
Fra:1 Mem:811.49M (Peak 939.50M) | Time:00:00.10 | Mem:87.00M, Peak:87.00M | Scene, ViewLayer | Updating Images | Loading d6ba7a8a6dface2015f7b95825cf3202
Fra:1 Mem:747.48M (Peak 939.50M) | Time:00:00.10 | Mem:151.00M, Peak:151.00M | Scene, ViewLayer | Updating Images | Loading 99ec65919840ae6942c7be90a15efe6c
Fra:1 Mem:619.48M (Peak 939.50M) | Time:00:00.11 | Mem:215.00M, Peak:215.00M | Scene, ViewLayer | Updating Images | Loading a946a532384e7687116a5fdac5d04788
Fra:1 Mem:555.47M (Peak 939.50M) | Time:00:00.11 | Mem:279.00M, Peak:279.00M | Scene, ViewLayer | Updating Images | Loading e75100ac1b020a5e16a8be11acc4a800
Fra:1 Mem:683.47M (Peak 939.50M) | Time:00:00.16 | Mem:343.00M, Peak:343.00M | Scene, ViewLayer | Updating Images | Loading 286162989f88e9da0aefe1b8c2b08d7c
Fra:1 Mem:746.48M (Peak 1259.50M) | Time:00:00.27 | Mem:663.00M, Peak:663.00M | Scene, ViewLayer | Waiting for render to start
Fra:1 Mem:746.48M (Peak 1259.50M) | Time:00:00.27 | Mem:663.00M, Peak:663.00M | Scene, ViewLayer | Loading render kernels (may take a few minutes the first time)
Fra:1 Mem:746.48M (Peak 1259.50M) | Time:00:00.27 | Mem:663.00M, Peak:663.00M | Scene, ViewLayer | Updating Scene
Fra:1 Mem:746.48M (Peak 1259.50M) | Time:00:00.27 | Mem:663.00M, Peak:663.00M | Scene, ViewLayer | Updating Shaders
Fra:1 Mem:746.57M (Peak 1259.50M) | Time:00:00.27 | Mem:663.00M, Peak:663.00M | Scene, ViewLayer | Updating Procedurals
Fra:1 Mem:746.57M (Peak 1259.50M) | Time:00:00.27 | Mem:663.00M, Peak:663.00M | Scene, ViewLayer | Updating Background
Fra:1 Mem:746.57M (Peak 1259.50M) | Time:00:00.27 | Mem:663.00M, Peak:663.00M | Scene, ViewLayer | Updating Camera
Fra:1 Mem:746.57M (Peak 1259.50M) | Time:00:00.27 | Mem:663.00M, Peak:663.00M | Scene, ViewLayer | Updating Meshes Flags
Fra:1 Mem:746.57M (Peak 1259.50M) | Time:00:00.27 | Mem:663.00M, Peak:663.00M | Scene, ViewLayer | Updating Objects
Fra:1 Mem:746.57M (Peak 1259.50M) | Time:00:00.27 | Mem:663.00M, Peak:663.00M | Scene, ViewLayer | Updating Objects | Copying Transformations to device
Fra:1 Mem:746.57M (Peak 1259.50M) | Time:00:00.27 | Mem:663.00M, Peak:663.00M | Scene, ViewLayer | Updating Objects | Applying Static Transformations
Fra:1 Mem:746.57M (Peak 1259.50M) | Time:00:00.27 | Mem:663.00M, Peak:663.00M | Scene, ViewLayer | Updating Particle Systems
Fra:1 Mem:746.57M (Peak 1259.50M) | Time:00:00.27 | Mem:663.00M, Peak:663.00M | Scene, ViewLayer | Updating Particle Systems | Copying Particles to device
Fra:1 Mem:746.57M (Peak 1259.50M) | Time:00:00.27 | Mem:663.01M, Peak:663.01M | Scene, ViewLayer | Updating Meshes
Fra:1 Mem:750.65M (Peak 1259.50M) | Time:00:00.28 | Mem:663.01M, Peak:663.01M | Scene, ViewLayer | Updating Mesh | Computing attributes
Fra:1 Mem:756.76M (Peak 1259.50M) | Time:00:00.28 | Mem:663.01M, Peak:663.01M | Scene, ViewLayer | Updating Mesh | Copying Attributes to device
Fra:1 Mem:756.76M (Peak 1259.50M) | Time:00:00.28 | Mem:669.12M, Peak:669.12M | Scene, ViewLayer | Updating Scene BVH | Building
Fra:1 Mem:756.76M (Peak 1259.50M) | Time:00:00.28 | Mem:669.12M, Peak:669.12M | Scene, ViewLayer | Updating Scene BVH | Building BVH
Fra:1 Mem:756.76M (Peak 1259.50M) | Time:00:00.28 | Mem:677.27M, Peak:677.27M | Scene, ViewLayer | Updating Scene BVH | Building BVH 0%
Fra:1 Mem:756.76M (Peak 1259.50M) | Time:00:00.32 | Mem:686.99M, Peak:695.14M | Scene, ViewLayer | Updating Scene BVH | Copying BVH to device
Fra:1 Mem:756.76M (Peak 1259.50M) | Time:00:00.32 | Mem:686.99M, Peak:695.14M | Scene, ViewLayer | Updating Mesh | Computing normals
Fra:1 Mem:766.71M (Peak 1259.50M) | Time:00:00.32 | Mem:686.99M, Peak:695.14M | Scene, ViewLayer | Updating Mesh | Copying Mesh to device
Fra:1 Mem:766.71M (Peak 1259.50M) | Time:00:00.32 | Mem:696.94M, Peak:696.94M | Scene, ViewLayer | Updating Objects Flags
Fra:1 Mem:766.71M (Peak 1259.50M) | Time:00:00.32 | Mem:696.94M, Peak:696.94M | Scene, ViewLayer | Updating Primitive Offsets
Fra:1 Mem:766.71M (Peak 1259.50M) | Time:00:00.32 | Mem:696.94M, Peak:696.94M | Scene, ViewLayer | Updating Images
Fra:1 Mem:766.71M (Peak 1259.50M) | Time:00:00.32 | Mem:696.94M, Peak:696.94M | Scene, ViewLayer | Updating Camera Volume
Fra:1 Mem:766.71M (Peak 1259.50M) | Time:00:00.32 | Mem:696.94M, Peak:696.94M | Scene, ViewLayer | Updating Lookup Tables
Fra:1 Mem:766.71M (Peak 1259.50M) | Time:00:00.32 | Mem:697.02M, Peak:697.02M | Scene, ViewLayer | Updating Lights
Fra:1 Mem:766.71M (Peak 1259.50M) | Time:00:00.32 | Mem:697.02M, Peak:697.02M | Scene, ViewLayer | Updating Lights | Computing tree
Fra:1 Mem:816.62M (Peak 1259.50M) | Time:00:00.75 | Mem:746.93M, Peak:746.93M | Scene, ViewLayer | Updating Integrator
Fra:1 Mem:816.62M (Peak 1259.50M) | Time:00:00.75 | Mem:746.93M, Peak:746.93M | Scene, ViewLayer | Updating Film
Fra:1 Mem:816.63M (Peak 1259.50M) | Time:00:00.75 | Mem:746.85M, Peak:746.93M | Scene, ViewLayer | Updating Lookup Tables
Fra:1 Mem:816.63M (Peak 1259.50M) | Time:00:00.75 | Mem:746.94M, Peak:746.94M | Scene, ViewLayer | Updating Baking
Fra:1 Mem:816.63M (Peak 1259.50M) | Time:00:00.75 | Mem:746.94M, Peak:746.94M | Scene, ViewLayer | Updating Device | Writing constant memory
Fra:1 Mem:816.63M (Peak 1259.50M) | Time:00:00.75 | Mem:746.94M, Peak:746.94M | Scene, ViewLayer | Sample 0/8
Fra:1 Mem:853.73M (Peak 1259.50M) | Time:00:00.95 | Remaining:00:01.45 | Mem:784.03M, Peak:784.03M | Scene, ViewLayer | Sample 1/8
Fra:1 Mem:870.21M (Peak 1259.50M) | Time:00:02.07 | Mem:784.03M, Peak:784.03M | Scene, ViewLayer | Sample 8/8
Fra:1 Mem:870.21M (Peak 1259.50M) | Time:00:02.07 | Mem:784.03M, Peak:784.03M | Scene, ViewLayer | Finished
Saved: '/workspace/apartment-design/multiple-angles/her-office/angle-2.png'
Time: 00:02.17 (Saving: 00:00.09)

Fra:1 Mem:69.20M (Peak 69.20M) | Time:00:00.00 | Mem:0.00M, Peak:0.00M | Scene, ViewLayer | Synchronizing object | Mesh_11
Fra:1 Mem:69.20M (Peak 69.20M) | Time:00:00.00 | Mem:0.00M, Peak:0.00M | Scene, ViewLayer | Synchronizing object | Mesh_21
Fra:1 Mem:74.80M (Peak 74.80M) | Time:00:00.00 | Mem:0.00M, Peak:0.00M | Scene, ViewLayer | Synchronizing object | Mesh_14
Fra:1 Mem:75.23M (Peak 75.23M) | Time:00:00.00 | Mem:0.00M, Peak:0.00M | Scene, ViewLayer | Synchronizing object | Mesh_15
Fra:1 Mem:78.75M (Peak 78.75M) | Time:00:00.00 | Mem:0.00M, Peak:0.00M | Scene, ViewLayer | Synchronizing object | Mesh_16
Fra:1 Mem:78.52M (Peak 78.75M) | Time:00:00.00 | Mem:0.00M, Peak:0.00M | Scene, ViewLayer | Synchronizing object | Mesh_20
Fra:1 Mem:78.17M (Peak 78.75M) | Time:00:00.00 | Mem:0.00M, Peak:0.00M | Scene, ViewLayer | Synchronizing object | Mesh_17
Fra:1 Mem:79.55M (Peak 79.55M) | Time:00:00.00 | Mem:0.00M, Peak:0.00M | Scene, ViewLayer | Synchronizing object | Mesh_18
Fra:1 Mem:81.74M (Peak 82.12M) | Time:00:00.00 | Mem:0.00M, Peak:0.00M | Scene, ViewLayer | Synchronizing object | Mesh_19
Fra:1 Mem:84.50M (Peak 85.03M) | Time:00:00.00 | Mem:0.00M, Peak:0.00M | Scene, ViewLayer | Initializing
Fra:1 Mem:84.45M (Peak 85.03M) | Time:00:00.00 | Mem:0.00M, Peak:0.00M | Scene, ViewLayer | Updating Images | Loading 82c34c5158e6b0b0a11a42ed684cacc2
Fra:1 Mem:84.45M (Peak 85.03M) | Time:00:00.00 | Mem:0.00M, Peak:0.00M | Scene, ViewLayer | Updating Images | Loading a682237f08f113c553587ed9f3adc739
Fra:1 Mem:84.45M (Peak 85.03M) | Time:00:00.00 | Mem:0.00M, Peak:0.00M | Scene, ViewLayer | Updating Images | Loading 424437e94f9e91f8b30cd110df137509
Fra:1 Mem:299.45M (Peak 299.45M) | Time:00:00.01 | Mem:0.00M, Peak:0.00M | Scene, ViewLayer | Updating Images | Loading a16774809e8025de1ea410d461175019
Fra:1 Mem:363.47M (Peak 409.46M) | Time:00:00.04 | Mem:23.00M, Peak:23.00M | Scene, ViewLayer | Updating Images | Loading 82172f0df74ed884585ea7e1e0ac3db4
Fra:1 Mem:683.49M (Peak 939.50M) | Time:00:00.11 | Mem:87.00M, Peak:87.00M | Scene, ViewLayer | Updating Images | Loading d6ba7a8a6dface2015f7b95825cf3202
Fra:1 Mem:683.48M (Peak 939.50M) | Time:00:00.11 | Mem:151.00M, Peak:151.00M | Scene, ViewLayer | Updating Images | Loading 99ec65919840ae6942c7be90a15efe6c
Fra:1 Mem:683.48M (Peak 939.50M) | Time:00:00.11 | Mem:215.00M, Peak:215.00M | Scene, ViewLayer | Updating Images | Loading a946a532384e7687116a5fdac5d04788
Fra:1 Mem:747.48M (Peak 939.50M) | Time:00:00.11 | Mem:279.00M, Peak:279.00M | Scene, ViewLayer | Updating Images | Loading e75100ac1b020a5e16a8be11acc4a800
Fra:1 Mem:683.47M (Peak 939.50M) | Time:00:00.14 | Mem:343.00M, Peak:343.00M | Scene, ViewLayer | Updating Images | Loading 286162989f88e9da0aefe1b8c2b08d7c
Fra:1 Mem:746.48M (Peak 1259.50M) | Time:00:00.24 | Mem:663.00M, Peak:663.00M | Scene, ViewLayer | Waiting for render to start
Fra:1 Mem:746.48M (Peak 1259.50M) | Time:00:00.24 | Mem:663.00M, Peak:663.00M | Scene, ViewLayer | Loading render kernels (may take a few minutes the first time)
Fra:1 Mem:746.48M (Peak 1259.50M) | Time:00:00.24 | Mem:663.00M, Peak:663.00M | Scene, ViewLayer | Updating Scene
Fra:1 Mem:746.48M (Peak 1259.50M) | Time:00:00.24 | Mem:663.00M, Peak:663.00M | Scene, ViewLayer | Updating Shaders
Fra:1 Mem:746.57M (Peak 1259.50M) | Time:00:00.24 | Mem:663.00M, Peak:663.00M | Scene, ViewLayer | Updating Procedurals
Fra:1 Mem:746.57M (Peak 1259.50M) | Time:00:00.24 | Mem:663.00M, Peak:663.00M | Scene, ViewLayer | Updating Background
Fra:1 Mem:746.57M (Peak 1259.50M) | Time:00:00.24 | Mem:663.00M, Peak:663.00M | Scene, ViewLayer | Updating Camera
Fra:1 Mem:746.57M (Peak 1259.50M) | Time:00:00.24 | Mem:663.00M, Peak:663.00M | Scene, ViewLayer | Updating Meshes Flags
Fra:1 Mem:746.57M (Peak 1259.50M) | Time:00:00.24 | Mem:663.00M, Peak:663.00M | Scene, ViewLayer | Updating Objects
Fra:1 Mem:746.57M (Peak 1259.50M) | Time:00:00.24 | Mem:663.00M, Peak:663.00M | Scene, ViewLayer | Updating Objects | Copying Transformations to device
Fra:1 Mem:746.57M (Peak 1259.50M) | Time:00:00.24 | Mem:663.00M, Peak:663.00M | Scene, ViewLayer | Updating Objects | Applying Static Transformations
Fra:1 Mem:746.57M (Peak 1259.50M) | Time:00:00.24 | Mem:663.00M, Peak:663.00M | Scene, ViewLayer | Updating Particle Systems
Fra:1 Mem:746.57M (Peak 1259.50M) | Time:00:00.24 | Mem:663.00M, Peak:663.00M | Scene, ViewLayer | Updating Particle Systems | Copying Particles to device
Fra:1 Mem:746.57M (Peak 1259.50M) | Time:00:00.24 | Mem:663.01M, Peak:663.01M | Scene, ViewLayer | Updating Meshes
Fra:1 Mem:750.65M (Peak 1259.50M) | Time:00:00.25 | Mem:663.01M, Peak:663.01M | Scene, ViewLayer | Updating Mesh | Computing attributes
Fra:1 Mem:756.76M (Peak 1259.50M) | Time:00:00.25 | Mem:663.01M, Peak:663.01M | Scene, ViewLayer | Updating Mesh | Copying Attributes to device
Fra:1 Mem:756.76M (Peak 1259.50M) | Time:00:00.25 | Mem:669.12M, Peak:669.12M | Scene, ViewLayer | Updating Scene BVH | Building
Fra:1 Mem:756.76M (Peak 1259.50M) | Time:00:00.25 | Mem:669.12M, Peak:669.12M | Scene, ViewLayer | Updating Scene BVH | Building BVH
Fra:1 Mem:756.76M (Peak 1259.50M) | Time:00:00.25 | Mem:677.27M, Peak:677.27M | Scene, ViewLayer | Updating Scene BVH | Building BVH 0%
Fra:1 Mem:756.76M (Peak 1259.50M) | Time:00:00.28 | Mem:686.99M, Peak:695.14M | Scene, ViewLayer | Updating Scene BVH | Copying BVH to device
Fra:1 Mem:756.76M (Peak 1259.50M) | Time:00:00.28 | Mem:686.99M, Peak:695.14M | Scene, ViewLayer | Updating Mesh | Computing normals
Fra:1 Mem:766.71M (Peak 1259.50M) | Time:00:00.28 | Mem:686.99M, Peak:695.14M | Scene, ViewLayer | Updating Mesh | Copying Mesh to device
Fra:1 Mem:766.71M (Peak 1259.50M) | Time:00:00.28 | Mem:696.94M, Peak:696.94M | Scene, ViewLayer | Updating Objects Flags
Fra:1 Mem:766.71M (Peak 1259.50M) | Time:00:00.28 | Mem:696.94M, Peak:696.94M | Scene, ViewLayer | Updating Primitive Offsets
Fra:1 Mem:766.71M (Peak 1259.50M) | Time:00:00.28 | Mem:696.94M, Peak:696.94M | Scene, ViewLayer | Updating Images
Fra:1 Mem:766.71M (Peak 1259.50M) | Time:00:00.28 | Mem:696.94M, Peak:696.94M | Scene, ViewLayer | Updating Camera Volume
Fra:1 Mem:766.71M (Peak 1259.50M) | Time:00:00.28 | Mem:696.94M, Peak:696.94M | Scene, ViewLayer | Updating Lookup Tables
Fra:1 Mem:766.71M (Peak 1259.50M) | Time:00:00.28 | Mem:697.02M, Peak:697.02M | Scene, ViewLayer | Updating Lights
Fra:1 Mem:766.71M (Peak 1259.50M) | Time:00:00.28 | Mem:697.02M, Peak:697.02M | Scene, ViewLayer | Updating Lights | Computing tree
Fra:1 Mem:816.62M (Peak 1259.50M) | Time:00:00.74 | Mem:746.93M, Peak:746.93M | Scene, ViewLayer | Updating Integrator
Fra:1 Mem:816.62M (Peak 1259.50M) | Time:00:00.74 | Mem:746.93M, Peak:746.93M | Scene, ViewLayer | Updating Film
Fra:1 Mem:816.63M (Peak 1259.50M) | Time:00:00.74 | Mem:746.85M, Peak:746.93M | Scene, ViewLayer | Updating Lookup Tables
Fra:1 Mem:816.63M (Peak 1259.50M) | Time:00:00.74 | Mem:746.94M, Peak:746.94M | Scene, ViewLayer | Updating Baking
Fra:1 Mem:816.63M (Peak 1259.50M) | Time:00:00.74 | Mem:746.94M, Peak:746.94M | Scene, ViewLayer | Updating Device | Writing constant memory
Fra:1 Mem:816.63M (Peak 1259.50M) | Time:00:00.74 | Mem:746.94M, Peak:746.94M | Scene, ViewLayer | Sample 0/8
Fra:1 Mem:853.73M (Peak 1259.50M) | Time:00:00.91 | Remaining:00:01.24 | Mem:784.03M, Peak:784.03M | Scene, ViewLayer | Sample 1/8
Fra:1 Mem:870.21M (Peak 1259.50M) | Time:00:02.05 | Mem:784.03M, Peak:784.03M | Scene, ViewLayer | Sample 8/8
Fra:1 Mem:870.21M (Peak 1259.50M) | Time:00:02.05 | Mem:784.03M, Peak:784.03M | Scene, ViewLayer | Finished
Saved: '/workspace/apartment-design/multiple-angles/her-office/angle-3.png'
Time: 00:02.15 (Saving: 00:00.09)

Fra:1 Mem:69.19M (Peak 69.19M) | Time:00:00.00 | Mem:0.00M, Peak:0.00M | Scene, ViewLayer | Synchronizing object | Mesh_11
Fra:1 Mem:69.20M (Peak 69.20M) | Time:00:00.00 | Mem:0.00M, Peak:0.00M | Scene, ViewLayer | Synchronizing object | Mesh_13
Fra:1 Mem:70.36M (Peak 70.36M) | Time:00:00.00 | Mem:0.00M, Peak:0.00M | Scene, ViewLayer | Synchronizing object | Mesh_21
Fra:1 Mem:73.97M (Peak 73.97M) | Time:00:00.00 | Mem:0.00M, Peak:0.00M | Scene, ViewLayer | Synchronizing object | Mesh_14
Fra:1 Mem:76.15M (Peak 76.15M) | Time:00:00.00 | Mem:0.00M, Peak:0.00M | Scene, ViewLayer | Synchronizing object | Mesh_15
Fra:1 Mem:76.47M (Peak 76.47M) | Time:00:00.00 | Mem:0.00M, Peak:0.00M | Scene, ViewLayer | Synchronizing object | Mesh_16
Fra:1 Mem:76.30M (Peak 76.47M) | Time:00:00.00 | Mem:0.00M, Peak:0.00M | Scene, ViewLayer | Synchronizing object | Mesh_17
Fra:1 Mem:78.43M (Peak 78.43M) | Time:00:00.00 | Mem:0.00M, Peak:0.00M | Scene, ViewLayer | Synchronizing object | Mesh_18
Fra:1 Mem:80.90M (Peak 80.90M) | Time:00:00.00 | Mem:0.00M, Peak:0.00M | Scene, ViewLayer | Synchronizing object | Mesh_19
Fra:1 Mem:81.41M (Peak 81.41M) | Time:00:00.00 | Mem:0.00M, Peak:0.00M | Scene, ViewLayer | Synchronizing object | Mesh_20
Fra:1 Mem:84.50M (Peak 84.77M) | Time:00:00.00 | Mem:0.00M, Peak:0.00M | Scene, ViewLayer | Initializing
Fra:1 Mem:84.45M (Peak 84.77M) | Time:00:00.00 | Mem:0.00M, Peak:0.00M | Scene, ViewLayer | Updating Images | Loading 82c34c5158e6b0b0a11a42ed684cacc2
Fra:1 Mem:84.45M (Peak 84.77M) | Time:00:00.00 | Mem:0.00M, Peak:0.00M | Scene, ViewLayer | Updating Images | Loading 6f64dc5f23c25de394aa7e16e5e32eea
Fra:1 Mem:84.45M (Peak 84.77M) | Time:00:00.00 | Mem:0.00M, Peak:0.00M | Scene, ViewLayer | Updating Images | Loading 424437e94f9e91f8b30cd110df137509
Fra:1 Mem:84.45M (Peak 84.77M) | Time:00:00.00 | Mem:0.00M, Peak:0.00M | Scene, ViewLayer | Updating Images | Loading a16774809e8025de1ea410d461175019
Fra:1 Mem:363.47M (Peak 409.46M) | Time:00:00.04 | Mem:23.00M, Peak:23.00M | Scene, ViewLayer | Updating Images | Loading 82172f0df74ed884585ea7e1e0ac3db4
Fra:1 Mem:683.48M (Peak 811.49M) | Time:00:00.10 | Mem:87.00M, Peak:87.00M | Scene, ViewLayer | Updating Images | Loading d6ba7a8a6dface2015f7b95825cf3202
Fra:1 Mem:747.48M (Peak 875.49M) | Time:00:00.12 | Mem:151.00M, Peak:151.00M | Scene, ViewLayer | Updating Images | Loading 99ec65919840ae6942c7be90a15efe6c
Fra:1 Mem:811.48M (Peak 939.49M) | Time:00:00.14 | Mem:215.00M, Peak:215.00M | Scene, ViewLayer | Updating Images | Loading a946a532384e7687116a5fdac5d04788
Fra:1 Mem:747.48M (Peak 939.49M) | Time:00:00.14 | Mem:279.00M, Peak:279.00M | Scene, ViewLayer | Updating Images | Loading 286162989f88e9da0aefe1b8c2b08d7c
Fra:1 Mem:683.47M (Peak 939.49M) | Time:00:00.15 | Mem:343.00M, Peak:343.00M | Scene, ViewLayer | Updating Images | Loading e75100ac1b020a5e16a8be11acc4a800
Fra:1 Mem:746.48M (Peak 1259.50M) | Time:00:00.29 | Mem:663.00M, Peak:663.00M | Scene, ViewLayer | Waiting for render to start
Fra:1 Mem:746.48M (Peak 1259.50M) | Time:00:00.29 | Mem:663.00M, Peak:663.00M | Scene, ViewLayer | Loading render kernels (may take a few minutes the first time)
Fra:1 Mem:746.48M (Peak 1259.50M) | Time:00:00.29 | Mem:663.00M, Peak:663.00M | Scene, ViewLayer | Updating Scene
Fra:1 Mem:746.48M (Peak 1259.50M) | Time:00:00.29 | Mem:663.00M, Peak:663.00M | Scene, ViewLayer | Updating Shaders
Fra:1 Mem:746.57M (Peak 1259.50M) | Time:00:00.29 | Mem:663.00M, Peak:663.00M | Scene, ViewLayer | Updating Procedurals
Fra:1 Mem:746.57M (Peak 1259.50M) | Time:00:00.29 | Mem:663.00M, Peak:663.00M | Scene, ViewLayer | Updating Background
Fra:1 Mem:746.57M (Peak 1259.50M) | Time:00:00.29 | Mem:663.00M, Peak:663.00M | Scene, ViewLayer | Updating Camera
Fra:1 Mem:746.57M (Peak 1259.50M) | Time:00:00.29 | Mem:663.00M, Peak:663.00M | Scene, ViewLayer | Updating Meshes Flags
Fra:1 Mem:746.57M (Peak 1259.50M) | Time:00:00.29 | Mem:663.00M, Peak:663.00M | Scene, ViewLayer | Updating Objects
Fra:1 Mem:746.57M (Peak 1259.50M) | Time:00:00.29 | Mem:663.00M, Peak:663.00M | Scene, ViewLayer | Updating Objects | Copying Transformations to device
Fra:1 Mem:746.57M (Peak 1259.50M) | Time:00:00.29 | Mem:663.00M, Peak:663.00M | Scene, ViewLayer | Updating Objects | Applying Static Transformations
Fra:1 Mem:746.57M (Peak 1259.50M) | Time:00:00.29 | Mem:663.00M, Peak:663.00M | Scene, ViewLayer | Updating Particle Systems
Fra:1 Mem:746.57M (Peak 1259.50M) | Time:00:00.29 | Mem:663.00M, Peak:663.00M | Scene, ViewLayer | Updating Particle Systems | Copying Particles to device
Fra:1 Mem:746.57M (Peak 1259.50M) | Time:00:00.29 | Mem:663.01M, Peak:663.01M | Scene, ViewLayer | Updating Meshes
Fra:1 Mem:750.65M (Peak 1259.50M) | Time:00:00.30 | Mem:663.01M, Peak:663.01M | Scene, ViewLayer | Updating Mesh | Computing attributes
Fra:1 Mem:756.76M (Peak 1259.50M) | Time:00:00.30 | Mem:663.01M, Peak:663.01M | Scene, ViewLayer | Updating Mesh | Copying Attributes to device
Fra:1 Mem:756.76M (Peak 1259.50M) | Time:00:00.30 | Mem:669.12M, Peak:669.12M | Scene, ViewLayer | Updating Scene BVH | Building
Fra:1 Mem:756.76M (Peak 1259.50M) | Time:00:00.30 | Mem:669.12M, Peak:669.12M | Scene, ViewLayer | Updating Scene BVH | Building BVH
Fra:1 Mem:756.76M (Peak 1259.50M) | Time:00:00.30 | Mem:677.27M, Peak:677.27M | Scene, ViewLayer | Updating Scene BVH | Building BVH 0%
Fra:1 Mem:756.76M (Peak 1259.50M) | Time:00:00.33 | Mem:686.99M, Peak:695.14M | Scene, ViewLayer | Updating Scene BVH | Copying BVH to device
Fra:1 Mem:756.76M (Peak 1259.50M) | Time:00:00.33 | Mem:686.99M, Peak:695.14M | Scene, ViewLayer | Updating Mesh | Computing normals
Fra:1 Mem:766.71M (Peak 1259.50M) | Time:00:00.33 | Mem:686.99M, Peak:695.14M | Scene, ViewLayer | Updating Mesh | Copying Mesh to device
Fra:1 Mem:766.71M (Peak 1259.50M) | Time:00:00.33 | Mem:696.94M, Peak:696.94M | Scene, ViewLayer | Updating Objects Flags
Fra:1 Mem:766.71M (Peak 1259.50M) | Time:00:00.33 | Mem:696.94M, Peak:696.94M | Scene, ViewLayer | Updating Primitive Offsets
Fra:1 Mem:766.71M (Peak 1259.50M) | Time:00:00.33 | Mem:696.94M, Peak:696.94M | Scene, ViewLayer | Updating Images
Fra:1 Mem:766.71M (Peak 1259.50M) | Time:00:00.33 | Mem:696.94M, Peak:696.94M | Scene, ViewLayer | Updating Camera Volume
Fra:1 Mem:766.71M (Peak 1259.50M) | Time:00:00.33 | Mem:696.94M, Peak:696.94M | Scene, ViewLayer | Updating Lookup Tables
Fra:1 Mem:766.71M (Peak 1259.50M) | Time:00:00.33 | Mem:697.02M, Peak:697.02M | Scene, ViewLayer | Updating Lights
Fra:1 Mem:766.71M (Peak 1259.50M) | Time:00:00.33 | Mem:697.02M, Peak:697.02M | Scene, ViewLayer | Updating Lights | Computing tree
Fra:1 Mem:816.62M (Peak 1259.50M) | Time:00:00.73 | Mem:746.93M, Peak:746.93M | Scene, ViewLayer | Updating Integrator
Fra:1 Mem:816.62M (Peak 1259.50M) | Time:00:00.73 | Mem:746.93M, Peak:746.93M | Scene, ViewLayer | Updating Film
Fra:1 Mem:816.63M (Peak 1259.50M) | Time:00:00.73 | Mem:746.85M, Peak:746.93M | Scene, ViewLayer | Updating Lookup Tables
Fra:1 Mem:816.63M (Peak 1259.50M) | Time:00:00.73 | Mem:746.94M, Peak:746.94M | Scene, ViewLayer | Updating Baking
Fra:1 Mem:816.63M (Peak 1259.50M) | Time:00:00.73 | Mem:746.94M, Peak:746.94M | Scene, ViewLayer | Updating Device | Writing constant memory
Fra:1 Mem:816.63M (Peak 1259.50M) | Time:00:00.73 | Mem:746.94M, Peak:746.94M | Scene, ViewLayer | Sample 0/8
Fra:1 Mem:853.73M (Peak 1259.50M) | Time:00:00.91 | Remaining:00:01.27 | Mem:784.03M, Peak:784.03M | Scene, ViewLayer | Sample 1/8
Fra:1 Mem:870.21M (Peak 1259.50M) | Time:00:01.98 | Mem:784.03M, Peak:784.03M | Scene, ViewLayer | Sample 8/8
Fra:1 Mem:870.21M (Peak 1259.50M) | Time:00:01.98 | Mem:784.03M, Peak:784.03M | Scene, ViewLayer | Finished
Saved: '/workspace/apartment-design/multiple-angles/her-office/angle-4.png'
Time: 00:02.08 (Saving: 00:00.10)

Fra:1 Mem:69.20M (Peak 69.20M) | Time:00:00.00 | Mem:0.00M, Peak:0.00M | Scene, ViewLayer | Synchronizing object | Mesh_11
Fra:1 Mem:69.20M (Peak 69.20M) | Time:00:00.00 | Mem:0.00M, Peak:0.00M | Scene, ViewLayer | Synchronizing object | Mesh_21
Fra:1 Mem:73.48M (Peak 73.48M) | Time:00:00.00 | Mem:0.00M, Peak:0.00M | Scene, ViewLayer | Synchronizing object | Mesh_15
Fra:1 Mem:75.35M (Peak 75.44M) | Time:00:00.00 | Mem:0.00M, Peak:0.00M | Scene, ViewLayer | Synchronizing object | Mesh_16
Fra:1 Mem:75.76M (Peak 75.76M) | Time:00:00.00 | Mem:0.00M, Peak:0.00M | Scene, ViewLayer | Synchronizing object | Mesh_20
Fra:1 Mem:77.00M (Peak 77.00M) | Time:00:00.00 | Mem:0.00M, Peak:0.00M | Scene, ViewLayer | Synchronizing object | Mesh_17
Fra:1 Mem:79.18M (Peak 79.18M) | Time:00:00.00 | Mem:0.00M, Peak:0.00M | Scene, ViewLayer | Synchronizing object | Mesh_18
Fra:1 Mem:81.63M (Peak 81.63M) | Time:00:00.00 | Mem:0.00M, Peak:0.00M | Scene, ViewLayer | Synchronizing object | Mesh_19
Fra:1 Mem:84.50M (Peak 84.50M) | Time:00:00.00 | Mem:0.00M, Peak:0.00M | Scene, ViewLayer | Initializing
Fra:1 Mem:84.45M (Peak 84.50M) | Time:00:00.00 | Mem:0.00M, Peak:0.00M | Scene, ViewLayer | Updating Images | Loading 82c34c5158e6b0b0a11a42ed684cacc2
Fra:1 Mem:84.45M (Peak 84.50M) | Time:00:00.00 | Mem:0.00M, Peak:0.00M | Scene, ViewLayer | Updating Images | Loading 6f64dc5f23c25de394aa7e16e5e32eea
Fra:1 Mem:84.45M (Peak 84.50M) | Time:00:00.00 | Mem:0.00M, Peak:0.00M | Scene, ViewLayer | Updating Images | Loading 424437e94f9e91f8b30cd110df137509
Fra:1 Mem:299.45M (Peak 299.45M) | Time:00:00.00 | Mem:0.00M, Peak:0.00M | Scene, ViewLayer | Updating Images | Loading a16774809e8025de1ea410d461175019
Fra:1 Mem:363.47M (Peak 409.46M) | Time:00:00.04 | Mem:23.00M, Peak:23.00M | Scene, ViewLayer | Updating Images | Loading 82172f0df74ed884585ea7e1e0ac3db4
Fra:1 Mem:811.49M (Peak 939.50M) | Time:00:00.13 | Mem:87.00M, Peak:87.00M | Scene, ViewLayer | Updating Images | Loading d6ba7a8a6dface2015f7b95825cf3202
Fra:1 Mem:875.49M (Peak 939.50M) | Time:00:00.13 | Mem:151.00M, Peak:151.00M | Scene, ViewLayer | Updating Images | Loading 99ec65919840ae6942c7be90a15efe6c
Fra:1 Mem:811.48M (Peak 939.50M) | Time:00:00.13 | Mem:215.00M, Peak:215.00M | Scene, ViewLayer | Updating Images | Loading a946a532384e7687116a5fdac5d04788
Fra:1 Mem:747.48M (Peak 939.50M) | Time:00:00.14 | Mem:279.00M, Peak:279.00M | Scene, ViewLayer | Updating Images | Loading e75100ac1b020a5e16a8be11acc4a800
Fra:1 Mem:683.47M (Peak 939.50M) | Time:00:00.16 | Mem:343.00M, Peak:343.00M | Scene, ViewLayer | Updating Images | Loading 286162989f88e9da0aefe1b8c2b08d7c
Fra:1 Mem:746.48M (Peak 1387.51M) | Time:00:00.28 | Mem:663.00M, Peak:663.00M | Scene, ViewLayer | Waiting for render to start
Fra:1 Mem:746.48M (Peak 1387.51M) | Time:00:00.28 | Mem:663.00M, Peak:663.00M | Scene, ViewLayer | Loading render kernels (may take a few minutes the first time)
Fra:1 Mem:746.48M (Peak 1387.51M) | Time:00:00.28 | Mem:663.00M, Peak:663.00M | Scene, ViewLayer | Updating Scene
Fra:1 Mem:746.48M (Peak 1387.51M) | Time:00:00.28 | Mem:663.00M, Peak:663.00M | Scene, ViewLayer | Updating Shaders
Fra:1 Mem:746.57M (Peak 1387.51M) | Time:00:00.28 | Mem:663.00M, Peak:663.00M | Scene, ViewLayer | Updating Procedurals
Fra:1 Mem:746.57M (Peak 1387.51M) | Time:00:00.28 | Mem:663.00M, Peak:663.00M | Scene, ViewLayer | Updating Background
Fra:1 Mem:746.57M (Peak 1387.51M) | Time:00:00.28 | Mem:663.00M, Peak:663.00M | Scene, ViewLayer | Updating Camera
Fra:1 Mem:746.57M (Peak 1387.51M) | Time:00:00.28 | Mem:663.00M, Peak:663.00M | Scene, ViewLayer | Updating Meshes Flags
Fra:1 Mem:746.57M (Peak 1387.51M) | Time:00:00.28 | Mem:663.00M, Peak:663.00M | Scene, ViewLayer | Updating Objects
Fra:1 Mem:746.57M (Peak 1387.51M) | Time:00:00.28 | Mem:663.00M, Peak:663.00M | Scene, ViewLayer | Updating Objects | Copying Transformations to device
Fra:1 Mem:746.57M (Peak 1387.51M) | Time:00:00.28 | Mem:663.00M, Peak:663.00M | Scene, ViewLayer | Updating Objects | Applying Static Transformations
Fra:1 Mem:746.57M (Peak 1387.51M) | Time:00:00.28 | Mem:663.00M, Peak:663.00M | Scene, ViewLayer | Updating Particle Systems
Fra:1 Mem:746.57M (Peak 1387.51M) | Time:00:00.28 | Mem:663.00M, Peak:663.00M | Scene, ViewLayer | Updating Particle Systems | Copying Particles to device
Fra:1 Mem:746.57M (Peak 1387.51M) | Time:00:00.28 | Mem:663.01M, Peak:663.01M | Scene, ViewLayer | Updating Meshes
Fra:1 Mem:750.65M (Peak 1387.51M) | Time:00:00.29 | Mem:663.01M, Peak:663.01M | Scene, ViewLayer | Updating Mesh | Computing attributes
Fra:1 Mem:756.76M (Peak 1387.51M) | Time:00:00.29 | Mem:663.01M, Peak:663.01M | Scene, ViewLayer | Updating Mesh | Copying Attributes to device
Fra:1 Mem:756.76M (Peak 1387.51M) | Time:00:00.29 | Mem:669.12M, Peak:669.12M | Scene, ViewLayer | Updating Scene BVH | Building
Fra:1 Mem:756.76M (Peak 1387.51M) | Time:00:00.29 | Mem:669.12M, Peak:669.12M | Scene, ViewLayer | Updating Scene BVH | Building BVH
Fra:1 Mem:756.76M (Peak 1387.51M) | Time:00:00.29 | Mem:677.27M, Peak:677.27M | Scene, ViewLayer | Updating Scene BVH | Building BVH 0%
Fra:1 Mem:756.76M (Peak 1387.51M) | Time:00:00.31 | Mem:686.99M, Peak:695.14M | Scene, ViewLayer | Updating Scene BVH | Copying BVH to device
Fra:1 Mem:756.76M (Peak 1387.51M) | Time:00:00.31 | Mem:686.99M, Peak:695.14M | Scene, ViewLayer | Updating Mesh | Computing normals
Fra:1 Mem:766.71M (Peak 1387.51M) | Time:00:00.32 | Mem:686.99M, Peak:695.14M | Scene, ViewLayer | Updating Mesh | Copying Mesh to device
Fra:1 Mem:766.71M (Peak 1387.51M) | Time:00:00.32 | Mem:696.94M, Peak:696.94M | Scene, ViewLayer | Updating Objects Flags
Fra:1 Mem:766.71M (Peak 1387.51M) | Time:00:00.32 | Mem:696.94M, Peak:696.94M | Scene, ViewLayer | Updating Primitive Offsets
Fra:1 Mem:766.71M (Peak 1387.51M) | Time:00:00.32 | Mem:696.94M, Peak:696.94M | Scene, ViewLayer | Updating Images
Fra:1 Mem:766.71M (Peak 1387.51M) | Time:00:00.32 | Mem:696.94M, Peak:696.94M | Scene, ViewLayer | Updating Camera Volume
Fra:1 Mem:766.71M (Peak 1387.51M) | Time:00:00.32 | Mem:696.94M, Peak:696.94M | Scene, ViewLayer | Updating Lookup Tables
Fra:1 Mem:766.71M (Peak 1387.51M) | Time:00:00.32 | Mem:697.02M, Peak:697.02M | Scene, ViewLayer | Updating Lights
Fra:1 Mem:766.71M (Peak 1387.51M) | Time:00:00.32 | Mem:697.02M, Peak:697.02M | Scene, ViewLayer | Updating Lights | Computing tree
Fra:1 Mem:816.62M (Peak 1387.51M) | Time:00:00.77 | Mem:746.93M, Peak:746.93M | Scene, ViewLayer | Updating Integrator
Fra:1 Mem:816.62M (Peak 1387.51M) | Time:00:00.77 | Mem:746.93M, Peak:746.93M | Scene, ViewLayer | Updating Film
Fra:1 Mem:816.63M (Peak 1387.51M) | Time:00:00.77 | Mem:746.85M, Peak:746.93M | Scene, ViewLayer | Updating Lookup Tables
Fra:1 Mem:816.63M (Peak 1387.51M) | Time:00:00.77 | Mem:746.94M, Peak:746.94M | Scene, ViewLayer | Updating Baking
Fra:1 Mem:816.63M (Peak 1387.51M) | Time:00:00.77 | Mem:746.94M, Peak:746.94M | Scene, ViewLayer | Updating Device | Writing constant memory
Fra:1 Mem:816.63M (Peak 1387.51M) | Time:00:00.77 | Mem:746.94M, Peak:746.94M | Scene, ViewLayer | Sample 0/8
Fra:1 Mem:853.73M (Peak 1387.51M) | Time:00:00.94 | Remaining:00:01.20 | Mem:784.03M, Peak:784.03M | Scene, ViewLayer | Sample 1/8
Fra:1 Mem:870.21M (Peak 1387.51M) | Time:00:02.00 | Mem:784.03M, Peak:784.03M | Scene, ViewLayer | Sample 8/8
Fra:1 Mem:870.21M (Peak 1387.51M) | Time:00:02.00 | Mem:784.03M, Peak:784.03M | Scene, ViewLayer | Finished
Saved: '/workspace/apartment-design/multiple-angles/entryway/angle-1.png'
Time: 00:02.11 (Saving: 00:00.10)

Fra:1 Mem:69.20M (Peak 69.20M) | Time:00:00.00 | Mem:0.00M, Peak:0.00M | Scene, ViewLayer | Synchronizing object | Mesh_11
Fra:1 Mem:69.20M (Peak 69.20M) | Time:00:00.00 | Mem:0.00M, Peak:0.00M | Scene, ViewLayer | Synchronizing object | Mesh_14
Fra:1 Mem:69.20M (Peak 69.20M) | Time:00:00.00 | Mem:0.00M, Peak:0.00M | Scene, ViewLayer | Synchronizing object | Mesh_21
Fra:1 Mem:74.10M (Peak 74.10M) | Time:00:00.00 | Mem:0.00M, Peak:0.00M | Scene, ViewLayer | Synchronizing object | Mesh_15
Fra:1 Mem:76.63M (Peak 76.63M) | Time:00:00.00 | Mem:0.00M, Peak:0.00M | Scene, ViewLayer | Synchronizing object | Mesh_20
Fra:1 Mem:78.32M (Peak 78.32M) | Time:00:00.00 | Mem:0.00M, Peak:0.00M | Scene, ViewLayer | Synchronizing object | Mesh_16
Fra:1 Mem:77.58M (Peak 78.32M) | Time:00:00.00 | Mem:0.00M, Peak:0.00M | Scene, ViewLayer | Synchronizing object | Mesh_17
Fra:1 Mem:78.22M (Peak 78.32M) | Time:00:00.00 | Mem:0.00M, Peak:0.00M | Scene, ViewLayer | Synchronizing object | Mesh_18
Fra:1 Mem:82.68M (Peak 82.68M) | Time:00:00.00 | Mem:0.00M, Peak:0.00M | Scene, ViewLayer | Synchronizing object | Mesh_19
Fra:1 Mem:84.50M (Peak 86.23M) | Time:00:00.00 | Mem:0.00M, Peak:0.00M | Scene, ViewLayer | Initializing
Fra:1 Mem:84.45M (Peak 86.23M) | Time:00:00.00 | Mem:0.00M, Peak:0.00M | Scene, ViewLayer | Updating Images | Loading a682237f08f113c553587ed9f3adc739
Fra:1 Mem:84.45M (Peak 86.23M) | Time:00:00.00 | Mem:0.00M, Peak:0.00M | Scene, ViewLayer | Updating Images | Loading a16774809e8025de1ea410d461175019
Fra:1 Mem:363.47M (Peak 409.46M) | Time:00:00.04 | Mem:23.00M, Peak:23.00M | Scene, ViewLayer | Updating Images | Loading 82172f0df74ed884585ea7e1e0ac3db4
Fra:1 Mem:811.49M (Peak 939.50M) | Time:00:00.12 | Mem:87.00M, Peak:87.00M | Scene, ViewLayer | Updating Images | Loading d6ba7a8a6dface2015f7b95825cf3202
Fra:1 Mem:747.48M (Peak 939.50M) | Time:00:00.13 | Mem:151.00M, Peak:151.00M | Scene, ViewLayer | Updating Images | Loading 99ec65919840ae6942c7be90a15efe6c
Fra:1 Mem:683.48M (Peak 939.50M) | Time:00:00.13 | Mem:215.00M, Peak:215.00M | Scene, ViewLayer | Updating Images | Loading a946a532384e7687116a5fdac5d04788
Fra:1 Mem:747.48M (Peak 939.50M) | Time:00:00.15 | Mem:279.00M, Peak:279.00M | Scene, ViewLayer | Updating Images | Loading e75100ac1b020a5e16a8be11acc4a800
Fra:1 Mem:683.47M (Peak 939.50M) | Time:00:00.17 | Mem:343.00M, Peak:343.00M | Scene, ViewLayer | Updating Images | Loading 286162989f88e9da0aefe1b8c2b08d7c
Fra:1 Mem:746.48M (Peak 1131.49M) | Time:00:00.29 | Mem:663.00M, Peak:663.00M | Scene, ViewLayer | Waiting for render to start
Fra:1 Mem:746.48M (Peak 1131.49M) | Time:00:00.29 | Mem:663.00M, Peak:663.00M | Scene, ViewLayer | Loading render kernels (may take a few minutes the first time)
Fra:1 Mem:746.48M (Peak 1131.49M) | Time:00:00.29 | Mem:663.00M, Peak:663.00M | Scene, ViewLayer | Updating Scene
Fra:1 Mem:746.48M (Peak 1131.49M) | Time:00:00.29 | Mem:663.00M, Peak:663.00M | Scene, ViewLayer | Updating Shaders
Fra:1 Mem:746.57M (Peak 1131.49M) | Time:00:00.29 | Mem:663.00M, Peak:663.00M | Scene, ViewLayer | Updating Procedurals
Fra:1 Mem:746.57M (Peak 1131.49M) | Time:00:00.29 | Mem:663.00M, Peak:663.00M | Scene, ViewLayer | Updating Background
Fra:1 Mem:746.57M (Peak 1131.49M) | Time:00:00.29 | Mem:663.00M, Peak:663.00M | Scene, ViewLayer | Updating Camera
Fra:1 Mem:746.57M (Peak 1131.49M) | Time:00:00.29 | Mem:663.00M, Peak:663.00M | Scene, ViewLayer | Updating Meshes Flags
Fra:1 Mem:746.57M (Peak 1131.49M) | Time:00:00.29 | Mem:663.00M, Peak:663.00M | Scene, ViewLayer | Updating Objects
Fra:1 Mem:746.57M (Peak 1131.49M) | Time:00:00.29 | Mem:663.00M, Peak:663.00M | Scene, ViewLayer | Updating Objects | Copying Transformations to device
Fra:1 Mem:746.57M (Peak 1131.49M) | Time:00:00.29 | Mem:663.00M, Peak:663.00M | Scene, ViewLayer | Updating Objects | Applying Static Transformations
Fra:1 Mem:746.57M (Peak 1131.49M) | Time:00:00.29 | Mem:663.00M, Peak:663.00M | Scene, ViewLayer | Updating Particle Systems
Fra:1 Mem:746.57M (Peak 1131.49M) | Time:00:00.29 | Mem:663.00M, Peak:663.00M | Scene, ViewLayer | Updating Particle Systems | Copying Particles to device
Fra:1 Mem:746.57M (Peak 1131.49M) | Time:00:00.29 | Mem:663.01M, Peak:663.01M | Scene, ViewLayer | Updating Meshes
Fra:1 Mem:750.65M (Peak 1131.49M) | Time:00:00.30 | Mem:663.01M, Peak:663.01M | Scene, ViewLayer | Updating Mesh | Computing attributes
Fra:1 Mem:756.76M (Peak 1131.49M) | Time:00:00.30 | Mem:663.01M, Peak:663.01M | Scene, ViewLayer | Updating Mesh | Copying Attributes to device
Fra:1 Mem:756.76M (Peak 1131.49M) | Time:00:00.30 | Mem:669.12M, Peak:669.12M | Scene, ViewLayer | Updating Scene BVH | Building
Fra:1 Mem:756.76M (Peak 1131.49M) | Time:00:00.30 | Mem:669.12M, Peak:669.12M | Scene, ViewLayer | Updating Scene BVH | Building BVH
Fra:1 Mem:756.76M (Peak 1131.49M) | Time:00:00.30 | Mem:677.27M, Peak:677.27M | Scene, ViewLayer | Updating Scene BVH | Building BVH 0%
Fra:1 Mem:756.76M (Peak 1131.49M) | Time:00:00.32 | Mem:686.99M, Peak:695.14M | Scene, ViewLayer | Updating Scene BVH | Copying BVH to device
Fra:1 Mem:756.76M (Peak 1131.49M) | Time:00:00.32 | Mem:686.99M, Peak:695.14M | Scene, ViewLayer | Updating Mesh | Computing normals
Fra:1 Mem:766.71M (Peak 1131.49M) | Time:00:00.33 | Mem:686.99M, Peak:695.14M | Scene, ViewLayer | Updating Mesh | Copying Mesh to device
Fra:1 Mem:766.71M (Peak 1131.49M) | Time:00:00.33 | Mem:696.94M, Peak:696.94M | Scene, ViewLayer | Updating Objects Flags
Fra:1 Mem:766.71M (Peak 1131.49M) | Time:00:00.33 | Mem:696.94M, Peak:696.94M | Scene, ViewLayer | Updating Primitive Offsets
Fra:1 Mem:766.71M (Peak 1131.49M) | Time:00:00.33 | Mem:696.94M, Peak:696.94M | Scene, ViewLayer | Updating Images
Fra:1 Mem:766.71M (Peak 1131.49M) | Time:00:00.33 | Mem:696.94M, Peak:696.94M | Scene, ViewLayer | Updating Camera Volume
Fra:1 Mem:766.71M (Peak 1131.49M) | Time:00:00.33 | Mem:696.94M, Peak:696.94M | Scene, ViewLayer | Updating Lookup Tables
Fra:1 Mem:766.71M (Peak 1131.49M) | Time:00:00.33 | Mem:697.02M, Peak:697.02M | Scene, ViewLayer | Updating Lights
Fra:1 Mem:766.71M (Peak 1131.49M) | Time:00:00.33 | Mem:697.02M, Peak:697.02M | Scene, ViewLayer | Updating Lights | Computing tree
Fra:1 Mem:816.62M (Peak 1131.49M) | Time:00:00.82 | Mem:746.93M, Peak:746.93M | Scene, ViewLayer | Updating Integrator
Fra:1 Mem:816.62M (Peak 1131.49M) | Time:00:00.82 | Mem:746.93M, Peak:746.93M | Scene, ViewLayer | Updating Film
Fra:1 Mem:816.63M (Peak 1131.49M) | Time:00:00.82 | Mem:746.85M, Peak:746.93M | Scene, ViewLayer | Updating Lookup Tables
Fra:1 Mem:816.63M (Peak 1131.49M) | Time:00:00.82 | Mem:746.94M, Peak:746.94M | Scene, ViewLayer | Updating Baking
Fra:1 Mem:816.63M (Peak 1131.49M) | Time:00:00.82 | Mem:746.94M, Peak:746.94M | Scene, ViewLayer | Updating Device | Writing constant memory
Fra:1 Mem:816.63M (Peak 1131.49M) | Time:00:00.82 | Mem:746.94M, Peak:746.94M | Scene, ViewLayer | Sample 0/8
Fra:1 Mem:853.73M (Peak 1131.49M) | Time:00:01.02 | Remaining:00:01.33 | Mem:784.03M, Peak:784.03M | Scene, ViewLayer | Sample 1/8
Fra:1 Mem:870.21M (Peak 1131.49M) | Time:00:02.16 | Mem:784.03M, Peak:784.03M | Scene, ViewLayer | Sample 8/8
Fra:1 Mem:870.21M (Peak 1131.49M) | Time:00:02.16 | Mem:784.03M, Peak:784.03M | Scene, ViewLayer | Finished
Saved: '/workspace/apartment-design/multiple-angles/entryway/angle-2.png'
Time: 00:02.26 (Saving: 00:00.09)

Fra:1 Mem:69.20M (Peak 69.20M) | Time:00:00.00 | Mem:0.00M, Peak:0.00M | Scene, ViewLayer | Synchronizing object | Mesh_11
Fra:1 Mem:69.20M (Peak 69.20M) | Time:00:00.00 | Mem:0.00M, Peak:0.00M | Scene, ViewLayer | Synchronizing object | Mesh_13
Fra:1 Mem:70.04M (Peak 70.04M) | Time:00:00.00 | Mem:0.00M, Peak:0.00M | Scene, ViewLayer | Synchronizing object | Mesh_14
Fra:1 Mem:73.27M (Peak 73.27M) | Time:00:00.00 | Mem:0.00M, Peak:0.00M | Scene, ViewLayer | Synchronizing object | Mesh_15
Fra:1 Mem:76.48M (Peak 76.48M) | Time:00:00.00 | Mem:0.00M, Peak:0.00M | Scene, ViewLayer | Synchronizing object | Mesh_16
Fra:1 Mem:76.60M (Peak 76.60M) | Time:00:00.00 | Mem:0.00M, Peak:0.00M | Scene, ViewLayer | Synchronizing object | Mesh_17
Fra:1 Mem:77.09M (Peak 77.09M) | Time:00:00.00 | Mem:0.00M, Peak:0.00M | Scene, ViewLayer | Synchronizing object | Mesh_18
Fra:1 Mem:77.71M (Peak 77.71M) | Time:00:00.00 | Mem:0.00M, Peak:0.00M | Scene, ViewLayer | Synchronizing object | Mesh_19
Fra:1 Mem:81.15M (Peak 81.15M) | Time:00:00.00 | Mem:0.00M, Peak:0.00M | Scene, ViewLayer | Synchronizing object | Mesh_20
Fra:1 Mem:84.50M (Peak 85.15M) | Time:00:00.00 | Mem:0.00M, Peak:0.00M | Scene, ViewLayer | Initializing
Fra:1 Mem:84.45M (Peak 85.15M) | Time:00:00.00 | Mem:0.00M, Peak:0.00M | Scene, ViewLayer | Updating Images | Loading 82c34c5158e6b0b0a11a42ed684cacc2
Fra:1 Mem:84.45M (Peak 85.15M) | Time:00:00.00 | Mem:0.00M, Peak:0.00M | Scene, ViewLayer | Updating Images | Loading a682237f08f113c553587ed9f3adc739
Fra:1 Mem:84.45M (Peak 85.15M) | Time:00:00.00 | Mem:0.00M, Peak:0.00M | Scene, ViewLayer | Updating Images | Loading 6f64dc5f23c25de394aa7e16e5e32eea
Fra:1 Mem:148.45M (Peak 148.45M) | Time:00:00.00 | Mem:0.00M, Peak:0.00M | Scene, ViewLayer | Updating Images | Loading 424437e94f9e91f8b30cd110df137509
Fra:1 Mem:299.46M (Peak 299.46M) | Time:00:00.00 | Mem:0.00M, Peak:0.00M | Scene, ViewLayer | Updating Images | Loading a16774809e8025de1ea410d461175019
Fra:1 Mem:363.47M (Peak 409.47M) | Time:00:00.07 | Mem:23.00M, Peak:23.00M | Scene, ViewLayer | Updating Images | Loading 82172f0df74ed884585ea7e1e0ac3db4
Fra:1 Mem:683.48M (Peak 811.49M) | Time:00:00.10 | Mem:87.00M, Peak:87.00M | Scene, ViewLayer | Updating Images | Loading d6ba7a8a6dface2015f7b95825cf3202
Fra:1 Mem:619.48M (Peak 811.49M) | Time:00:00.11 | Mem:151.00M, Peak:151.00M | Scene, ViewLayer | Updating Images | Loading 99ec65919840ae6942c7be90a15efe6c
Fra:1 Mem:555.47M (Peak 811.49M) | Time:00:00.14 | Mem:215.00M, Peak:215.00M | Scene, ViewLayer | Updating Images | Loading a946a532384e7687116a5fdac5d04788
Fra:1 Mem:1003.49M (Peak 1131.50M) | Time:00:00.25 | Mem:279.00M, Peak:279.00M | Scene, ViewLayer | Updating Images | Loading e75100ac1b020a5e16a8be11acc4a800
Fra:1 Mem:939.48M (Peak 1131.50M) | Time:00:00.26 | Mem:343.00M, Peak:343.00M | Scene, ViewLayer | Updating Images | Loading 286162989f88e9da0aefe1b8c2b08d7c
Fra:1 Mem:746.48M (Peak 1131.50M) | Time:00:00.36 | Mem:663.00M, Peak:663.00M | Scene, ViewLayer | Waiting for render to start
Fra:1 Mem:746.48M (Peak 1131.50M) | Time:00:00.36 | Mem:663.00M, Peak:663.00M | Scene, ViewLayer | Loading render kernels (may take a few minutes the first time)
Fra:1 Mem:746.48M (Peak 1131.50M) | Time:00:00.36 | Mem:663.00M, Peak:663.00M | Scene, ViewLayer | Updating Scene
Fra:1 Mem:746.48M (Peak 1131.50M) | Time:00:00.36 | Mem:663.00M, Peak:663.00M | Scene, ViewLayer | Updating Shaders
Fra:1 Mem:746.57M (Peak 1131.50M) | Time:00:00.36 | Mem:663.00M, Peak:663.00M | Scene, ViewLayer | Updating Procedurals
Fra:1 Mem:746.57M (Peak 1131.50M) | Time:00:00.36 | Mem:663.00M, Peak:663.00M | Scene, ViewLayer | Updating Background
Fra:1 Mem:746.57M (Peak 1131.50M) | Time:00:00.36 | Mem:663.00M, Peak:663.00M | Scene, ViewLayer | Updating Camera
Fra:1 Mem:746.57M (Peak 1131.50M) | Time:00:00.36 | Mem:663.00M, Peak:663.00M | Scene, ViewLayer | Updating Meshes Flags
Fra:1 Mem:746.57M (Peak 1131.50M) | Time:00:00.36 | Mem:663.00M, Peak:663.00M | Scene, ViewLayer | Updating Objects
Fra:1 Mem:746.57M (Peak 1131.50M) | Time:00:00.36 | Mem:663.00M, Peak:663.00M | Scene, ViewLayer | Updating Objects | Copying Transformations to device
Fra:1 Mem:746.57M (Peak 1131.50M) | Time:00:00.36 | Mem:663.00M, Peak:663.00M | Scene, ViewLayer | Updating Objects | Applying Static Transformations
Fra:1 Mem:746.57M (Peak 1131.50M) | Time:00:00.36 | Mem:663.00M, Peak:663.00M | Scene, ViewLayer | Updating Particle Systems
Fra:1 Mem:746.57M (Peak 1131.50M) | Time:00:00.36 | Mem:663.00M, Peak:663.00M | Scene, ViewLayer | Updating Particle Systems | Copying Particles to device
Fra:1 Mem:746.57M (Peak 1131.50M) | Time:00:00.36 | Mem:663.01M, Peak:663.01M | Scene, ViewLayer | Updating Meshes
Fra:1 Mem:750.65M (Peak 1131.50M) | Time:00:00.37 | Mem:663.01M, Peak:663.01M | Scene, ViewLayer | Updating Mesh | Computing attributes
Fra:1 Mem:756.76M (Peak 1131.50M) | Time:00:00.37 | Mem:663.01M, Peak:663.01M | Scene, ViewLayer | Updating Mesh | Copying Attributes to device
Fra:1 Mem:756.76M (Peak 1131.50M) | Time:00:00.37 | Mem:669.12M, Peak:669.12M | Scene, ViewLayer | Updating Scene BVH | Building
Fra:1 Mem:756.76M (Peak 1131.50M) | Time:00:00.37 | Mem:669.12M, Peak:669.12M | Scene, ViewLayer | Updating Scene BVH | Building BVH
Fra:1 Mem:756.76M (Peak 1131.50M) | Time:00:00.37 | Mem:677.27M, Peak:677.27M | Scene, ViewLayer | Updating Scene BVH | Building BVH 0%
Fra:1 Mem:756.76M (Peak 1131.50M) | Time:00:00.40 | Mem:686.99M, Peak:695.14M | Scene, ViewLayer | Updating Scene BVH | Copying BVH to device
Fra:1 Mem:756.76M (Peak 1131.50M) | Time:00:00.40 | Mem:686.99M, Peak:695.14M | Scene, ViewLayer | Updating Mesh | Computing normals
Fra:1 Mem:766.71M (Peak 1131.50M) | Time:00:00.40 | Mem:686.99M, Peak:695.14M | Scene, ViewLayer | Updating Mesh | Copying Mesh to device
Fra:1 Mem:766.71M (Peak 1131.50M) | Time:00:00.40 | Mem:696.94M, Peak:696.94M | Scene, ViewLayer | Updating Objects Flags
Fra:1 Mem:766.71M (Peak 1131.50M) | Time:00:00.40 | Mem:696.94M, Peak:696.94M | Scene, ViewLayer | Updating Primitive Offsets
Fra:1 Mem:766.71M (Peak 1131.50M) | Time:00:00.40 | Mem:696.94M, Peak:696.94M | Scene, ViewLayer | Updating Images
Fra:1 Mem:766.71M (Peak 1131.50M) | Time:00:00.40 | Mem:696.94M, Peak:696.94M | Scene, ViewLayer | Updating Camera Volume
Fra:1 Mem:766.71M (Peak 1131.50M) | Time:00:00.40 | Mem:696.94M, Peak:696.94M | Scene, ViewLayer | Updating Lookup Tables
Fra:1 Mem:766.71M (Peak 1131.50M) | Time:00:00.40 | Mem:697.02M, Peak:697.02M | Scene, ViewLayer | Updating Lights
Fra:1 Mem:766.71M (Peak 1131.50M) | Time:00:00.40 | Mem:697.02M, Peak:697.02M | Scene, ViewLayer | Updating Lights | Computing tree
Fra:1 Mem:816.62M (Peak 1131.50M) | Time:00:00.93 | Mem:746.93M, Peak:746.93M | Scene, ViewLayer | Updating Integrator
Fra:1 Mem:816.62M (Peak 1131.50M) | Time:00:00.93 | Mem:746.93M, Peak:746.93M | Scene, ViewLayer | Updating Film
Fra:1 Mem:816.63M (Peak 1131.50M) | Time:00:00.93 | Mem:746.85M, Peak:746.93M | Scene, ViewLayer | Updating Lookup Tables
Fra:1 Mem:816.63M (Peak 1131.50M) | Time:00:00.93 | Mem:746.94M, Peak:746.94M | Scene, ViewLayer | Updating Baking
Fra:1 Mem:816.63M (Peak 1131.50M) | Time:00:00.93 | Mem:746.94M, Peak:746.94M | Scene, ViewLayer | Updating Device | Writing constant memory
Fra:1 Mem:816.63M (Peak 1131.50M) | Time:00:00.93 | Mem:746.94M, Peak:746.94M | Scene, ViewLayer | Sample 0/8
Fra:1 Mem:853.73M (Peak 1131.50M) | Time:00:01.14 | Remaining:00:01.43 | Mem:784.03M, Peak:784.03M | Scene, ViewLayer | Sample 1/8
Fra:1 Mem:870.21M (Peak 1131.50M) | Time:00:02.25 | Mem:784.03M, Peak:784.03M | Scene, ViewLayer | Sample 8/8
Fra:1 Mem:870.21M (Peak 1131.50M) | Time:00:02.25 | Mem:784.03M, Peak:784.03M | Scene, ViewLayer | Finished
Saved: '/workspace/apartment-design/multiple-angles/entryway/angle-3.png'
Time: 00:02.35 (Saving: 00:00.09)

Fra:1 Mem:69.20M (Peak 69.20M) | Time:00:00.00 | Mem:0.00M, Peak:0.00M | Scene, ViewLayer | Synchronizing object | Mesh_11
Fra:1 Mem:69.20M (Peak 69.20M) | Time:00:00.00 | Mem:0.00M, Peak:0.00M | Scene, ViewLayer | Synchronizing object | Mesh_14
Fra:1 Mem:69.20M (Peak 69.20M) | Time:00:00.00 | Mem:0.00M, Peak:0.00M | Scene, ViewLayer | Synchronizing object | Mesh_21
Fra:1 Mem:76.07M (Peak 76.07M) | Time:00:00.00 | Mem:0.00M, Peak:0.00M | Scene, ViewLayer | Synchronizing object | Mesh_15
Fra:1 Mem:76.56M (Peak 76.56M) | Time:00:00.00 | Mem:0.00M, Peak:0.00M | Scene, ViewLayer | Synchronizing object | Mesh_16
Fra:1 Mem:78.83M (Peak 78.83M) | Time:00:00.00 | Mem:0.00M, Peak:0.00M | Scene, ViewLayer | Synchronizing object | Mesh_17
Fra:1 Mem:79.37M (Peak 79.37M) | Time:00:00.00 | Mem:0.00M, Peak:0.00M | Scene, ViewLayer | Synchronizing object | Mesh_18
Fra:1 Mem:80.23M (Peak 80.23M) | Time:00:00.00 | Mem:0.00M, Peak:0.00M | Scene, ViewLayer | Synchronizing object | Mesh_20
Fra:1 Mem:80.36M (Peak 80.36M) | Time:00:00.00 | Mem:0.00M, Peak:0.00M | Scene, ViewLayer | Synchronizing object | Mesh_19
Fra:1 Mem:84.50M (Peak 85.03M) | Time:00:00.00 | Mem:0.00M, Peak:0.00M | Scene, ViewLayer | Initializing
Fra:1 Mem:84.45M (Peak 85.03M) | Time:00:00.00 | Mem:0.00M, Peak:0.00M | Scene, ViewLayer | Updating Images | Loading 82c34c5158e6b0b0a11a42ed684cacc2
Fra:1 Mem:84.45M (Peak 85.03M) | Time:00:00.00 | Mem:0.00M, Peak:0.00M | Scene, ViewLayer | Updating Images | Loading 6f64dc5f23c25de394aa7e16e5e32eea
Fra:1 Mem:84.45M (Peak 85.03M) | Time:00:00.00 | Mem:0.00M, Peak:0.00M | Scene, ViewLayer | Updating Images | Loading 424437e94f9e91f8b30cd110df137509
Fra:1 Mem:84.45M (Peak 85.03M) | Time:00:00.00 | Mem:0.00M, Peak:0.00M | Scene, ViewLayer | Updating Images | Loading a16774809e8025de1ea410d461175019
Fra:1 Mem:363.47M (Peak 409.47M) | Time:00:00.04 | Mem:23.00M, Peak:23.00M | Scene, ViewLayer | Updating Images | Loading 82172f0df74ed884585ea7e1e0ac3db4
Fra:1 Mem:811.49M (Peak 939.50M) | Time:00:00.11 | Mem:87.00M, Peak:87.00M | Scene, ViewLayer | Updating Images | Loading d6ba7a8a6dface2015f7b95825cf3202
Fra:1 Mem:747.48M (Peak 939.50M) | Time:00:00.12 | Mem:151.00M, Peak:151.00M | Scene, ViewLayer | Updating Images | Loading 99ec65919840ae6942c7be90a15efe6c
Fra:1 Mem:683.48M (Peak 939.50M) | Time:00:00.12 | Mem:215.00M, Peak:215.00M | Scene, ViewLayer | Updating Images | Loading a946a532384e7687116a5fdac5d04788
Fra:1 Mem:747.48M (Peak 939.50M) | Time:00:00.13 | Mem:279.00M, Peak:279.00M | Scene, ViewLayer | Updating Images | Loading e75100ac1b020a5e16a8be11acc4a800
Fra:1 Mem:683.47M (Peak 939.50M) | Time:00:00.16 | Mem:343.00M, Peak:343.00M | Scene, ViewLayer | Updating Images | Loading 286162989f88e9da0aefe1b8c2b08d7c
Fra:1 Mem:746.48M (Peak 1259.50M) | Time:00:00.30 | Mem:663.00M, Peak:663.00M | Scene, ViewLayer | Waiting for render to start
Fra:1 Mem:746.49M (Peak 1259.50M) | Time:00:00.30 | Mem:663.00M, Peak:663.00M | Scene, ViewLayer | Loading render kernels (may take a few minutes the first time)
Fra:1 Mem:746.49M (Peak 1259.50M) | Time:00:00.30 | Mem:663.00M, Peak:663.00M | Scene, ViewLayer | Updating Scene
Fra:1 Mem:746.49M (Peak 1259.50M) | Time:00:00.30 | Mem:663.00M, Peak:663.00M | Scene, ViewLayer | Updating Shaders
Fra:1 Mem:746.57M (Peak 1259.50M) | Time:00:00.30 | Mem:663.00M, Peak:663.00M | Scene, ViewLayer | Updating Procedurals
Fra:1 Mem:746.57M (Peak 1259.50M) | Time:00:00.30 | Mem:663.00M, Peak:663.00M | Scene, ViewLayer | Updating Background
Fra:1 Mem:746.57M (Peak 1259.50M) | Time:00:00.30 | Mem:663.00M, Peak:663.00M | Scene, ViewLayer | Updating Camera
Fra:1 Mem:746.57M (Peak 1259.50M) | Time:00:00.30 | Mem:663.00M, Peak:663.00M | Scene, ViewLayer | Updating Meshes Flags
Fra:1 Mem:746.57M (Peak 1259.50M) | Time:00:00.30 | Mem:663.00M, Peak:663.00M | Scene, ViewLayer | Updating Objects
Fra:1 Mem:746.57M (Peak 1259.50M) | Time:00:00.30 | Mem:663.00M, Peak:663.00M | Scene, ViewLayer | Updating Objects | Copying Transformations to device
Fra:1 Mem:746.57M (Peak 1259.50M) | Time:00:00.30 | Mem:663.00M, Peak:663.00M | Scene, ViewLayer | Updating Objects | Applying Static Transformations
Fra:1 Mem:746.57M (Peak 1259.50M) | Time:00:00.30 | Mem:663.00M, Peak:663.00M | Scene, ViewLayer | Updating Particle Systems
Fra:1 Mem:746.57M (Peak 1259.50M) | Time:00:00.30 | Mem:663.00M, Peak:663.00M | Scene, ViewLayer | Updating Particle Systems | Copying Particles to device
Fra:1 Mem:746.57M (Peak 1259.50M) | Time:00:00.30 | Mem:663.01M, Peak:663.01M | Scene, ViewLayer | Updating Meshes
Fra:1 Mem:750.65M (Peak 1259.50M) | Time:00:00.31 | Mem:663.01M, Peak:663.01M | Scene, ViewLayer | Updating Mesh | Computing attributes
Fra:1 Mem:756.76M (Peak 1259.50M) | Time:00:00.31 | Mem:663.01M, Peak:663.01M | Scene, ViewLayer | Updating Mesh | Copying Attributes to device
Fra:1 Mem:756.76M (Peak 1259.50M) | Time:00:00.31 | Mem:669.12M, Peak:669.12M | Scene, ViewLayer | Updating Scene BVH | Building
Fra:1 Mem:756.76M (Peak 1259.50M) | Time:00:00.31 | Mem:669.12M, Peak:669.12M | Scene, ViewLayer | Updating Scene BVH | Building BVH
Fra:1 Mem:756.76M (Peak 1259.50M) | Time:00:00.31 | Mem:677.27M, Peak:677.27M | Scene, ViewLayer | Updating Scene BVH | Building BVH 0%
Fra:1 Mem:756.76M (Peak 1259.50M) | Time:00:00.33 | Mem:686.99M, Peak:695.14M | Scene, ViewLayer | Updating Scene BVH | Copying BVH to device
Fra:1 Mem:756.76M (Peak 1259.50M) | Time:00:00.34 | Mem:686.99M, Peak:695.14M | Scene, ViewLayer | Updating Mesh | Computing normals
Fra:1 Mem:766.71M (Peak 1259.50M) | Time:00:00.34 | Mem:686.99M, Peak:695.14M | Scene, ViewLayer | Updating Mesh | Copying Mesh to device
Fra:1 Mem:766.71M (Peak 1259.50M) | Time:00:00.34 | Mem:696.94M, Peak:696.94M | Scene, ViewLayer | Updating Objects Flags
Fra:1 Mem:766.71M (Peak 1259.50M) | Time:00:00.34 | Mem:696.94M, Peak:696.94M | Scene, ViewLayer | Updating Primitive Offsets
Fra:1 Mem:766.71M (Peak 1259.50M) | Time:00:00.34 | Mem:696.94M, Peak:696.94M | Scene, ViewLayer | Updating Images
Fra:1 Mem:766.71M (Peak 1259.50M) | Time:00:00.34 | Mem:696.94M, Peak:696.94M | Scene, ViewLayer | Updating Camera Volume
Fra:1 Mem:766.71M (Peak 1259.50M) | Time:00:00.34 | Mem:696.94M, Peak:696.94M | Scene, ViewLayer | Updating Lookup Tables
Fra:1 Mem:766.71M (Peak 1259.50M) | Time:00:00.34 | Mem:697.02M, Peak:697.02M | Scene, ViewLayer | Updating Lights
Fra:1 Mem:766.71M (Peak 1259.50M) | Time:00:00.34 | Mem:697.02M, Peak:697.02M | Scene, ViewLayer | Updating Lights | Computing tree
Fra:1 Mem:816.62M (Peak 1259.50M) | Time:00:00.79 | Mem:746.93M, Peak:746.93M | Scene, ViewLayer | Updating Integrator
Fra:1 Mem:816.62M (Peak 1259.50M) | Time:00:00.79 | Mem:746.93M, Peak:746.93M | Scene, ViewLayer | Updating Film
Fra:1 Mem:816.63M (Peak 1259.50M) | Time:00:00.79 | Mem:746.85M, Peak:746.93M | Scene, ViewLayer | Updating Lookup Tables
Fra:1 Mem:816.63M (Peak 1259.50M) | Time:00:00.79 | Mem:746.94M, Peak:746.94M | Scene, ViewLayer | Updating Baking
Fra:1 Mem:816.63M (Peak 1259.50M) | Time:00:00.79 | Mem:746.94M, Peak:746.94M | Scene, ViewLayer | Updating Device | Writing constant memory
Fra:1 Mem:816.63M (Peak 1259.50M) | Time:00:00.79 | Mem:746.94M, Peak:746.94M | Scene, ViewLayer | Sample 0/8
Fra:1 Mem:853.73M (Peak 1259.50M) | Time:00:00.95 | Remaining:00:01.11 | Mem:784.03M, Peak:784.03M | Scene, ViewLayer | Sample 1/8
Fra:1 Mem:870.22M (Peak 1259.50M) | Time:00:02.04 | Mem:784.03M, Peak:784.03M | Scene, ViewLayer | Sample 8/8
Fra:1 Mem:870.22M (Peak 1259.50M) | Time:00:02.04 | Mem:784.03M, Peak:784.03M | Scene, ViewLayer | Finished
Saved: '/workspace/apartment-design/multiple-angles/entryway/angle-4.png'
Time: 00:02.14 (Saving: 00:00.09)

Fra:1 Mem:69.20M (Peak 69.20M) | Time:00:00.00 | Mem:0.00M, Peak:0.00M | Scene, ViewLayer | Synchronizing object | Mesh_11
Fra:1 Mem:69.20M (Peak 69.20M) | Time:00:00.00 | Mem:0.00M, Peak:0.00M | Scene, ViewLayer | Synchronizing object | Mesh_14
Fra:1 Mem:70.04M (Peak 70.04M) | Time:00:00.00 | Mem:0.00M, Peak:0.00M | Scene, ViewLayer | Synchronizing object | Mesh_21
Fra:1 Mem:76.36M (Peak 76.36M) | Time:00:00.00 | Mem:0.00M, Peak:0.00M | Scene, ViewLayer | Synchronizing object | Mesh_15
Fra:1 Mem:76.67M (Peak 76.67M) | Time:00:00.00 | Mem:0.00M, Peak:0.00M | Scene, ViewLayer | Synchronizing object | Mesh_16
Fra:1 Mem:76.95M (Peak 76.95M) | Time:00:00.00 | Mem:0.00M, Peak:0.00M | Scene, ViewLayer | Synchronizing object | Mesh_17
Fra:1 Mem:80.07M (Peak 80.07M) | Time:00:00.00 | Mem:0.00M, Peak:0.00M | Scene, ViewLayer | Synchronizing object | Mesh_18
Fra:1 Mem:81.26M (Peak 81.26M) | Time:00:00.00 | Mem:0.00M, Peak:0.00M | Scene, ViewLayer | Synchronizing object | Mesh_19
Fra:1 Mem:81.32M (Peak 81.32M) | Time:00:00.00 | Mem:0.00M, Peak:0.00M | Scene, ViewLayer | Synchronizing object | Mesh_20
Fra:1 Mem:84.50M (Peak 84.85M) | Time:00:00.00 | Mem:0.00M, Peak:0.00M | Scene, ViewLayer | Initializing
Fra:1 Mem:84.45M (Peak 84.85M) | Time:00:00.00 | Mem:0.00M, Peak:0.00M | Scene, ViewLayer | Updating Images | Loading 82c34c5158e6b0b0a11a42ed684cacc2
Fra:1 Mem:84.45M (Peak 84.85M) | Time:00:00.00 | Mem:0.00M, Peak:0.00M | Scene, ViewLayer | Updating Images | Loading a682237f08f113c553587ed9f3adc739
Fra:1 Mem:84.45M (Peak 84.85M) | Time:00:00.00 | Mem:0.00M, Peak:0.00M | Scene, ViewLayer | Updating Images | Loading 424437e94f9e91f8b30cd110df137509
Fra:1 Mem:84.45M (Peak 84.85M) | Time:00:00.00 | Mem:0.00M, Peak:0.00M | Scene, ViewLayer | Updating Images | Loading a16774809e8025de1ea410d461175019
Fra:1 Mem:363.47M (Peak 409.47M) | Time:00:00.04 | Mem:23.00M, Peak:23.00M | Scene, ViewLayer | Updating Images | Loading 82172f0df74ed884585ea7e1e0ac3db4
Fra:1 Mem:811.49M (Peak 939.50M) | Time:00:00.13 | Mem:87.00M, Peak:87.00M | Scene, ViewLayer | Updating Images | Loading d6ba7a8a6dface2015f7b95825cf3202
Fra:1 Mem:811.49M (Peak 1003.50M) | Time:00:00.14 | Mem:151.00M, Peak:151.00M | Scene, ViewLayer | Updating Images | Loading 99ec65919840ae6942c7be90a15efe6c
Fra:1 Mem:811.49M (Peak 1003.50M) | Time:00:00.14 | Mem:215.00M, Peak:215.00M | Scene, ViewLayer | Updating Images | Loading a946a532384e7687116a5fdac5d04788
Fra:1 Mem:747.48M (Peak 1003.50M) | Time:00:00.14 | Mem:279.00M, Peak:279.00M | Scene, ViewLayer | Updating Images | Loading e75100ac1b020a5e16a8be11acc4a800
Fra:1 Mem:683.47M (Peak 1003.50M) | Time:00:00.17 | Mem:343.00M, Peak:343.00M | Scene, ViewLayer | Updating Images | Loading 286162989f88e9da0aefe1b8c2b08d7c
Fra:1 Mem:746.48M (Peak 1387.51M) | Time:00:00.30 | Mem:663.00M, Peak:663.00M | Scene, ViewLayer | Waiting for render to start
Fra:1 Mem:746.49M (Peak 1387.51M) | Time:00:00.30 | Mem:663.00M, Peak:663.00M | Scene, ViewLayer | Loading render kernels (may take a few minutes the first time)
Fra:1 Mem:746.49M (Peak 1387.51M) | Time:00:00.30 | Mem:663.00M, Peak:663.00M | Scene, ViewLayer | Updating Scene
Fra:1 Mem:746.49M (Peak 1387.51M) | Time:00:00.30 | Mem:663.00M, Peak:663.00M | Scene, ViewLayer | Updating Shaders
Fra:1 Mem:746.57M (Peak 1387.51M) | Time:00:00.30 | Mem:663.00M, Peak:663.00M | Scene, ViewLayer | Updating Procedurals
Fra:1 Mem:746.57M (Peak 1387.51M) | Time:00:00.30 | Mem:663.00M, Peak:663.00M | Scene, ViewLayer | Updating Background
Fra:1 Mem:746.57M (Peak 1387.51M) | Time:00:00.30 | Mem:663.00M, Peak:663.00M | Scene, ViewLayer | Updating Camera
Fra:1 Mem:746.57M (Peak 1387.51M) | Time:00:00.30 | Mem:663.00M, Peak:663.00M | Scene, ViewLayer | Updating Meshes Flags
Fra:1 Mem:746.57M (Peak 1387.51M) | Time:00:00.30 | Mem:663.00M, Peak:663.00M | Scene, ViewLayer | Updating Objects
Fra:1 Mem:746.57M (Peak 1387.51M) | Time:00:00.30 | Mem:663.00M, Peak:663.00M | Scene, ViewLayer | Updating Objects | Copying Transformations to device
Fra:1 Mem:746.57M (Peak 1387.51M) | Time:00:00.30 | Mem:663.00M, Peak:663.00M | Scene, ViewLayer | Updating Objects | Applying Static Transformations
Fra:1 Mem:746.57M (Peak 1387.51M) | Time:00:00.30 | Mem:663.00M, Peak:663.00M | Scene, ViewLayer | Updating Particle Systems
Fra:1 Mem:746.57M (Peak 1387.51M) | Time:00:00.30 | Mem:663.00M, Peak:663.00M | Scene, ViewLayer | Updating Particle Systems | Copying Particles to device
Fra:1 Mem:746.57M (Peak 1387.51M) | Time:00:00.30 | Mem:663.01M, Peak:663.01M | Scene, ViewLayer | Updating Meshes
Fra:1 Mem:750.65M (Peak 1387.51M) | Time:00:00.30 | Mem:663.01M, Peak:663.01M | Scene, ViewLayer | Updating Mesh | Computing attributes
Fra:1 Mem:756.76M (Peak 1387.51M) | Time:00:00.30 | Mem:663.01M, Peak:663.01M | Scene, ViewLayer | Updating Mesh | Copying Attributes to device
Fra:1 Mem:756.76M (Peak 1387.51M) | Time:00:00.30 | Mem:669.12M, Peak:669.12M | Scene, ViewLayer | Updating Scene BVH | Building
Fra:1 Mem:756.76M (Peak 1387.51M) | Time:00:00.30 | Mem:669.12M, Peak:669.12M | Scene, ViewLayer | Updating Scene BVH | Building BVH
Fra:1 Mem:756.76M (Peak 1387.51M) | Time:00:00.30 | Mem:677.27M, Peak:677.27M | Scene, ViewLayer | Updating Scene BVH | Building BVH 0%
Fra:1 Mem:756.76M (Peak 1387.51M) | Time:00:00.33 | Mem:686.99M, Peak:695.14M | Scene, ViewLayer | Updating Scene BVH | Copying BVH to device
Fra:1 Mem:756.76M (Peak 1387.51M) | Time:00:00.33 | Mem:686.99M, Peak:695.14M | Scene, ViewLayer | Updating Mesh | Computing normals
Fra:1 Mem:766.71M (Peak 1387.51M) | Time:00:00.33 | Mem:686.99M, Peak:695.14M | Scene, ViewLayer | Updating Mesh | Copying Mesh to device
Fra:1 Mem:766.71M (Peak 1387.51M) | Time:00:00.33 | Mem:696.94M, Peak:696.94M | Scene, ViewLayer | Updating Objects Flags
Fra:1 Mem:766.71M (Peak 1387.51M) | Time:00:00.33 | Mem:696.94M, Peak:696.94M | Scene, ViewLayer | Updating Primitive Offsets
Fra:1 Mem:766.71M (Peak 1387.51M) | Time:00:00.33 | Mem:696.94M, Peak:696.94M | Scene, ViewLayer | Updating Images
Fra:1 Mem:766.71M (Peak 1387.51M) | Time:00:00.33 | Mem:696.94M, Peak:696.94M | Scene, ViewLayer | Updating Camera Volume
Fra:1 Mem:766.71M (Peak 1387.51M) | Time:00:00.33 | Mem:696.94M, Peak:696.94M | Scene, ViewLayer | Updating Lookup Tables
Fra:1 Mem:766.71M (Peak 1387.51M) | Time:00:00.33 | Mem:697.02M, Peak:697.02M | Scene, ViewLayer | Updating Lights
Fra:1 Mem:766.71M (Peak 1387.51M) | Time:00:00.33 | Mem:697.02M, Peak:697.02M | Scene, ViewLayer | Updating Lights | Computing tree
Fra:1 Mem:816.62M (Peak 1387.51M) | Time:00:00.76 | Mem:746.93M, Peak:746.93M | Scene, ViewLayer | Updating Integrator
Fra:1 Mem:816.62M (Peak 1387.51M) | Time:00:00.76 | Mem:746.93M, Peak:746.93M | Scene, ViewLayer | Updating Film
Fra:1 Mem:816.63M (Peak 1387.51M) | Time:00:00.76 | Mem:746.85M, Peak:746.93M | Scene, ViewLayer | Updating Lookup Tables
Fra:1 Mem:816.63M (Peak 1387.51M) | Time:00:00.76 | Mem:746.94M, Peak:746.94M | Scene, ViewLayer | Updating Baking
Fra:1 Mem:816.63M (Peak 1387.51M) | Time:00:00.76 | Mem:746.94M, Peak:746.94M | Scene, ViewLayer | Updating Device | Writing constant memory
Fra:1 Mem:816.63M (Peak 1387.51M) | Time:00:00.76 | Mem:746.94M, Peak:746.94M | Scene, ViewLayer | Sample 0/8
Fra:1 Mem:853.73M (Peak 1387.51M) | Time:00:00.95 | Remaining:00:01.30 | Mem:784.03M, Peak:784.03M | Scene, ViewLayer | Sample 1/8
Fra:1 Mem:870.22M (Peak 1387.51M) | Time:00:01.99 | Mem:784.03M, Peak:784.03M | Scene, ViewLayer | Sample 8/8
Fra:1 Mem:870.22M (Peak 1387.51M) | Time:00:01.99 | Mem:784.03M, Peak:784.03M | Scene, ViewLayer | Finished
Saved: '/workspace/apartment-design/multiple-angles/kitchen/angle-1.png'
Time: 00:02.09 (Saving: 00:00.09)

Fra:1 Mem:69.20M (Peak 69.20M) | Time:00:00.00 | Mem:0.00M, Peak:0.00M | Scene, ViewLayer | Synchronizing object | Mesh_11
Fra:1 Mem:69.20M (Peak 69.20M) | Time:00:00.00 | Mem:0.00M, Peak:0.00M | Scene, ViewLayer | Synchronizing object | Mesh_13
Fra:1 Mem:69.46M (Peak 69.46M) | Time:00:00.00 | Mem:0.00M, Peak:0.00M | Scene, ViewLayer | Synchronizing object | Mesh_21
Fra:1 Mem:73.42M (Peak 73.42M) | Time:00:00.00 | Mem:0.00M, Peak:0.00M | Scene, ViewLayer | Synchronizing object | Mesh_14
Fra:1 Mem:75.23M (Peak 75.23M) | Time:00:00.00 | Mem:0.00M, Peak:0.00M | Scene, ViewLayer | Synchronizing object | Mesh_15
Fra:1 Mem:77.14M (Peak 77.29M) | Time:00:00.00 | Mem:0.00M, Peak:0.00M | Scene, ViewLayer | Synchronizing object | Mesh_16
Fra:1 Mem:79.20M (Peak 79.20M) | Time:00:00.00 | Mem:0.00M, Peak:0.00M | Scene, ViewLayer | Synchronizing object | Mesh_17
Fra:1 Mem:79.69M (Peak 79.69M) | Time:00:00.00 | Mem:0.00M, Peak:0.00M | Scene, ViewLayer | Synchronizing object | Mesh_20
Fra:1 Mem:80.82M (Peak 80.82M) | Time:00:00.00 | Mem:0.00M, Peak:0.00M | Scene, ViewLayer | Synchronizing object | Mesh_18
Fra:1 Mem:80.44M (Peak 80.82M) | Time:00:00.00 | Mem:0.00M, Peak:0.00M | Scene, ViewLayer | Synchronizing object | Mesh_19
Fra:1 Mem:84.50M (Peak 85.29M) | Time:00:00.00 | Mem:0.00M, Peak:0.00M | Scene, ViewLayer | Initializing
Fra:1 Mem:84.45M (Peak 85.29M) | Time:00:00.00 | Mem:0.00M, Peak:0.00M | Scene, ViewLayer | Updating Images | Loading 82c34c5158e6b0b0a11a42ed684cacc2
Fra:1 Mem:84.45M (Peak 85.29M) | Time:00:00.00 | Mem:0.00M, Peak:0.00M | Scene, ViewLayer | Updating Images | Loading a682237f08f113c553587ed9f3adc739
Fra:1 Mem:84.45M (Peak 85.29M) | Time:00:00.00 | Mem:0.00M, Peak:0.00M | Scene, ViewLayer | Updating Images | Loading 6f64dc5f23c25de394aa7e16e5e32eea
Fra:1 Mem:84.45M (Peak 85.29M) | Time:00:00.00 | Mem:0.00M, Peak:0.00M | Scene, ViewLayer | Updating Images | Loading 424437e94f9e91f8b30cd110df137509
Fra:1 Mem:299.46M (Peak 299.46M) | Time:00:00.00 | Mem:0.00M, Peak:0.00M | Scene, ViewLayer | Updating Images | Loading a16774809e8025de1ea410d461175019
Fra:1 Mem:363.47M (Peak 409.47M) | Time:00:00.05 | Mem:23.00M, Peak:23.00M | Scene, ViewLayer | Updating Images | Loading 82172f0df74ed884585ea7e1e0ac3db4
Fra:1 Mem:811.49M (Peak 939.50M) | Time:00:00.11 | Mem:87.00M, Peak:87.00M | Scene, ViewLayer | Updating Images | Loading d6ba7a8a6dface2015f7b95825cf3202
Fra:1 Mem:747.49M (Peak 939.50M) | Time:00:00.11 | Mem:151.00M, Peak:151.00M | Scene, ViewLayer | Updating Images | Loading 99ec65919840ae6942c7be90a15efe6c
Fra:1 Mem:683.48M (Peak 939.50M) | Time:00:00.13 | Mem:215.00M, Peak:215.00M | Scene, ViewLayer | Updating Images | Loading a946a532384e7687116a5fdac5d04788
Fra:1 Mem:747.48M (Peak 939.50M) | Time:00:00.14 | Mem:279.00M, Peak:279.00M | Scene, ViewLayer | Updating Images | Loading e75100ac1b020a5e16a8be11acc4a800
Fra:1 Mem:683.47M (Peak 939.50M) | Time:00:00.17 | Mem:343.00M, Peak:343.00M | Scene, ViewLayer | Updating Images | Loading 286162989f88e9da0aefe1b8c2b08d7c
Fra:1 Mem:746.48M (Peak 1259.50M) | Time:00:00.30 | Mem:663.00M, Peak:663.00M | Scene, ViewLayer | Waiting for render to start
Fra:1 Mem:746.49M (Peak 1259.50M) | Time:00:00.30 | Mem:663.00M, Peak:663.00M | Scene, ViewLayer | Loading render kernels (may take a few minutes the first time)
Fra:1 Mem:746.49M (Peak 1259.50M) | Time:00:00.30 | Mem:663.00M, Peak:663.00M | Scene, ViewLayer | Updating Scene
Fra:1 Mem:746.49M (Peak 1259.50M) | Time:00:00.30 | Mem:663.00M, Peak:663.00M | Scene, ViewLayer | Updating Shaders
Fra:1 Mem:746.57M (Peak 1259.50M) | Time:00:00.30 | Mem:663.00M, Peak:663.00M | Scene, ViewLayer | Updating Procedurals
Fra:1 Mem:746.57M (Peak 1259.50M) | Time:00:00.30 | Mem:663.00M, Peak:663.00M | Scene, ViewLayer | Updating Background
Fra:1 Mem:746.57M (Peak 1259.50M) | Time:00:00.30 | Mem:663.00M, Peak:663.00M | Scene, ViewLayer | Updating Camera
Fra:1 Mem:746.57M (Peak 1259.50M) | Time:00:00.30 | Mem:663.00M, Peak:663.00M | Scene, ViewLayer | Updating Meshes Flags
Fra:1 Mem:746.57M (Peak 1259.50M) | Time:00:00.30 | Mem:663.00M, Peak:663.00M | Scene, ViewLayer | Updating Objects
Fra:1 Mem:746.57M (Peak 1259.50M) | Time:00:00.30 | Mem:663.00M, Peak:663.00M | Scene, ViewLayer | Updating Objects | Copying Transformations to device
Fra:1 Mem:746.57M (Peak 1259.50M) | Time:00:00.30 | Mem:663.00M, Peak:663.00M | Scene, ViewLayer | Updating Objects | Applying Static Transformations
Fra:1 Mem:746.57M (Peak 1259.50M) | Time:00:00.30 | Mem:663.00M, Peak:663.00M | Scene, ViewLayer | Updating Particle Systems
Fra:1 Mem:746.57M (Peak 1259.50M) | Time:00:00.30 | Mem:663.00M, Peak:663.00M | Scene, ViewLayer | Updating Particle Systems | Copying Particles to device
Fra:1 Mem:746.57M (Peak 1259.50M) | Time:00:00.30 | Mem:663.01M, Peak:663.01M | Scene, ViewLayer | Updating Meshes
Fra:1 Mem:750.65M (Peak 1259.50M) | Time:00:00.30 | Mem:663.01M, Peak:663.01M | Scene, ViewLayer | Updating Mesh | Computing attributes
Fra:1 Mem:756.76M (Peak 1259.50M) | Time:00:00.30 | Mem:663.01M, Peak:663.01M | Scene, ViewLayer | Updating Mesh | Copying Attributes to device
Fra:1 Mem:756.76M (Peak 1259.50M) | Time:00:00.30 | Mem:669.12M, Peak:669.12M | Scene, ViewLayer | Updating Scene BVH | Building
Fra:1 Mem:756.76M (Peak 1259.50M) | Time:00:00.30 | Mem:669.12M, Peak:669.12M | Scene, ViewLayer | Updating Scene BVH | Building BVH
Fra:1 Mem:756.76M (Peak 1259.50M) | Time:00:00.30 | Mem:677.27M, Peak:677.27M | Scene, ViewLayer | Updating Scene BVH | Building BVH 0%
Fra:1 Mem:756.76M (Peak 1259.50M) | Time:00:00.33 | Mem:686.99M, Peak:695.14M | Scene, ViewLayer | Updating Scene BVH | Copying BVH to device
Fra:1 Mem:756.76M (Peak 1259.50M) | Time:00:00.33 | Mem:686.99M, Peak:695.14M | Scene, ViewLayer | Updating Mesh | Computing normals
Fra:1 Mem:766.71M (Peak 1259.50M) | Time:00:00.33 | Mem:686.99M, Peak:695.14M | Scene, ViewLayer | Updating Mesh | Copying Mesh to device
Fra:1 Mem:766.71M (Peak 1259.50M) | Time:00:00.33 | Mem:696.94M, Peak:696.94M | Scene, ViewLayer | Updating Objects Flags
Fra:1 Mem:766.71M (Peak 1259.50M) | Time:00:00.33 | Mem:696.94M, Peak:696.94M | Scene, ViewLayer | Updating Primitive Offsets
Fra:1 Mem:766.71M (Peak 1259.50M) | Time:00:00.33 | Mem:696.94M, Peak:696.94M | Scene, ViewLayer | Updating Images
Fra:1 Mem:766.71M (Peak 1259.50M) | Time:00:00.33 | Mem:696.94M, Peak:696.94M | Scene, ViewLayer | Updating Camera Volume
Fra:1 Mem:766.71M (Peak 1259.50M) | Time:00:00.33 | Mem:696.94M, Peak:696.94M | Scene, ViewLayer | Updating Lookup Tables
Fra:1 Mem:766.71M (Peak 1259.50M) | Time:00:00.33 | Mem:697.02M, Peak:697.02M | Scene, ViewLayer | Updating Lights
Fra:1 Mem:766.71M (Peak 1259.50M) | Time:00:00.33 | Mem:697.02M, Peak:697.02M | Scene, ViewLayer | Updating Lights | Computing tree
Fra:1 Mem:816.62M (Peak 1259.50M) | Time:00:00.77 | Mem:746.93M, Peak:746.93M | Scene, ViewLayer | Updating Integrator
Fra:1 Mem:816.62M (Peak 1259.50M) | Time:00:00.77 | Mem:746.93M, Peak:746.93M | Scene, ViewLayer | Updating Film
Fra:1 Mem:816.63M (Peak 1259.50M) | Time:00:00.77 | Mem:746.85M, Peak:746.93M | Scene, ViewLayer | Updating Lookup Tables
Fra:1 Mem:816.63M (Peak 1259.50M) | Time:00:00.77 | Mem:746.94M, Peak:746.94M | Scene, ViewLayer | Updating Baking
Fra:1 Mem:816.63M (Peak 1259.50M) | Time:00:00.77 | Mem:746.94M, Peak:746.94M | Scene, ViewLayer | Updating Device | Writing constant memory
Fra:1 Mem:816.63M (Peak 1259.50M) | Time:00:00.77 | Mem:746.94M, Peak:746.94M | Scene, ViewLayer | Sample 0/8
Fra:1 Mem:853.73M (Peak 1259.50M) | Time:00:00.96 | Remaining:00:01.32 | Mem:784.03M, Peak:784.03M | Scene, ViewLayer | Sample 1/8
Fra:1 Mem:870.22M (Peak 1259.50M) | Time:00:02.00 | Mem:784.03M, Peak:784.03M | Scene, ViewLayer | Sample 8/8
Fra:1 Mem:870.22M (Peak 1259.50M) | Time:00:02.00 | Mem:784.03M, Peak:784.03M | Scene, ViewLayer | Finished
Saved: '/workspace/apartment-design/multiple-angles/kitchen/angle-2.png'
Time: 00:02.10 (Saving: 00:00.09)

Fra:1 Mem:69.20M (Peak 69.20M) | Time:00:00.00 | Mem:0.00M, Peak:0.00M | Scene, ViewLayer | Synchronizing object | Mesh_11
Fra:1 Mem:69.20M (Peak 69.20M) | Time:00:00.00 | Mem:0.00M, Peak:0.00M | Scene, ViewLayer | Synchronizing object | Mesh_21
Fra:1 Mem:74.74M (Peak 74.74M) | Time:00:00.00 | Mem:0.00M, Peak:0.00M | Scene, ViewLayer | Synchronizing object | Mesh_14
Fra:1 Mem:76.24M (Peak 76.24M) | Time:00:00.00 | Mem:0.00M, Peak:0.00M | Scene, ViewLayer | Synchronizing object | Mesh_15
Fra:1 Mem:77.77M (Peak 77.77M) | Time:00:00.00 | Mem:0.00M, Peak:0.00M | Scene, ViewLayer | Synchronizing object | Mesh_16
Fra:1 Mem:77.54M (Peak 77.77M) | Time:00:00.00 | Mem:0.00M, Peak:0.00M | Scene, ViewLayer | Synchronizing object | Mesh_20
Fra:1 Mem:78.80M (Peak 78.80M) | Time:00:00.00 | Mem:0.00M, Peak:0.00M | Scene, ViewLayer | Synchronizing object | Mesh_17
Fra:1 Mem:80.93M (Peak 81.31M) | Time:00:00.00 | Mem:0.00M, Peak:0.00M | Scene, ViewLayer | Synchronizing object | Mesh_18
Fra:1 Mem:81.23M (Peak 81.31M) | Time:00:00.00 | Mem:0.00M, Peak:0.00M | Scene, ViewLayer | Synchronizing object | Mesh_19
Fra:1 Mem:84.50M (Peak 85.39M) | Time:00:00.00 | Mem:0.00M, Peak:0.00M | Scene, ViewLayer | Initializing
Fra:1 Mem:84.45M (Peak 85.39M) | Time:00:00.00 | Mem:0.00M, Peak:0.00M | Scene, ViewLayer | Updating Images | Loading a682237f08f113c553587ed9f3adc739
Fra:1 Mem:84.45M (Peak 85.39M) | Time:00:00.00 | Mem:0.00M, Peak:0.00M | Scene, ViewLayer | Updating Images | Loading 6f64dc5f23c25de394aa7e16e5e32eea
Fra:1 Mem:84.45M (Peak 85.39M) | Time:00:00.00 | Mem:0.00M, Peak:0.00M | Scene, ViewLayer | Updating Images | Loading 424437e94f9e91f8b30cd110df137509
Fra:1 Mem:299.46M (Peak 299.46M) | Time:00:00.00 | Mem:0.00M, Peak:0.00M | Scene, ViewLayer | Updating Images | Loading a16774809e8025de1ea410d461175019
Fra:1 Mem:363.47M (Peak 409.47M) | Time:00:00.04 | Mem:23.00M, Peak:23.00M | Scene, ViewLayer | Updating Images | Loading 82172f0df74ed884585ea7e1e0ac3db4
Fra:1 Mem:811.49M (Peak 939.50M) | Time:00:00.11 | Mem:87.00M, Peak:87.00M | Scene, ViewLayer | Updating Images | Loading d6ba7a8a6dface2015f7b95825cf3202
Fra:1 Mem:875.49M (Peak 939.50M) | Time:00:00.13 | Mem:151.00M, Peak:151.00M | Scene, ViewLayer | Updating Images | Loading 99ec65919840ae6942c7be90a15efe6c
Fra:1 Mem:811.49M (Peak 939.50M) | Time:00:00.13 | Mem:215.00M, Peak:215.00M | Scene, ViewLayer | Updating Images | Loading a946a532384e7687116a5fdac5d04788
Fra:1 Mem:683.48M (Peak 939.50M) | Time:00:00.16 | Mem:279.00M, Peak:279.00M | Scene, ViewLayer | Updating Images | Loading e75100ac1b020a5e16a8be11acc4a800
Fra:1 Mem:619.47M (Peak 939.50M) | Time:00:00.16 | Mem:343.00M, Peak:343.00M | Scene, ViewLayer | Updating Images | Loading 286162989f88e9da0aefe1b8c2b08d7c
Fra:1 Mem:746.48M (Peak 1259.50M) | Time:00:00.30 | Mem:663.00M, Peak:663.00M | Scene, ViewLayer | Waiting for render to start
Fra:1 Mem:746.49M (Peak 1259.50M) | Time:00:00.30 | Mem:663.00M, Peak:663.00M | Scene, ViewLayer | Loading render kernels (may take a few minutes the first time)
Fra:1 Mem:746.49M (Peak 1259.50M) | Time:00:00.30 | Mem:663.00M, Peak:663.00M | Scene, ViewLayer | Updating Scene
Fra:1 Mem:746.49M (Peak 1259.50M) | Time:00:00.30 | Mem:663.00M, Peak:663.00M | Scene, ViewLayer | Updating Shaders
Fra:1 Mem:746.57M (Peak 1259.50M) | Time:00:00.30 | Mem:663.00M, Peak:663.00M | Scene, ViewLayer | Updating Procedurals
Fra:1 Mem:746.57M (Peak 1259.50M) | Time:00:00.30 | Mem:663.00M, Peak:663.00M | Scene, ViewLayer | Updating Background
Fra:1 Mem:746.57M (Peak 1259.50M) | Time:00:00.30 | Mem:663.00M, Peak:663.00M | Scene, ViewLayer | Updating Camera
Fra:1 Mem:746.57M (Peak 1259.50M) | Time:00:00.30 | Mem:663.00M, Peak:663.00M | Scene, ViewLayer | Updating Meshes Flags
Fra:1 Mem:746.57M (Peak 1259.50M) | Time:00:00.30 | Mem:663.00M, Peak:663.00M | Scene, ViewLayer | Updating Objects
Fra:1 Mem:746.57M (Peak 1259.50M) | Time:00:00.30 | Mem:663.00M, Peak:663.00M | Scene, ViewLayer | Updating Objects | Copying Transformations to device
Fra:1 Mem:746.57M (Peak 1259.50M) | Time:00:00.30 | Mem:663.00M, Peak:663.00M | Scene, ViewLayer | Updating Objects | Applying Static Transformations
Fra:1 Mem:746.57M (Peak 1259.50M) | Time:00:00.30 | Mem:663.00M, Peak:663.00M | Scene, ViewLayer | Updating Particle Systems
Fra:1 Mem:746.57M (Peak 1259.50M) | Time:00:00.30 | Mem:663.00M, Peak:663.00M | Scene, ViewLayer | Updating Particle Systems | Copying Particles to device
Fra:1 Mem:746.57M (Peak 1259.50M) | Time:00:00.30 | Mem:663.01M, Peak:663.01M | Scene, ViewLayer | Updating Meshes
Fra:1 Mem:750.65M (Peak 1259.50M) | Time:00:00.30 | Mem:663.01M, Peak:663.01M | Scene, ViewLayer | Updating Mesh | Computing attributes
Fra:1 Mem:756.76M (Peak 1259.50M) | Time:00:00.30 | Mem:663.01M, Peak:663.01M | Scene, ViewLayer | Updating Mesh | Copying Attributes to device
Fra:1 Mem:756.76M (Peak 1259.50M) | Time:00:00.30 | Mem:669.12M, Peak:669.12M | Scene, ViewLayer | Updating Scene BVH | Building
Fra:1 Mem:756.76M (Peak 1259.50M) | Time:00:00.30 | Mem:669.12M, Peak:669.12M | Scene, ViewLayer | Updating Scene BVH | Building BVH
Fra:1 Mem:756.76M (Peak 1259.50M) | Time:00:00.30 | Mem:677.27M, Peak:677.27M | Scene, ViewLayer | Updating Scene BVH | Building BVH 0%
Fra:1 Mem:756.76M (Peak 1259.50M) | Time:00:00.33 | Mem:686.99M, Peak:695.14M | Scene, ViewLayer | Updating Scene BVH | Copying BVH to device
Fra:1 Mem:756.76M (Peak 1259.50M) | Time:00:00.33 | Mem:686.99M, Peak:695.14M | Scene, ViewLayer | Updating Mesh | Computing normals
Fra:1 Mem:766.71M (Peak 1259.50M) | Time:00:00.33 | Mem:686.99M, Peak:695.14M | Scene, ViewLayer | Updating Mesh | Copying Mesh to device
Fra:1 Mem:766.71M (Peak 1259.50M) | Time:00:00.33 | Mem:696.94M, Peak:696.94M | Scene, ViewLayer | Updating Objects Flags
Fra:1 Mem:766.71M (Peak 1259.50M) | Time:00:00.33 | Mem:696.94M, Peak:696.94M | Scene, ViewLayer | Updating Primitive Offsets
Fra:1 Mem:766.71M (Peak 1259.50M) | Time:00:00.33 | Mem:696.94M, Peak:696.94M | Scene, ViewLayer | Updating Images
Fra:1 Mem:766.71M (Peak 1259.50M) | Time:00:00.33 | Mem:696.94M, Peak:696.94M | Scene, ViewLayer | Updating Camera Volume
Fra:1 Mem:766.71M (Peak 1259.50M) | Time:00:00.33 | Mem:696.94M, Peak:696.94M | Scene, ViewLayer | Updating Lookup Tables
Fra:1 Mem:766.71M (Peak 1259.50M) | Time:00:00.33 | Mem:697.02M, Peak:697.02M | Scene, ViewLayer | Updating Lights
Fra:1 Mem:766.71M (Peak 1259.50M) | Time:00:00.33 | Mem:697.02M, Peak:697.02M | Scene, ViewLayer | Updating Lights | Computing tree
Fra:1 Mem:816.62M (Peak 1259.50M) | Time:00:00.74 | Mem:746.93M, Peak:746.93M | Scene, ViewLayer | Updating Integrator
Fra:1 Mem:816.62M (Peak 1259.50M) | Time:00:00.75 | Mem:746.93M, Peak:746.93M | Scene, ViewLayer | Updating Film
Fra:1 Mem:816.63M (Peak 1259.50M) | Time:00:00.75 | Mem:746.85M, Peak:746.93M | Scene, ViewLayer | Updating Lookup Tables
Fra:1 Mem:816.63M (Peak 1259.50M) | Time:00:00.75 | Mem:746.94M, Peak:746.94M | Scene, ViewLayer | Updating Baking
Fra:1 Mem:816.63M (Peak 1259.50M) | Time:00:00.75 | Mem:746.94M, Peak:746.94M | Scene, ViewLayer | Updating Device | Writing constant memory
Fra:1 Mem:816.63M (Peak 1259.50M) | Time:00:00.75 | Mem:746.94M, Peak:746.94M | Scene, ViewLayer | Sample 0/8
Fra:1 Mem:853.74M (Peak 1259.50M) | Time:00:00.93 | Remaining:00:01.25 | Mem:784.03M, Peak:784.03M | Scene, ViewLayer | Sample 1/8
Fra:1 Mem:870.22M (Peak 1259.50M) | Time:00:02.01 | Mem:784.03M, Peak:784.03M | Scene, ViewLayer | Sample 8/8
Fra:1 Mem:870.22M (Peak 1259.50M) | Time:00:02.01 | Mem:784.03M, Peak:784.03M | Scene, ViewLayer | Finished
Saved: '/workspace/apartment-design/multiple-angles/kitchen/angle-3.png'
Time: 00:02.12 (Saving: 00:00.10)

Fra:1 Mem:69.20M (Peak 69.20M) | Time:00:00.00 | Mem:0.00M, Peak:0.00M | Scene, ViewLayer | Synchronizing object | Mesh_11
Fra:1 Mem:70.04M (Peak 70.04M) | Time:00:00.00 | Mem:0.00M, Peak:0.00M | Scene, ViewLayer | Synchronizing object | Mesh_12
Fra:1 Mem:70.36M (Peak 70.36M) | Time:00:00.00 | Mem:0.00M, Peak:0.00M | Scene, ViewLayer | Synchronizing object | Mesh_14
Fra:1 Mem:71.05M (Peak 71.05M) | Time:00:00.00 | Mem:0.00M, Peak:0.00M | Scene, ViewLayer | Synchronizing object | Mesh_21
Fra:1 Mem:76.25M (Peak 76.25M) | Time:00:00.00 | Mem:0.00M, Peak:0.00M | Scene, ViewLayer | Synchronizing object | Mesh_15
Fra:1 Mem:76.83M (Peak 76.83M) | Time:00:00.00 | Mem:0.00M, Peak:0.00M | Scene, ViewLayer | Synchronizing object | Mesh_16
Fra:1 Mem:78.75M (Peak 78.75M) | Time:00:00.00 | Mem:0.00M, Peak:0.00M | Scene, ViewLayer | Synchronizing object | Mesh_17
Fra:1 Mem:79.02M (Peak 79.02M) | Time:00:00.00 | Mem:0.00M, Peak:0.00M | Scene, ViewLayer | Synchronizing object | Mesh_18
Fra:1 Mem:80.12M (Peak 80.12M) | Time:00:00.00 | Mem:0.00M, Peak:0.00M | Scene, ViewLayer | Synchronizing object | Mesh_19
Fra:1 Mem:79.91M (Peak 80.12M) | Time:00:00.00 | Mem:0.00M, Peak:0.00M | Scene, ViewLayer | Synchronizing object | Mesh_20
Fra:1 Mem:84.50M (Peak 84.78M) | Time:00:00.00 | Mem:0.00M, Peak:0.00M | Scene, ViewLayer | Initializing
Fra:1 Mem:84.45M (Peak 84.78M) | Time:00:00.00 | Mem:0.00M, Peak:0.00M | Scene, ViewLayer | Updating Images | Loading 82c34c5158e6b0b0a11a42ed684cacc2
Fra:1 Mem:84.45M (Peak 84.78M) | Time:00:00.00 | Mem:0.00M, Peak:0.00M | Scene, ViewLayer | Updating Images | Loading a682237f08f113c553587ed9f3adc739
Fra:1 Mem:84.45M (Peak 84.78M) | Time:00:00.00 | Mem:0.00M, Peak:0.00M | Scene, ViewLayer | Updating Images | Loading a16774809e8025de1ea410d461175019
Fra:1 Mem:363.47M (Peak 409.47M) | Time:00:00.04 | Mem:23.00M, Peak:23.00M | Scene, ViewLayer | Updating Images | Loading 82172f0df74ed884585ea7e1e0ac3db4
Fra:1 Mem:811.49M (Peak 939.50M) | Time:00:00.13 | Mem:87.00M, Peak:87.00M | Scene, ViewLayer | Updating Images | Loading d6ba7a8a6dface2015f7b95825cf3202
Fra:1 Mem:875.49M (Peak 1003.50M) | Time:00:00.14 | Mem:151.00M, Peak:151.00M | Scene, ViewLayer | Updating Images | Loading 99ec65919840ae6942c7be90a15efe6c
Fra:1 Mem:811.49M (Peak 1003.50M) | Time:00:00.14 | Mem:215.00M, Peak:215.00M | Scene, ViewLayer | Updating Images | Loading a946a532384e7687116a5fdac5d04788
Fra:1 Mem:747.48M (Peak 1003.50M) | Time:00:00.14 | Mem:279.00M, Peak:279.00M | Scene, ViewLayer | Updating Images | Loading e75100ac1b020a5e16a8be11acc4a800
Fra:1 Mem:683.47M (Peak 1003.50M) | Time:00:00.16 | Mem:343.00M, Peak:343.00M | Scene, ViewLayer | Updating Images | Loading 286162989f88e9da0aefe1b8c2b08d7c
Fra:1 Mem:746.48M (Peak 1387.51M) | Time:00:00.30 | Mem:663.00M, Peak:663.00M | Scene, ViewLayer | Waiting for render to start
Fra:1 Mem:746.49M (Peak 1387.51M) | Time:00:00.30 | Mem:663.00M, Peak:663.00M | Scene, ViewLayer | Loading render kernels (may take a few minutes the first time)
Fra:1 Mem:746.49M (Peak 1387.51M) | Time:00:00.30 | Mem:663.00M, Peak:663.00M | Scene, ViewLayer | Updating Scene
Fra:1 Mem:746.49M (Peak 1387.51M) | Time:00:00.30 | Mem:663.00M, Peak:663.00M | Scene, ViewLayer | Updating Shaders
Fra:1 Mem:746.57M (Peak 1387.51M) | Time:00:00.30 | Mem:663.00M, Peak:663.00M | Scene, ViewLayer | Updating Procedurals
Fra:1 Mem:746.57M (Peak 1387.51M) | Time:00:00.30 | Mem:663.00M, Peak:663.00M | Scene, ViewLayer | Updating Background
Fra:1 Mem:746.57M (Peak 1387.51M) | Time:00:00.30 | Mem:663.00M, Peak:663.00M | Scene, ViewLayer | Updating Camera
Fra:1 Mem:746.57M (Peak 1387.51M) | Time:00:00.30 | Mem:663.00M, Peak:663.00M | Scene, ViewLayer | Updating Meshes Flags
Fra:1 Mem:746.57M (Peak 1387.51M) | Time:00:00.30 | Mem:663.00M, Peak:663.00M | Scene, ViewLayer | Updating Objects
Fra:1 Mem:746.57M (Peak 1387.51M) | Time:00:00.30 | Mem:663.00M, Peak:663.00M | Scene, ViewLayer | Updating Objects | Copying Transformations to device
Fra:1 Mem:746.57M (Peak 1387.51M) | Time:00:00.30 | Mem:663.00M, Peak:663.00M | Scene, ViewLayer | Updating Objects | Applying Static Transformations
Fra:1 Mem:746.57M (Peak 1387.51M) | Time:00:00.30 | Mem:663.00M, Peak:663.00M | Scene, ViewLayer | Updating Particle Systems
Fra:1 Mem:746.57M (Peak 1387.51M) | Time:00:00.30 | Mem:663.00M, Peak:663.00M | Scene, ViewLayer | Updating Particle Systems | Copying Particles to device
Fra:1 Mem:746.57M (Peak 1387.51M) | Time:00:00.30 | Mem:663.01M, Peak:663.01M | Scene, ViewLayer | Updating Meshes
Fra:1 Mem:750.65M (Peak 1387.51M) | Time:00:00.31 | Mem:663.01M, Peak:663.01M | Scene, ViewLayer | Updating Mesh | Computing attributes
Fra:1 Mem:756.76M (Peak 1387.51M) | Time:00:00.31 | Mem:663.01M, Peak:663.01M | Scene, ViewLayer | Updating Mesh | Copying Attributes to device
Fra:1 Mem:756.76M (Peak 1387.51M) | Time:00:00.31 | Mem:669.12M, Peak:669.12M | Scene, ViewLayer | Updating Scene BVH | Building
Fra:1 Mem:756.76M (Peak 1387.51M) | Time:00:00.31 | Mem:669.12M, Peak:669.12M | Scene, ViewLayer | Updating Scene BVH | Building BVH
Fra:1 Mem:756.76M (Peak 1387.51M) | Time:00:00.31 | Mem:677.27M, Peak:677.27M | Scene, ViewLayer | Updating Scene BVH | Building BVH 0%
Fra:1 Mem:756.76M (Peak 1387.51M) | Time:00:00.34 | Mem:686.99M, Peak:695.14M | Scene, ViewLayer | Updating Scene BVH | Copying BVH to device
Fra:1 Mem:756.76M (Peak 1387.51M) | Time:00:00.34 | Mem:686.99M, Peak:695.14M | Scene, ViewLayer | Updating Mesh | Computing normals
Fra:1 Mem:766.71M (Peak 1387.51M) | Time:00:00.34 | Mem:686.99M, Peak:695.14M | Scene, ViewLayer | Updating Mesh | Copying Mesh to device
Fra:1 Mem:766.71M (Peak 1387.51M) | Time:00:00.34 | Mem:696.94M, Peak:696.94M | Scene, ViewLayer | Updating Objects Flags
Fra:1 Mem:766.71M (Peak 1387.51M) | Time:00:00.34 | Mem:696.94M, Peak:696.94M | Scene, ViewLayer | Updating Primitive Offsets
Fra:1 Mem:766.71M (Peak 1387.51M) | Time:00:00.34 | Mem:696.94M, Peak:696.94M | Scene, ViewLayer | Updating Images
Fra:1 Mem:766.71M (Peak 1387.51M) | Time:00:00.34 | Mem:696.94M, Peak:696.94M | Scene, ViewLayer | Updating Camera Volume
Fra:1 Mem:766.71M (Peak 1387.51M) | Time:00:00.34 | Mem:696.94M, Peak:696.94M | Scene, ViewLayer | Updating Lookup Tables
Fra:1 Mem:766.71M (Peak 1387.51M) | Time:00:00.34 | Mem:697.02M, Peak:697.02M | Scene, ViewLayer | Updating Lights
Fra:1 Mem:766.71M (Peak 1387.51M) | Time:00:00.34 | Mem:697.02M, Peak:697.02M | Scene, ViewLayer | Updating Lights | Computing tree
Fra:1 Mem:816.63M (Peak 1387.51M) | Time:00:00.77 | Mem:746.93M, Peak:746.93M | Scene, ViewLayer | Updating Integrator
Fra:1 Mem:816.63M (Peak 1387.51M) | Time:00:00.77 | Mem:746.93M, Peak:746.93M | Scene, ViewLayer | Updating Film
Fra:1 Mem:816.63M (Peak 1387.51M) | Time:00:00.77 | Mem:746.85M, Peak:746.93M | Scene, ViewLayer | Updating Lookup Tables
Fra:1 Mem:816.63M (Peak 1387.51M) | Time:00:00.77 | Mem:746.94M, Peak:746.94M | Scene, ViewLayer | Updating Baking
Fra:1 Mem:816.63M (Peak 1387.51M) | Time:00:00.77 | Mem:746.94M, Peak:746.94M | Scene, ViewLayer | Updating Device | Writing constant memory
Fra:1 Mem:816.63M (Peak 1387.51M) | Time:00:00.77 | Mem:746.94M, Peak:746.94M | Scene, ViewLayer | Sample 0/8
Fra:1 Mem:853.74M (Peak 1387.51M) | Time:00:00.95 | Remaining:00:01.28 | Mem:784.03M, Peak:784.03M | Scene, ViewLayer | Sample 1/8
Fra:1 Mem:870.22M (Peak 1387.51M) | Time:00:02.03 | Mem:784.03M, Peak:784.03M | Scene, ViewLayer | Sample 8/8
Fra:1 Mem:870.22M (Peak 1387.51M) | Time:00:02.03 | Mem:784.03M, Peak:784.03M | Scene, ViewLayer | Finished
Saved: '/workspace/apartment-design/multiple-angles/kitchen/angle-4.png'
Time: 00:02.13 (Saving: 00:00.10)

Fra:1 Mem:69.20M (Peak 69.20M) | Time:00:00.00 | Mem:0.00M, Peak:0.00M | Scene, ViewLayer | Synchronizing object | Mesh_11
Fra:1 Mem:69.20M (Peak 69.20M) | Time:00:00.00 | Mem:0.00M, Peak:0.00M | Scene, ViewLayer | Synchronizing object | Mesh_21
Fra:1 Mem:70.04M (Peak 70.04M) | Time:00:00.00 | Mem:0.00M, Peak:0.00M | Scene, ViewLayer | Synchronizing object | Mesh_14
Fra:1 Mem:75.94M (Peak 75.94M) | Time:00:00.00 | Mem:0.00M, Peak:0.00M | Scene, ViewLayer | Synchronizing object | Mesh_15
Fra:1 Mem:77.16M (Peak 77.16M) | Time:00:00.00 | Mem:0.00M, Peak:0.00M | Scene, ViewLayer | Synchronizing object | Mesh_16
Fra:1 Mem:78.63M (Peak 78.63M) | Time:00:00.00 | Mem:0.00M, Peak:0.00M | Scene, ViewLayer | Synchronizing object | Mesh_20
Fra:1 Mem:78.18M (Peak 78.63M) | Time:00:00.00 | Mem:0.00M, Peak:0.00M | Scene, ViewLayer | Synchronizing object | Mesh_17
Fra:1 Mem:78.44M (Peak 78.63M) | Time:00:00.00 | Mem:0.00M, Peak:0.00M | Scene, ViewLayer | Synchronizing object | Mesh_18
Fra:1 Mem:82.15M (Peak 82.15M) | Time:00:00.00 | Mem:0.00M, Peak:0.00M | Scene, ViewLayer | Synchronizing object | Mesh_19
Fra:1 Mem:84.50M (Peak 85.69M) | Time:00:00.00 | Mem:0.00M, Peak:0.00M | Scene, ViewLayer | Initializing
Fra:1 Mem:84.45M (Peak 85.69M) | Time:00:00.00 | Mem:0.00M, Peak:0.00M | Scene, ViewLayer | Updating Images | Loading 82c34c5158e6b0b0a11a42ed684cacc2
Fra:1 Mem:84.45M (Peak 85.69M) | Time:00:00.00 | Mem:0.00M, Peak:0.00M | Scene, ViewLayer | Updating Images | Loading 6f64dc5f23c25de394aa7e16e5e32eea
Fra:1 Mem:84.45M (Peak 85.69M) | Time:00:00.00 | Mem:0.00M, Peak:0.00M | Scene, ViewLayer | Updating Images | Loading 424437e94f9e91f8b30cd110df137509
Fra:1 Mem:84.46M (Peak 85.69M) | Time:00:00.00 | Mem:0.00M, Peak:0.00M | Scene, ViewLayer | Updating Images | Loading a16774809e8025de1ea410d461175019
Fra:1 Mem:363.47M (Peak 409.47M) | Time:00:00.05 | Mem:23.00M, Peak:23.00M | Scene, ViewLayer | Updating Images | Loading 82172f0df74ed884585ea7e1e0ac3db4
Fra:1 Mem:811.49M (Peak 939.50M) | Time:00:00.12 | Mem:87.00M, Peak:87.00M | Scene, ViewLayer | Updating Images | Loading d6ba7a8a6dface2015f7b95825cf3202
Fra:1 Mem:683.49M (Peak 939.50M) | Time:00:00.12 | Mem:151.00M, Peak:151.00M | Scene, ViewLayer | Updating Images | Loading 99ec65919840ae6942c7be90a15efe6c
Fra:1 Mem:683.48M (Peak 939.50M) | Time:00:00.12 | Mem:215.00M, Peak:215.00M | Scene, ViewLayer | Updating Images | Loading a946a532384e7687116a5fdac5d04788
Fra:1 Mem:619.47M (Peak 939.50M) | Time:00:00.13 | Mem:279.00M, Peak:279.00M | Scene, ViewLayer | Updating Images | Loading e75100ac1b020a5e16a8be11acc4a800
Fra:1 Mem:683.47M (Peak 939.50M) | Time:00:00.19 | Mem:343.00M, Peak:343.00M | Scene, ViewLayer | Updating Images | Loading 286162989f88e9da0aefe1b8c2b08d7c
Fra:1 Mem:746.49M (Peak 1259.50M) | Time:00:00.30 | Mem:663.00M, Peak:663.00M | Scene, ViewLayer | Waiting for render to start
Fra:1 Mem:746.49M (Peak 1259.50M) | Time:00:00.31 | Mem:663.00M, Peak:663.00M | Scene, ViewLayer | Loading render kernels (may take a few minutes the first time)
Fra:1 Mem:746.49M (Peak 1259.50M) | Time:00:00.31 | Mem:663.00M, Peak:663.00M | Scene, ViewLayer | Updating Scene
Fra:1 Mem:746.49M (Peak 1259.50M) | Time:00:00.31 | Mem:663.00M, Peak:663.00M | Scene, ViewLayer | Updating Shaders
Fra:1 Mem:746.57M (Peak 1259.50M) | Time:00:00.31 | Mem:663.00M, Peak:663.00M | Scene, ViewLayer | Updating Procedurals
Fra:1 Mem:746.57M (Peak 1259.50M) | Time:00:00.31 | Mem:663.00M, Peak:663.00M | Scene, ViewLayer | Updating Background
Fra:1 Mem:746.57M (Peak 1259.50M) | Time:00:00.31 | Mem:663.00M, Peak:663.00M | Scene, ViewLayer | Updating Camera
Fra:1 Mem:746.57M (Peak 1259.50M) | Time:00:00.31 | Mem:663.00M, Peak:663.00M | Scene, ViewLayer | Updating Meshes Flags
Fra:1 Mem:746.57M (Peak 1259.50M) | Time:00:00.31 | Mem:663.00M, Peak:663.00M | Scene, ViewLayer | Updating Objects
Fra:1 Mem:746.57M (Peak 1259.50M) | Time:00:00.31 | Mem:663.00M, Peak:663.00M | Scene, ViewLayer | Updating Objects | Copying Transformations to device
Fra:1 Mem:746.57M (Peak 1259.50M) | Time:00:00.31 | Mem:663.00M, Peak:663.00M | Scene, ViewLayer | Updating Objects | Applying Static Transformations
Fra:1 Mem:746.57M (Peak 1259.50M) | Time:00:00.31 | Mem:663.00M, Peak:663.00M | Scene, ViewLayer | Updating Particle Systems
Fra:1 Mem:746.57M (Peak 1259.50M) | Time:00:00.31 | Mem:663.00M, Peak:663.00M | Scene, ViewLayer | Updating Particle Systems | Copying Particles to device
Fra:1 Mem:746.57M (Peak 1259.50M) | Time:00:00.31 | Mem:663.01M, Peak:663.01M | Scene, ViewLayer | Updating Meshes
Fra:1 Mem:750.65M (Peak 1259.50M) | Time:00:00.31 | Mem:663.01M, Peak:663.01M | Scene, ViewLayer | Updating Mesh | Computing attributes
Fra:1 Mem:756.76M (Peak 1259.50M) | Time:00:00.31 | Mem:663.01M, Peak:663.01M | Scene, ViewLayer | Updating Mesh | Copying Attributes to device
Fra:1 Mem:756.76M (Peak 1259.50M) | Time:00:00.31 | Mem:669.12M, Peak:669.12M | Scene, ViewLayer | Updating Scene BVH | Building
Fra:1 Mem:756.76M (Peak 1259.50M) | Time:00:00.31 | Mem:669.12M, Peak:669.12M | Scene, ViewLayer | Updating Scene BVH | Building BVH
Fra:1 Mem:756.76M (Peak 1259.50M) | Time:00:00.31 | Mem:677.27M, Peak:677.27M | Scene, ViewLayer | Updating Scene BVH | Building BVH 0%
Fra:1 Mem:756.76M (Peak 1259.50M) | Time:00:00.34 | Mem:686.99M, Peak:695.14M | Scene, ViewLayer | Updating Scene BVH | Copying BVH to device
Fra:1 Mem:756.76M (Peak 1259.50M) | Time:00:00.34 | Mem:686.99M, Peak:695.14M | Scene, ViewLayer | Updating Mesh | Computing normals
Fra:1 Mem:766.71M (Peak 1259.50M) | Time:00:00.34 | Mem:686.99M, Peak:695.14M | Scene, ViewLayer | Updating Mesh | Copying Mesh to device
Fra:1 Mem:766.71M (Peak 1259.50M) | Time:00:00.34 | Mem:696.94M, Peak:696.94M | Scene, ViewLayer | Updating Objects Flags
Fra:1 Mem:766.71M (Peak 1259.50M) | Time:00:00.34 | Mem:696.94M, Peak:696.94M | Scene, ViewLayer | Updating Primitive Offsets
Fra:1 Mem:766.71M (Peak 1259.50M) | Time:00:00.34 | Mem:696.94M, Peak:696.94M | Scene, ViewLayer | Updating Images
Fra:1 Mem:766.71M (Peak 1259.50M) | Time:00:00.34 | Mem:696.94M, Peak:696.94M | Scene, ViewLayer | Updating Camera Volume
Fra:1 Mem:766.71M (Peak 1259.50M) | Time:00:00.34 | Mem:696.94M, Peak:696.94M | Scene, ViewLayer | Updating Lookup Tables
Fra:1 Mem:766.71M (Peak 1259.50M) | Time:00:00.34 | Mem:697.02M, Peak:697.02M | Scene, ViewLayer | Updating Lights
Fra:1 Mem:766.71M (Peak 1259.50M) | Time:00:00.34 | Mem:697.02M, Peak:697.02M | Scene, ViewLayer | Updating Lights | Computing tree
Fra:1 Mem:816.63M (Peak 1259.50M) | Time:00:00.78 | Mem:746.93M, Peak:746.93M | Scene, ViewLayer | Updating Integrator
Fra:1 Mem:816.63M (Peak 1259.50M) | Time:00:00.78 | Mem:746.93M, Peak:746.93M | Scene, ViewLayer | Updating Film
Fra:1 Mem:816.63M (Peak 1259.50M) | Time:00:00.78 | Mem:746.85M, Peak:746.93M | Scene, ViewLayer | Updating Lookup Tables
Fra:1 Mem:816.63M (Peak 1259.50M) | Time:00:00.78 | Mem:746.94M, Peak:746.94M | Scene, ViewLayer | Updating Baking
Fra:1 Mem:816.63M (Peak 1259.50M) | Time:00:00.78 | Mem:746.94M, Peak:746.94M | Scene, ViewLayer | Updating Device | Writing constant memory
Fra:1 Mem:816.63M (Peak 1259.50M) | Time:00:00.78 | Mem:746.94M, Peak:746.94M | Scene, ViewLayer | Sample 0/8
Fra:1 Mem:853.74M (Peak 1259.50M) | Time:00:00.96 | Remaining:00:01.22 | Mem:784.03M, Peak:784.03M | Scene, ViewLayer | Sample 1/8
Fra:1 Mem:870.22M (Peak 1259.50M) | Time:00:02.01 | Mem:784.03M, Peak:784.03M | Scene, ViewLayer | Sample 8/8
Fra:1 Mem:870.22M (Peak 1259.50M) | Time:00:02.01 | Mem:784.03M, Peak:784.03M | Scene, ViewLayer | Finished
Saved: '/workspace/apartment-design/multiple-angles/upstairs-bathroom/angle-1.png'
Time: 00:02.10 (Saving: 00:00.08)

Fra:1 Mem:69.20M (Peak 69.20M) | Time:00:00.00 | Mem:0.00M, Peak:0.00M | Scene, ViewLayer | Synchronizing object | Mesh_11
Fra:1 Mem:69.20M (Peak 69.20M) | Time:00:00.00 | Mem:0.00M, Peak:0.00M | Scene, ViewLayer | Synchronizing object | Mesh_21
Fra:1 Mem:72.97M (Peak 72.97M) | Time:00:00.00 | Mem:0.00M, Peak:0.00M | Scene, ViewLayer | Synchronizing object | Mesh_15
Fra:1 Mem:74.15M (Peak 74.15M) | Time:00:00.00 | Mem:0.00M, Peak:0.00M | Scene, ViewLayer | Synchronizing object | Mesh_16
Fra:1 Mem:74.27M (Peak 74.27M) | Time:00:00.00 | Mem:0.00M, Peak:0.00M | Scene, ViewLayer | Synchronizing object | Mesh_17
Fra:1 Mem:75.91M (Peak 76.29M) | Time:00:00.00 | Mem:0.00M, Peak:0.00M | Scene, ViewLayer | Synchronizing object | Mesh_18
Fra:1 Mem:78.73M (Peak 79.25M) | Time:00:00.00 | Mem:0.00M, Peak:0.00M | Scene, ViewLayer | Synchronizing object | Mesh_19
Fra:1 Mem:81.20M (Peak 81.42M) | Time:00:00.00 | Mem:0.00M, Peak:0.00M | Scene, ViewLayer | Synchronizing object | Mesh_20
Fra:1 Mem:84.50M (Peak 84.50M) | Time:00:00.00 | Mem:0.00M, Peak:0.00M | Scene, ViewLayer | Initializing
Fra:1 Mem:84.45M (Peak 84.50M) | Time:00:00.00 | Mem:0.00M, Peak:0.00M | Scene, ViewLayer | Updating Images | Loading 82c34c5158e6b0b0a11a42ed684cacc2
Fra:1 Mem:84.45M (Peak 84.50M) | Time:00:00.00 | Mem:0.00M, Peak:0.00M | Scene, ViewLayer | Updating Images | Loading a682237f08f113c553587ed9f3adc739
Fra:1 Mem:84.45M (Peak 84.50M) | Time:00:00.00 | Mem:0.00M, Peak:0.00M | Scene, ViewLayer | Updating Images | Loading 424437e94f9e91f8b30cd110df137509
Fra:1 Mem:84.45M (Peak 84.50M) | Time:00:00.00 | Mem:0.00M, Peak:0.00M | Scene, ViewLayer | Updating Images | Loading a16774809e8025de1ea410d461175019
Fra:1 Mem:363.47M (Peak 409.47M) | Time:00:00.03 | Mem:23.00M, Peak:23.00M | Scene, ViewLayer | Updating Images | Loading 82172f0df74ed884585ea7e1e0ac3db4
Fra:1 Mem:811.49M (Peak 939.50M) | Time:00:00.10 | Mem:87.00M, Peak:87.00M | Scene, ViewLayer | Updating Images | Loading d6ba7a8a6dface2015f7b95825cf3202
Fra:1 Mem:811.49M (Peak 1003.50M) | Time:00:00.11 | Mem:151.00M, Peak:151.00M | Scene, ViewLayer | Updating Images | Loading 99ec65919840ae6942c7be90a15efe6c
Fra:1 Mem:747.49M (Peak 1003.50M) | Time:00:00.11 | Mem:215.00M, Peak:215.00M | Scene, ViewLayer | Updating Images | Loading a946a532384e7687116a5fdac5d04788
Fra:1 Mem:747.48M (Peak 1003.50M) | Time:00:00.11 | Mem:279.00M, Peak:279.00M | Scene, ViewLayer | Updating Images | Loading e75100ac1b020a5e16a8be11acc4a800
Fra:1 Mem:683.47M (Peak 1003.50M) | Time:00:00.13 | Mem:343.00M, Peak:343.00M | Scene, ViewLayer | Updating Images | Loading 286162989f88e9da0aefe1b8c2b08d7c
Fra:1 Mem:746.49M (Peak 1259.50M) | Time:00:00.24 | Mem:663.00M, Peak:663.00M | Scene, ViewLayer | Waiting for render to start
Fra:1 Mem:746.49M (Peak 1259.50M) | Time:00:00.24 | Mem:663.00M, Peak:663.00M | Scene, ViewLayer | Loading render kernels (may take a few minutes the first time)
Fra:1 Mem:746.49M (Peak 1259.50M) | Time:00:00.24 | Mem:663.00M, Peak:663.00M | Scene, ViewLayer | Updating Scene
Fra:1 Mem:746.49M (Peak 1259.50M) | Time:00:00.24 | Mem:663.00M, Peak:663.00M | Scene, ViewLayer | Updating Shaders
Fra:1 Mem:746.57M (Peak 1259.50M) | Time:00:00.24 | Mem:663.00M, Peak:663.00M | Scene, ViewLayer | Updating Procedurals
Fra:1 Mem:746.57M (Peak 1259.50M) | Time:00:00.24 | Mem:663.00M, Peak:663.00M | Scene, ViewLayer | Updating Background
Fra:1 Mem:746.57M (Peak 1259.50M) | Time:00:00.24 | Mem:663.00M, Peak:663.00M | Scene, ViewLayer | Updating Camera
Fra:1 Mem:746.57M (Peak 1259.50M) | Time:00:00.24 | Mem:663.00M, Peak:663.00M | Scene, ViewLayer | Updating Meshes Flags
Fra:1 Mem:746.57M (Peak 1259.50M) | Time:00:00.24 | Mem:663.00M, Peak:663.00M | Scene, ViewLayer | Updating Objects
Fra:1 Mem:746.57M (Peak 1259.50M) | Time:00:00.24 | Mem:663.00M, Peak:663.00M | Scene, ViewLayer | Updating Objects | Copying Transformations to device
Fra:1 Mem:746.57M (Peak 1259.50M) | Time:00:00.24 | Mem:663.00M, Peak:663.00M | Scene, ViewLayer | Updating Objects | Applying Static Transformations
Fra:1 Mem:746.57M (Peak 1259.50M) | Time:00:00.24 | Mem:663.00M, Peak:663.00M | Scene, ViewLayer | Updating Particle Systems
Fra:1 Mem:746.57M (Peak 1259.50M) | Time:00:00.24 | Mem:663.00M, Peak:663.00M | Scene, ViewLayer | Updating Particle Systems | Copying Particles to device
Fra:1 Mem:746.57M (Peak 1259.50M) | Time:00:00.24 | Mem:663.01M, Peak:663.01M | Scene, ViewLayer | Updating Meshes
Fra:1 Mem:750.65M (Peak 1259.50M) | Time:00:00.24 | Mem:663.01M, Peak:663.01M | Scene, ViewLayer | Updating Mesh | Computing attributes
Fra:1 Mem:756.76M (Peak 1259.50M) | Time:00:00.24 | Mem:663.01M, Peak:663.01M | Scene, ViewLayer | Updating Mesh | Copying Attributes to device
Fra:1 Mem:756.76M (Peak 1259.50M) | Time:00:00.24 | Mem:669.12M, Peak:669.12M | Scene, ViewLayer | Updating Scene BVH | Building
Fra:1 Mem:756.76M (Peak 1259.50M) | Time:00:00.24 | Mem:669.12M, Peak:669.12M | Scene, ViewLayer | Updating Scene BVH | Building BVH
Fra:1 Mem:756.76M (Peak 1259.50M) | Time:00:00.24 | Mem:677.27M, Peak:677.27M | Scene, ViewLayer | Updating Scene BVH | Building BVH 0%
Fra:1 Mem:756.76M (Peak 1259.50M) | Time:00:00.28 | Mem:686.99M, Peak:695.14M | Scene, ViewLayer | Updating Scene BVH | Copying BVH to device
Fra:1 Mem:756.76M (Peak 1259.50M) | Time:00:00.28 | Mem:686.99M, Peak:695.14M | Scene, ViewLayer | Updating Mesh | Computing normals
Fra:1 Mem:766.71M (Peak 1259.50M) | Time:00:00.29 | Mem:686.99M, Peak:695.14M | Scene, ViewLayer | Updating Mesh | Copying Mesh to device
Fra:1 Mem:766.71M (Peak 1259.50M) | Time:00:00.29 | Mem:696.94M, Peak:696.94M | Scene, ViewLayer | Updating Objects Flags
Fra:1 Mem:766.71M (Peak 1259.50M) | Time:00:00.29 | Mem:696.94M, Peak:696.94M | Scene, ViewLayer | Updating Primitive Offsets
Fra:1 Mem:766.71M (Peak 1259.50M) | Time:00:00.29 | Mem:696.94M, Peak:696.94M | Scene, ViewLayer | Updating Images
Fra:1 Mem:766.71M (Peak 1259.50M) | Time:00:00.29 | Mem:696.94M, Peak:696.94M | Scene, ViewLayer | Updating Camera Volume
Fra:1 Mem:766.71M (Peak 1259.50M) | Time:00:00.29 | Mem:696.94M, Peak:696.94M | Scene, ViewLayer | Updating Lookup Tables
Fra:1 Mem:766.71M (Peak 1259.50M) | Time:00:00.29 | Mem:697.02M, Peak:697.02M | Scene, ViewLayer | Updating Lights
Fra:1 Mem:766.71M (Peak 1259.50M) | Time:00:00.29 | Mem:697.02M, Peak:697.02M | Scene, ViewLayer | Updating Lights | Computing tree
Fra:1 Mem:816.63M (Peak 1259.50M) | Time:00:00.74 | Mem:746.93M, Peak:746.93M | Scene, ViewLayer | Updating Integrator
Fra:1 Mem:816.63M (Peak 1259.50M) | Time:00:00.74 | Mem:746.93M, Peak:746.93M | Scene, ViewLayer | Updating Film
Fra:1 Mem:816.63M (Peak 1259.50M) | Time:00:00.74 | Mem:746.85M, Peak:746.93M | Scene, ViewLayer | Updating Lookup Tables
Fra:1 Mem:816.63M (Peak 1259.50M) | Time:00:00.74 | Mem:746.94M, Peak:746.94M | Scene, ViewLayer | Updating Baking
Fra:1 Mem:816.63M (Peak 1259.50M) | Time:00:00.74 | Mem:746.94M, Peak:746.94M | Scene, ViewLayer | Updating Device | Writing constant memory
Fra:1 Mem:816.63M (Peak 1259.50M) | Time:00:00.74 | Mem:746.94M, Peak:746.94M | Scene, ViewLayer | Sample 0/8
Fra:1 Mem:853.74M (Peak 1259.50M) | Time:00:00.92 | Remaining:00:01.27 | Mem:784.03M, Peak:784.03M | Scene, ViewLayer | Sample 1/8
Fra:1 Mem:870.22M (Peak 1259.50M) | Time:00:02.04 | Mem:784.03M, Peak:784.03M | Scene, ViewLayer | Sample 8/8
Fra:1 Mem:870.22M (Peak 1259.50M) | Time:00:02.04 | Mem:784.03M, Peak:784.03M | Scene, ViewLayer | Finished
Saved: '/workspace/apartment-design/multiple-angles/upstairs-bathroom/angle-2.png'
Time: 00:02.16 (Saving: 00:00.11)

Fra:1 Mem:69.20M (Peak 69.20M) | Time:00:00.00 | Mem:0.00M, Peak:0.00M | Scene, ViewLayer | Synchronizing object | Mesh_11
Fra:1 Mem:69.20M (Peak 69.20M) | Time:00:00.00 | Mem:0.00M, Peak:0.00M | Scene, ViewLayer | Synchronizing object | Mesh_14
Fra:1 Mem:70.87M (Peak 70.87M) | Time:00:00.00 | Mem:0.00M, Peak:0.00M | Scene, ViewLayer | Synchronizing object | Mesh_21
Fra:1 Mem:75.84M (Peak 75.84M) | Time:00:00.00 | Mem:0.00M, Peak:0.00M | Scene, ViewLayer | Synchronizing object | Mesh_15
Fra:1 Mem:78.68M (Peak 78.68M) | Time:00:00.00 | Mem:0.00M, Peak:0.00M | Scene, ViewLayer | Synchronizing object | Mesh_16
Fra:1 Mem:78.28M (Peak 78.68M) | Time:00:00.00 | Mem:0.00M, Peak:0.00M | Scene, ViewLayer | Synchronizing object | Mesh_17
Fra:1 Mem:78.28M (Peak 78.68M) | Time:00:00.00 | Mem:0.00M, Peak:0.00M | Scene, ViewLayer | Synchronizing object | Mesh_18
Fra:1 Mem:78.90M (Peak 78.90M) | Time:00:00.00 | Mem:0.00M, Peak:0.00M | Scene, ViewLayer | Synchronizing object | Mesh_20
Fra:1 Mem:80.87M (Peak 80.87M) | Time:00:00.00 | Mem:0.00M, Peak:0.00M | Scene, ViewLayer | Synchronizing object | Mesh_19
Fra:1 Mem:84.50M (Peak 85.06M) | Time:00:00.00 | Mem:0.00M, Peak:0.00M | Scene, ViewLayer | Initializing
Fra:1 Mem:84.45M (Peak 85.06M) | Time:00:00.00 | Mem:0.00M, Peak:0.00M | Scene, ViewLayer | Updating Images | Loading 82c34c5158e6b0b0a11a42ed684cacc2
Fra:1 Mem:84.45M (Peak 85.06M) | Time:00:00.00 | Mem:0.00M, Peak:0.00M | Scene, ViewLayer | Updating Images | Loading a682237f08f113c553587ed9f3adc739
Fra:1 Mem:84.45M (Peak 85.06M) | Time:00:00.00 | Mem:0.00M, Peak:0.00M | Scene, ViewLayer | Updating Images | Loading a16774809e8025de1ea410d461175019
Fra:1 Mem:363.47M (Peak 409.47M) | Time:00:00.04 | Mem:23.00M, Peak:23.00M | Scene, ViewLayer | Updating Images | Loading 82172f0df74ed884585ea7e1e0ac3db4
Fra:1 Mem:811.49M (Peak 939.50M) | Time:00:00.12 | Mem:87.00M, Peak:87.00M | Scene, ViewLayer | Updating Images | Loading d6ba7a8a6dface2015f7b95825cf3202
Fra:1 Mem:747.49M (Peak 939.50M) | Time:00:00.13 | Mem:151.00M, Peak:151.00M | Scene, ViewLayer | Updating Images | Loading 99ec65919840ae6942c7be90a15efe6c
Fra:1 Mem:747.49M (Peak 939.50M) | Time:00:00.13 | Mem:215.00M, Peak:215.00M | Scene, ViewLayer | Updating Images | Loading a946a532384e7687116a5fdac5d04788
Fra:1 Mem:747.48M (Peak 939.50M) | Time:00:00.14 | Mem:279.00M, Peak:279.00M | Scene, ViewLayer | Updating Images | Loading e75100ac1b020a5e16a8be11acc4a800
Fra:1 Mem:683.47M (Peak 939.50M) | Time:00:00.16 | Mem:343.00M, Peak:343.00M | Scene, ViewLayer | Updating Images | Loading 286162989f88e9da0aefe1b8c2b08d7c
Fra:1 Mem:746.49M (Peak 1259.50M) | Time:00:00.31 | Mem:663.00M, Peak:663.00M | Scene, ViewLayer | Waiting for render to start
Fra:1 Mem:746.49M (Peak 1259.50M) | Time:00:00.31 | Mem:663.00M, Peak:663.00M | Scene, ViewLayer | Loading render kernels (may take a few minutes the first time)
Fra:1 Mem:746.49M (Peak 1259.50M) | Time:00:00.31 | Mem:663.00M, Peak:663.00M | Scene, ViewLayer | Updating Scene
Fra:1 Mem:746.49M (Peak 1259.50M) | Time:00:00.31 | Mem:663.00M, Peak:663.00M | Scene, ViewLayer | Updating Shaders
Fra:1 Mem:746.57M (Peak 1259.50M) | Time:00:00.31 | Mem:663.00M, Peak:663.00M | Scene, ViewLayer | Updating Procedurals
Fra:1 Mem:746.57M (Peak 1259.50M) | Time:00:00.31 | Mem:663.00M, Peak:663.00M | Scene, ViewLayer | Updating Background
Fra:1 Mem:746.57M (Peak 1259.50M) | Time:00:00.31 | Mem:663.00M, Peak:663.00M | Scene, ViewLayer | Updating Camera
Fra:1 Mem:746.57M (Peak 1259.50M) | Time:00:00.31 | Mem:663.00M, Peak:663.00M | Scene, ViewLayer | Updating Meshes Flags
Fra:1 Mem:746.57M (Peak 1259.50M) | Time:00:00.31 | Mem:663.00M, Peak:663.00M | Scene, ViewLayer | Updating Objects
Fra:1 Mem:746.57M (Peak 1259.50M) | Time:00:00.31 | Mem:663.00M, Peak:663.00M | Scene, ViewLayer | Updating Objects | Copying Transformations to device
Fra:1 Mem:746.57M (Peak 1259.50M) | Time:00:00.31 | Mem:663.00M, Peak:663.00M | Scene, ViewLayer | Updating Objects | Applying Static Transformations
Fra:1 Mem:746.57M (Peak 1259.50M) | Time:00:00.31 | Mem:663.00M, Peak:663.00M | Scene, ViewLayer | Updating Particle Systems
Fra:1 Mem:746.57M (Peak 1259.50M) | Time:00:00.31 | Mem:663.00M, Peak:663.00M | Scene, ViewLayer | Updating Particle Systems | Copying Particles to device
Fra:1 Mem:746.57M (Peak 1259.50M) | Time:00:00.31 | Mem:663.01M, Peak:663.01M | Scene, ViewLayer | Updating Meshes
Fra:1 Mem:750.65M (Peak 1259.50M) | Time:00:00.31 | Mem:663.01M, Peak:663.01M | Scene, ViewLayer | Updating Mesh | Computing attributes
Fra:1 Mem:756.76M (Peak 1259.50M) | Time:00:00.31 | Mem:663.01M, Peak:663.01M | Scene, ViewLayer | Updating Mesh | Copying Attributes to device
Fra:1 Mem:756.76M (Peak 1259.50M) | Time:00:00.31 | Mem:669.12M, Peak:669.12M | Scene, ViewLayer | Updating Scene BVH | Building
Fra:1 Mem:756.76M (Peak 1259.50M) | Time:00:00.31 | Mem:669.12M, Peak:669.12M | Scene, ViewLayer | Updating Scene BVH | Building BVH
Fra:1 Mem:756.76M (Peak 1259.50M) | Time:00:00.31 | Mem:677.27M, Peak:677.27M | Scene, ViewLayer | Updating Scene BVH | Building BVH 0%
Fra:1 Mem:756.76M (Peak 1259.50M) | Time:00:00.34 | Mem:686.99M, Peak:695.14M | Scene, ViewLayer | Updating Scene BVH | Copying BVH to device
Fra:1 Mem:756.76M (Peak 1259.50M) | Time:00:00.34 | Mem:686.99M, Peak:695.14M | Scene, ViewLayer | Updating Mesh | Computing normals
Fra:1 Mem:766.71M (Peak 1259.50M) | Time:00:00.34 | Mem:686.99M, Peak:695.14M | Scene, ViewLayer | Updating Mesh | Copying Mesh to device
Fra:1 Mem:766.71M (Peak 1259.50M) | Time:00:00.34 | Mem:696.94M, Peak:696.94M | Scene, ViewLayer | Updating Objects Flags
Fra:1 Mem:766.71M (Peak 1259.50M) | Time:00:00.34 | Mem:696.94M, Peak:696.94M | Scene, ViewLayer | Updating Primitive Offsets
Fra:1 Mem:766.71M (Peak 1259.50M) | Time:00:00.34 | Mem:696.94M, Peak:696.94M | Scene, ViewLayer | Updating Images
Fra:1 Mem:766.71M (Peak 1259.50M) | Time:00:00.34 | Mem:696.94M, Peak:696.94M | Scene, ViewLayer | Updating Camera Volume
Fra:1 Mem:766.71M (Peak 1259.50M) | Time:00:00.34 | Mem:696.94M, Peak:696.94M | Scene, ViewLayer | Updating Lookup Tables
Fra:1 Mem:766.71M (Peak 1259.50M) | Time:00:00.34 | Mem:697.02M, Peak:697.02M | Scene, ViewLayer | Updating Lights
Fra:1 Mem:766.71M (Peak 1259.50M) | Time:00:00.34 | Mem:697.02M, Peak:697.02M | Scene, ViewLayer | Updating Lights | Computing tree
Fra:1 Mem:816.63M (Peak 1259.50M) | Time:00:00.79 | Mem:746.93M, Peak:746.93M | Scene, ViewLayer | Updating Integrator
Fra:1 Mem:816.63M (Peak 1259.50M) | Time:00:00.79 | Mem:746.93M, Peak:746.93M | Scene, ViewLayer | Updating Film
Fra:1 Mem:816.63M (Peak 1259.50M) | Time:00:00.79 | Mem:746.85M, Peak:746.93M | Scene, ViewLayer | Updating Lookup Tables
Fra:1 Mem:816.63M (Peak 1259.50M) | Time:00:00.79 | Mem:746.94M, Peak:746.94M | Scene, ViewLayer | Updating Baking
Fra:1 Mem:816.63M (Peak 1259.50M) | Time:00:00.79 | Mem:746.94M, Peak:746.94M | Scene, ViewLayer | Updating Device | Writing constant memory
Fra:1 Mem:816.63M (Peak 1259.50M) | Time:00:00.79 | Mem:746.94M, Peak:746.94M | Scene, ViewLayer | Sample 0/8
Fra:1 Mem:853.74M (Peak 1259.50M) | Time:00:01.00 | Remaining:00:01.41 | Mem:784.03M, Peak:784.03M | Scene, ViewLayer | Sample 1/8
Fra:1 Mem:870.22M (Peak 1259.50M) | Time:00:02.20 | Mem:784.03M, Peak:784.03M | Scene, ViewLayer | Sample 8/8
Fra:1 Mem:870.22M (Peak 1259.50M) | Time:00:02.20 | Mem:784.03M, Peak:784.03M | Scene, ViewLayer | Finished
Saved: '/workspace/apartment-design/multiple-angles/upstairs-bathroom/angle-3.png'
Time: 00:02.33 (Saving: 00:00.12)

Fra:1 Mem:69.20M (Peak 69.20M) | Time:00:00.00 | Mem:0.00M, Peak:0.00M | Scene, ViewLayer | Synchronizing object | Mesh_11
Fra:1 Mem:69.20M (Peak 69.20M) | Time:00:00.00 | Mem:0.00M, Peak:0.00M | Scene, ViewLayer | Synchronizing object | Mesh_13
Fra:1 Mem:69.20M (Peak 69.20M) | Time:00:00.00 | Mem:0.00M, Peak:0.00M | Scene, ViewLayer | Synchronizing object | Mesh_21
Fra:1 Mem:72.78M (Peak 72.78M) | Time:00:00.00 | Mem:0.00M, Peak:0.00M | Scene, ViewLayer | Synchronizing object | Mesh_14
Fra:1 Mem:75.50M (Peak 75.50M) | Time:00:00.00 | Mem:0.00M, Peak:0.00M | Scene, ViewLayer | Synchronizing object | Mesh_15
Fra:1 Mem:77.68M (Peak 77.68M) | Time:00:00.00 | Mem:0.00M, Peak:0.00M | Scene, ViewLayer | Synchronizing object | Mesh_16
Fra:1 Mem:79.50M (Peak 79.50M) | Time:00:00.00 | Mem:0.00M, Peak:0.00M | Scene, ViewLayer | Synchronizing object | Mesh_17
Fra:1 Mem:78.85M (Peak 79.50M) | Time:00:00.00 | Mem:0.00M, Peak:0.00M | Scene, ViewLayer | Synchronizing object | Mesh_20
Fra:1 Mem:80.88M (Peak 80.88M) | Time:00:00.00 | Mem:0.00M, Peak:0.00M | Scene, ViewLayer | Synchronizing object | Mesh_18
Fra:1 Mem:81.80M (Peak 81.80M) | Time:00:00.00 | Mem:0.00M, Peak:0.00M | Scene, ViewLayer | Synchronizing object | Mesh_19
Fra:1 Mem:84.50M (Peak 84.78M) | Time:00:00.00 | Mem:0.00M, Peak:0.00M | Scene, ViewLayer | Initializing
Fra:1 Mem:84.45M (Peak 84.78M) | Time:00:00.00 | Mem:0.00M, Peak:0.00M | Scene, ViewLayer | Updating Images | Loading a682237f08f113c553587ed9f3adc739
Fra:1 Mem:84.45M (Peak 84.78M) | Time:00:00.00 | Mem:0.00M, Peak:0.00M | Scene, ViewLayer | Updating Images | Loading 82c34c5158e6b0b0a11a42ed684cacc2
Fra:1 Mem:84.45M (Peak 84.78M) | Time:00:00.00 | Mem:0.00M, Peak:0.00M | Scene, ViewLayer | Updating Images | Loading 6f64dc5f23c25de394aa7e16e5e32eea
Fra:1 Mem:84.45M (Peak 84.78M) | Time:00:00.00 | Mem:0.00M, Peak:0.00M | Scene, ViewLayer | Updating Images | Loading 424437e94f9e91f8b30cd110df137509
Fra:1 Mem:148.46M (Peak 148.46M) | Time:00:00.00 | Mem:0.00M, Peak:0.00M | Scene, ViewLayer | Updating Images | Loading a16774809e8025de1ea410d461175019
Fra:1 Mem:363.47M (Peak 409.47M) | Time:00:00.06 | Mem:23.00M, Peak:23.00M | Scene, ViewLayer | Updating Images | Loading 82172f0df74ed884585ea7e1e0ac3db4
Fra:1 Mem:683.49M (Peak 811.50M) | Time:00:00.13 | Mem:87.00M, Peak:87.00M | Scene, ViewLayer | Updating Images | Loading d6ba7a8a6dface2015f7b95825cf3202
Fra:1 Mem:619.48M (Peak 811.50M) | Time:00:00.13 | Mem:151.00M, Peak:151.00M | Scene, ViewLayer | Updating Images | Loading 99ec65919840ae6942c7be90a15efe6c
Fra:1 Mem:555.47M (Peak 811.50M) | Time:00:00.13 | Mem:215.00M, Peak:215.00M | Scene, ViewLayer | Updating Images | Loading a946a532384e7687116a5fdac5d04788
Fra:1 Mem:619.47M (Peak 811.50M) | Time:00:00.19 | Mem:279.00M, Peak:279.00M | Scene, ViewLayer | Updating Images | Loading 286162989f88e9da0aefe1b8c2b08d7c
Fra:1 Mem:683.47M (Peak 811.50M) | Time:00:00.27 | Mem:343.00M, Peak:343.00M | Scene, ViewLayer | Updating Images | Loading e75100ac1b020a5e16a8be11acc4a800
Fra:1 Mem:746.49M (Peak 1259.50M) | Time:00:00.40 | Mem:663.00M, Peak:663.00M | Scene, ViewLayer | Waiting for render to start
Fra:1 Mem:746.49M (Peak 1259.50M) | Time:00:00.40 | Mem:663.00M, Peak:663.00M | Scene, ViewLayer | Loading render kernels (may take a few minutes the first time)
Fra:1 Mem:746.49M (Peak 1259.50M) | Time:00:00.40 | Mem:663.00M, Peak:663.00M | Scene, ViewLayer | Updating Scene
Fra:1 Mem:746.49M (Peak 1259.50M) | Time:00:00.40 | Mem:663.00M, Peak:663.00M | Scene, ViewLayer | Updating Shaders
Fra:1 Mem:746.57M (Peak 1259.50M) | Time:00:00.40 | Mem:663.00M, Peak:663.00M | Scene, ViewLayer | Updating Procedurals
Fra:1 Mem:746.57M (Peak 1259.50M) | Time:00:00.40 | Mem:663.00M, Peak:663.00M | Scene, ViewLayer | Updating Background
Fra:1 Mem:746.57M (Peak 1259.50M) | Time:00:00.40 | Mem:663.00M, Peak:663.00M | Scene, ViewLayer | Updating Camera
Fra:1 Mem:746.57M (Peak 1259.50M) | Time:00:00.40 | Mem:663.00M, Peak:663.00M | Scene, ViewLayer | Updating Meshes Flags
Fra:1 Mem:746.57M (Peak 1259.50M) | Time:00:00.40 | Mem:663.00M, Peak:663.00M | Scene, ViewLayer | Updating Objects
Fra:1 Mem:746.57M (Peak 1259.50M) | Time:00:00.40 | Mem:663.00M, Peak:663.00M | Scene, ViewLayer | Updating Objects | Copying Transformations to device
Fra:1 Mem:746.57M (Peak 1259.50M) | Time:00:00.40 | Mem:663.00M, Peak:663.00M | Scene, ViewLayer | Updating Objects | Applying Static Transformations
Fra:1 Mem:746.57M (Peak 1259.50M) | Time:00:00.40 | Mem:663.00M, Peak:663.00M | Scene, ViewLayer | Updating Particle Systems
Fra:1 Mem:746.57M (Peak 1259.50M) | Time:00:00.40 | Mem:663.00M, Peak:663.00M | Scene, ViewLayer | Updating Particle Systems | Copying Particles to device
Fra:1 Mem:746.57M (Peak 1259.50M) | Time:00:00.40 | Mem:663.01M, Peak:663.01M | Scene, ViewLayer | Updating Meshes
Fra:1 Mem:750.65M (Peak 1259.50M) | Time:00:00.41 | Mem:663.01M, Peak:663.01M | Scene, ViewLayer | Updating Mesh | Computing attributes
Fra:1 Mem:756.76M (Peak 1259.50M) | Time:00:00.41 | Mem:663.01M, Peak:663.01M | Scene, ViewLayer | Updating Mesh | Copying Attributes to device
Fra:1 Mem:756.76M (Peak 1259.50M) | Time:00:00.41 | Mem:669.12M, Peak:669.12M | Scene, ViewLayer | Updating Scene BVH | Building
Fra:1 Mem:756.76M (Peak 1259.50M) | Time:00:00.41 | Mem:669.12M, Peak:669.12M | Scene, ViewLayer | Updating Scene BVH | Building BVH
Fra:1 Mem:756.76M (Peak 1259.50M) | Time:00:00.41 | Mem:677.27M, Peak:677.27M | Scene, ViewLayer | Updating Scene BVH | Building BVH 0%
Fra:1 Mem:756.76M (Peak 1259.50M) | Time:00:00.44 | Mem:686.99M, Peak:695.14M | Scene, ViewLayer | Updating Scene BVH | Copying BVH to device
Fra:1 Mem:756.76M (Peak 1259.50M) | Time:00:00.44 | Mem:686.99M, Peak:695.14M | Scene, ViewLayer | Updating Mesh | Computing normals
Fra:1 Mem:766.71M (Peak 1259.50M) | Time:00:00.44 | Mem:686.99M, Peak:695.14M | Scene, ViewLayer | Updating Mesh | Copying Mesh to device
Fra:1 Mem:766.71M (Peak 1259.50M) | Time:00:00.44 | Mem:696.94M, Peak:696.94M | Scene, ViewLayer | Updating Objects Flags
Fra:1 Mem:766.71M (Peak 1259.50M) | Time:00:00.44 | Mem:696.94M, Peak:696.94M | Scene, ViewLayer | Updating Primitive Offsets
Fra:1 Mem:766.71M (Peak 1259.50M) | Time:00:00.44 | Mem:696.94M, Peak:696.94M | Scene, ViewLayer | Updating Images
Fra:1 Mem:766.71M (Peak 1259.50M) | Time:00:00.44 | Mem:696.94M, Peak:696.94M | Scene, ViewLayer | Updating Camera Volume
Fra:1 Mem:766.71M (Peak 1259.50M) | Time:00:00.44 | Mem:696.94M, Peak:696.94M | Scene, ViewLayer | Updating Lookup Tables
Fra:1 Mem:766.71M (Peak 1259.50M) | Time:00:00.44 | Mem:697.02M, Peak:697.02M | Scene, ViewLayer | Updating Lights
Fra:1 Mem:766.71M (Peak 1259.50M) | Time:00:00.44 | Mem:697.02M, Peak:697.02M | Scene, ViewLayer | Updating Lights | Computing tree
Fra:1 Mem:816.63M (Peak 1259.50M) | Time:00:00.96 | Mem:746.93M, Peak:746.93M | Scene, ViewLayer | Updating Integrator
Fra:1 Mem:816.63M (Peak 1259.50M) | Time:00:00.96 | Mem:746.93M, Peak:746.93M | Scene, ViewLayer | Updating Film
Fra:1 Mem:816.63M (Peak 1259.50M) | Time:00:00.96 | Mem:746.85M, Peak:746.93M | Scene, ViewLayer | Updating Lookup Tables
Fra:1 Mem:816.63M (Peak 1259.50M) | Time:00:00.96 | Mem:746.94M, Peak:746.94M | Scene, ViewLayer | Updating Baking
Fra:1 Mem:816.63M (Peak 1259.50M) | Time:00:00.96 | Mem:746.94M, Peak:746.94M | Scene, ViewLayer | Updating Device | Writing constant memory
Fra:1 Mem:816.63M (Peak 1259.50M) | Time:00:00.96 | Mem:746.94M, Peak:746.94M | Scene, ViewLayer | Sample 0/8
Fra:1 Mem:853.74M (Peak 1259.50M) | Time:00:01.17 | Remaining:00:01.51 | Mem:784.03M, Peak:784.03M | Scene, ViewLayer | Sample 1/8
Fra:1 Mem:870.22M (Peak 1259.50M) | Time:00:02.46 | Mem:784.03M, Peak:784.03M | Scene, ViewLayer | Sample 8/8
Fra:1 Mem:870.22M (Peak 1259.50M) | Time:00:02.46 | Mem:784.03M, Peak:784.03M | Scene, ViewLayer | Finished
Saved: '/workspace/apartment-design/multiple-angles/upstairs-bathroom/angle-4.png'
Time: 00:02.60 (Saving: 00:00.12)

Fra:1 Mem:69.20M (Peak 69.20M) | Time:00:00.00 | Mem:0.00M, Peak:0.00M | Scene, ViewLayer | Synchronizing object | Mesh_0
Fra:1 Mem:69.20M (Peak 69.20M) | Time:00:00.00 | Mem:0.00M, Peak:0.00M | Scene, ViewLayer | Synchronizing object | Mesh_10
Fra:1 Mem:72.37M (Peak 72.37M) | Time:00:00.00 | Mem:0.00M, Peak:0.00M | Scene, ViewLayer | Synchronizing object | Mesh_9
Fra:1 Mem:74.33M (Peak 74.33M) | Time:00:00.00 | Mem:0.00M, Peak:0.00M | Scene, ViewLayer | Synchronizing object | Mesh_2
Fra:1 Mem:75.79M (Peak 75.88M) | Time:00:00.00 | Mem:0.00M, Peak:0.00M | Scene, ViewLayer | Synchronizing object | Mesh_3
Fra:1 Mem:77.69M (Peak 77.69M) | Time:00:00.00 | Mem:0.00M, Peak:0.00M | Scene, ViewLayer | Synchronizing object | Mesh_8
Fra:1 Mem:78.40M (Peak 78.40M) | Time:00:00.00 | Mem:0.00M, Peak:0.00M | Scene, ViewLayer | Synchronizing object | Mesh_4
Fra:1 Mem:79.63M (Peak 79.63M) | Time:00:00.01 | Mem:0.00M, Peak:0.00M | Scene, ViewLayer | Synchronizing object | Mesh_5
Fra:1 Mem:79.83M (Peak 79.83M) | Time:00:00.01 | Mem:0.00M, Peak:0.00M | Scene, ViewLayer | Synchronizing object | Mesh_6
Fra:1 Mem:79.99M (Peak 79.99M) | Time:00:00.01 | Mem:0.00M, Peak:0.00M | Scene, ViewLayer | Synchronizing object | Mesh_7
Fra:1 Mem:84.64M (Peak 84.64M) | Time:00:00.01 | Mem:0.00M, Peak:0.00M | Scene, ViewLayer | Initializing
Fra:1 Mem:84.59M (Peak 84.64M) | Time:00:00.01 | Mem:0.00M, Peak:0.00M | Scene, ViewLayer | Updating Images | Loading 6f64dc5f23c25de394aa7e16e5e32eea
Fra:1 Mem:84.59M (Peak 84.64M) | Time:00:00.01 | Mem:0.00M, Peak:0.00M | Scene, ViewLayer | Updating Images | Loading 424437e94f9e91f8b30cd110df137509
Fra:1 Mem:235.60M (Peak 235.60M) | Time:00:00.01 | Mem:0.00M, Peak:0.00M | Scene, ViewLayer | Updating Images | Loading 82c34c5158e6b0b0a11a42ed684cacc2
Fra:1 Mem:235.60M (Peak 235.60M) | Time:00:00.01 | Mem:0.00M, Peak:0.00M | Scene, ViewLayer | Updating Images | Loading a16774809e8025de1ea410d461175019
Fra:1 Mem:363.61M (Peak 409.61M) | Time:00:00.05 | Mem:23.00M, Peak:23.00M | Scene, ViewLayer | Updating Images | Loading 82172f0df74ed884585ea7e1e0ac3db4
Fra:1 Mem:555.62M (Peak 683.63M) | Time:00:00.11 | Mem:87.00M, Peak:87.00M | Scene, ViewLayer | Updating Images | Loading d6ba7a8a6dface2015f7b95825cf3202
Fra:1 Mem:491.61M (Peak 683.63M) | Time:00:00.12 | Mem:151.00M, Peak:151.00M | Scene, ViewLayer | Updating Images | Loading 99ec65919840ae6942c7be90a15efe6c
Fra:1 Mem:555.61M (Peak 683.63M) | Time:00:00.17 | Mem:215.00M, Peak:215.00M | Scene, ViewLayer | Updating Images | Loading 286162989f88e9da0aefe1b8c2b08d7c
Fra:1 Mem:1003.64M (Peak 1131.65M) | Time:00:00.27 | Mem:279.00M, Peak:279.00M | Scene, ViewLayer | Updating Images | Loading a946a532384e7687116a5fdac5d04788
Fra:1 Mem:1067.64M (Peak 1195.65M) | Time:00:00.28 | Mem:343.00M, Peak:343.00M | Scene, ViewLayer | Updating Images | Loading e75100ac1b020a5e16a8be11acc4a800
Fra:1 Mem:746.63M (Peak 1195.65M) | Time:00:00.39 | Mem:663.00M, Peak:663.00M | Scene, ViewLayer | Waiting for render to start
Fra:1 Mem:746.63M (Peak 1195.65M) | Time:00:00.39 | Mem:663.00M, Peak:663.00M | Scene, ViewLayer | Loading render kernels (may take a few minutes the first time)
Fra:1 Mem:746.63M (Peak 1195.65M) | Time:00:00.39 | Mem:663.00M, Peak:663.00M | Scene, ViewLayer | Updating Scene
Fra:1 Mem:746.63M (Peak 1195.65M) | Time:00:00.39 | Mem:663.00M, Peak:663.00M | Scene, ViewLayer | Updating Shaders
Fra:1 Mem:746.71M (Peak 1195.65M) | Time:00:00.39 | Mem:663.00M, Peak:663.00M | Scene, ViewLayer | Updating Procedurals
Fra:1 Mem:746.71M (Peak 1195.65M) | Time:00:00.39 | Mem:663.00M, Peak:663.00M | Scene, ViewLayer | Updating Background
Fra:1 Mem:746.71M (Peak 1195.65M) | Time:00:00.39 | Mem:663.00M, Peak:663.00M | Scene, ViewLayer | Updating Camera
Fra:1 Mem:746.71M (Peak 1195.65M) | Time:00:00.39 | Mem:663.00M, Peak:663.00M | Scene, ViewLayer | Updating Meshes Flags
Fra:1 Mem:746.71M (Peak 1195.65M) | Time:00:00.39 | Mem:663.00M, Peak:663.00M | Scene, ViewLayer | Updating Objects
Fra:1 Mem:746.71M (Peak 1195.65M) | Time:00:00.39 | Mem:663.00M, Peak:663.00M | Scene, ViewLayer | Updating Objects | Copying Transformations to device
Fra:1 Mem:746.71M (Peak 1195.65M) | Time:00:00.39 | Mem:663.00M, Peak:663.00M | Scene, ViewLayer | Updating Objects | Applying Static Transformations
Fra:1 Mem:746.71M (Peak 1195.65M) | Time:00:00.39 | Mem:663.00M, Peak:663.00M | Scene, ViewLayer | Updating Particle Systems
Fra:1 Mem:746.71M (Peak 1195.65M) | Time:00:00.39 | Mem:663.00M, Peak:663.00M | Scene, ViewLayer | Updating Particle Systems | Copying Particles to device
Fra:1 Mem:746.71M (Peak 1195.65M) | Time:00:00.39 | Mem:663.01M, Peak:663.01M | Scene, ViewLayer | Updating Meshes
Fra:1 Mem:748.98M (Peak 1195.65M) | Time:00:00.39 | Mem:663.01M, Peak:663.01M | Scene, ViewLayer | Updating Mesh | Computing attributes
Fra:1 Mem:752.37M (Peak 1195.65M) | Time:00:00.39 | Mem:663.01M, Peak:663.01M | Scene, ViewLayer | Updating Mesh | Copying Attributes to device
Fra:1 Mem:752.37M (Peak 1195.65M) | Time:00:00.40 | Mem:666.40M, Peak:666.40M | Scene, ViewLayer | Updating Scene BVH | Building
Fra:1 Mem:752.37M (Peak 1195.65M) | Time:00:00.40 | Mem:666.40M, Peak:666.40M | Scene, ViewLayer | Updating Scene BVH | Building BVH
Fra:1 Mem:752.37M (Peak 1195.65M) | Time:00:00.40 | Mem:670.93M, Peak:670.93M | Scene, ViewLayer | Updating Scene BVH | Building BVH 0%
Fra:1 Mem:752.37M (Peak 1195.65M) | Time:00:00.42 | Mem:676.32M, Peak:680.85M | Scene, ViewLayer | Updating Scene BVH | Copying BVH to device
Fra:1 Mem:752.37M (Peak 1195.65M) | Time:00:00.42 | Mem:676.32M, Peak:680.85M | Scene, ViewLayer | Updating Mesh | Computing normals
Fra:1 Mem:757.86M (Peak 1195.65M) | Time:00:00.43 | Mem:676.32M, Peak:680.85M | Scene, ViewLayer | Updating Mesh | Copying Mesh to device
Fra:1 Mem:757.86M (Peak 1195.65M) | Time:00:00.43 | Mem:681.81M, Peak:681.81M | Scene, ViewLayer | Updating Objects Flags
Fra:1 Mem:757.86M (Peak 1195.65M) | Time:00:00.43 | Mem:681.81M, Peak:681.81M | Scene, ViewLayer | Updating Primitive Offsets
Fra:1 Mem:757.86M (Peak 1195.65M) | Time:00:00.43 | Mem:681.81M, Peak:681.81M | Scene, ViewLayer | Updating Images
Fra:1 Mem:757.86M (Peak 1195.65M) | Time:00:00.43 | Mem:681.81M, Peak:681.81M | Scene, ViewLayer | Updating Camera Volume
Fra:1 Mem:757.86M (Peak 1195.65M) | Time:00:00.43 | Mem:681.81M, Peak:681.81M | Scene, ViewLayer | Updating Lookup Tables
Fra:1 Mem:757.86M (Peak 1195.65M) | Time:00:00.43 | Mem:681.89M, Peak:681.89M | Scene, ViewLayer | Updating Lights
Fra:1 Mem:757.86M (Peak 1195.65M) | Time:00:00.43 | Mem:681.89M, Peak:681.89M | Scene, ViewLayer | Updating Lights | Computing tree
Fra:1 Mem:785.57M (Peak 1195.65M) | Time:00:00.79 | Mem:709.60M, Peak:709.60M | Scene, ViewLayer | Updating Integrator
Fra:1 Mem:785.57M (Peak 1195.65M) | Time:00:00.79 | Mem:709.60M, Peak:709.60M | Scene, ViewLayer | Updating Film
Fra:1 Mem:785.58M (Peak 1195.65M) | Time:00:00.79 | Mem:709.52M, Peak:709.60M | Scene, ViewLayer | Updating Lookup Tables
Fra:1 Mem:785.58M (Peak 1195.65M) | Time:00:00.79 | Mem:709.61M, Peak:709.61M | Scene, ViewLayer | Updating Baking
Fra:1 Mem:785.58M (Peak 1195.65M) | Time:00:00.79 | Mem:709.61M, Peak:709.61M | Scene, ViewLayer | Updating Device | Writing constant memory
Fra:1 Mem:785.58M (Peak 1195.65M) | Time:00:00.79 | Mem:709.61M, Peak:709.61M | Scene, ViewLayer | Sample 0/8
Fra:1 Mem:822.68M (Peak 1195.65M) | Time:00:01.06 | Remaining:00:01.87 | Mem:746.70M, Peak:746.70M | Scene, ViewLayer | Sample 1/8
Fra:1 Mem:839.16M (Peak 1195.65M) | Time:00:02.40 | Mem:746.70M, Peak:746.70M | Scene, ViewLayer | Sample 8/8
Fra:1 Mem:839.16M (Peak 1195.65M) | Time:00:02.40 | Mem:746.70M, Peak:746.70M | Scene, ViewLayer | Finished
Saved: '/workspace/apartment-design/multiple-angles/basement-living-dining/angle-1.png'
Time: 00:02.52 (Saving: 00:00.11)

Fra:1 Mem:76.18M (Peak 76.18M) | Time:00:00.00 | Mem:0.00M, Peak:0.00M | Scene, ViewLayer | Synchronizing object | Mesh_0
Fra:1 Mem:76.19M (Peak 76.19M) | Time:00:00.00 | Mem:0.00M, Peak:0.00M | Scene, ViewLayer | Synchronizing object | Mesh_10
Fra:1 Mem:79.72M (Peak 79.72M) | Time:00:00.00 | Mem:0.00M, Peak:0.00M | Scene, ViewLayer | Synchronizing object | Mesh_4
Fra:1 Mem:80.99M (Peak 80.99M) | Time:00:00.00 | Mem:0.00M, Peak:0.00M | Scene, ViewLayer | Synchronizing object | Mesh_5
Fra:1 Mem:80.96M (Peak 80.99M) | Time:00:00.00 | Mem:0.00M, Peak:0.00M | Scene, ViewLayer | Synchronizing object | Mesh_7
Fra:1 Mem:82.01M (Peak 82.01M) | Time:00:00.00 | Mem:0.00M, Peak:0.00M | Scene, ViewLayer | Synchronizing object | Mesh_9
Fra:1 Mem:84.50M (Peak 84.50M) | Time:00:00.00 | Mem:0.00M, Peak:0.00M | Scene, ViewLayer | Synchronizing object | Mesh_8
Fra:1 Mem:84.64M (Peak 84.64M) | Time:00:00.00 | Mem:0.00M, Peak:0.00M | Scene, ViewLayer | Initializing
Fra:1 Mem:84.59M (Peak 84.64M) | Time:00:00.00 | Mem:0.00M, Peak:0.00M | Scene, ViewLayer | Updating Images | Loading 82c34c5158e6b0b0a11a42ed684cacc2
Fra:1 Mem:84.59M (Peak 84.64M) | Time:00:00.00 | Mem:0.00M, Peak:0.00M | Scene, ViewLayer | Updating Images | Loading 6f64dc5f23c25de394aa7e16e5e32eea
Fra:1 Mem:84.59M (Peak 84.64M) | Time:00:00.00 | Mem:0.00M, Peak:0.00M | Scene, ViewLayer | Updating Images | Loading a16774809e8025de1ea410d461175019
Fra:1 Mem:363.61M (Peak 409.61M) | Time:00:00.09 | Mem:23.00M, Peak:23.00M | Scene, ViewLayer | Updating Images | Loading 82172f0df74ed884585ea7e1e0ac3db4
Fra:1 Mem:811.64M (Peak 875.65M) | Time:00:00.15 | Mem:87.00M, Peak:87.00M | Scene, ViewLayer | Updating Images | Loading d6ba7a8a6dface2015f7b95825cf3202
Fra:1 Mem:747.63M (Peak 875.65M) | Time:00:00.16 | Mem:151.00M, Peak:151.00M | Scene, ViewLayer | Updating Images | Loading 99ec65919840ae6942c7be90a15efe6c
Fra:1 Mem:683.62M (Peak 875.65M) | Time:00:00.16 | Mem:215.00M, Peak:215.00M | Scene, ViewLayer | Updating Images | Loading a946a532384e7687116a5fdac5d04788
Fra:1 Mem:619.61M (Peak 875.65M) | Time:00:00.18 | Mem:279.00M, Peak:279.00M | Scene, ViewLayer | Updating Images | Loading e75100ac1b020a5e16a8be11acc4a800
Fra:1 Mem:683.61M (Peak 875.65M) | Time:00:00.23 | Mem:343.00M, Peak:343.00M | Scene, ViewLayer | Updating Images | Loading 286162989f88e9da0aefe1b8c2b08d7c
Fra:1 Mem:746.63M (Peak 1131.65M) | Time:00:00.34 | Mem:663.00M, Peak:663.00M | Scene, ViewLayer | Waiting for render to start
Fra:1 Mem:746.63M (Peak 1131.65M) | Time:00:00.34 | Mem:663.00M, Peak:663.00M | Scene, ViewLayer | Loading render kernels (may take a few minutes the first time)
Fra:1 Mem:746.63M (Peak 1131.65M) | Time:00:00.34 | Mem:663.00M, Peak:663.00M | Scene, ViewLayer | Updating Scene
Fra:1 Mem:746.63M (Peak 1131.65M) | Time:00:00.34 | Mem:663.00M, Peak:663.00M | Scene, ViewLayer | Updating Shaders
Fra:1 Mem:746.71M (Peak 1131.65M) | Time:00:00.34 | Mem:663.00M, Peak:663.00M | Scene, ViewLayer | Updating Procedurals
Fra:1 Mem:746.71M (Peak 1131.65M) | Time:00:00.34 | Mem:663.00M, Peak:663.00M | Scene, ViewLayer | Updating Background
Fra:1 Mem:746.71M (Peak 1131.65M) | Time:00:00.34 | Mem:663.00M, Peak:663.00M | Scene, ViewLayer | Updating Camera
Fra:1 Mem:746.71M (Peak 1131.65M) | Time:00:00.34 | Mem:663.00M, Peak:663.00M | Scene, ViewLayer | Updating Meshes Flags
Fra:1 Mem:746.71M (Peak 1131.65M) | Time:00:00.34 | Mem:663.00M, Peak:663.00M | Scene, ViewLayer | Updating Objects
Fra:1 Mem:746.71M (Peak 1131.65M) | Time:00:00.34 | Mem:663.00M, Peak:663.00M | Scene, ViewLayer | Updating Objects | Copying Transformations to device
Fra:1 Mem:746.71M (Peak 1131.65M) | Time:00:00.34 | Mem:663.00M, Peak:663.00M | Scene, ViewLayer | Updating Objects | Applying Static Transformations
Fra:1 Mem:746.71M (Peak 1131.65M) | Time:00:00.34 | Mem:663.00M, Peak:663.00M | Scene, ViewLayer | Updating Particle Systems
Fra:1 Mem:746.71M (Peak 1131.65M) | Time:00:00.34 | Mem:663.00M, Peak:663.00M | Scene, ViewLayer | Updating Particle Systems | Copying Particles to device
Fra:1 Mem:746.71M (Peak 1131.65M) | Time:00:00.34 | Mem:663.01M, Peak:663.01M | Scene, ViewLayer | Updating Meshes
Fra:1 Mem:748.98M (Peak 1131.65M) | Time:00:00.35 | Mem:663.01M, Peak:663.01M | Scene, ViewLayer | Updating Mesh | Computing attributes
Fra:1 Mem:752.37M (Peak 1131.65M) | Time:00:00.35 | Mem:663.01M, Peak:663.01M | Scene, ViewLayer | Updating Mesh | Copying Attributes to device
Fra:1 Mem:752.37M (Peak 1131.65M) | Time:00:00.35 | Mem:666.40M, Peak:666.40M | Scene, ViewLayer | Updating Scene BVH | Building
Fra:1 Mem:752.37M (Peak 1131.65M) | Time:00:00.35 | Mem:666.40M, Peak:666.40M | Scene, ViewLayer | Updating Scene BVH | Building BVH
Fra:1 Mem:752.37M (Peak 1131.65M) | Time:00:00.35 | Mem:670.93M, Peak:670.93M | Scene, ViewLayer | Updating Scene BVH | Building BVH 0%
Fra:1 Mem:752.37M (Peak 1131.65M) | Time:00:00.36 | Mem:676.32M, Peak:680.85M | Scene, ViewLayer | Updating Scene BVH | Copying BVH to device
Fra:1 Mem:752.37M (Peak 1131.65M) | Time:00:00.36 | Mem:676.32M, Peak:680.85M | Scene, ViewLayer | Updating Mesh | Computing normals
Fra:1 Mem:757.86M (Peak 1131.65M) | Time:00:00.37 | Mem:676.32M, Peak:680.85M | Scene, ViewLayer | Updating Mesh | Copying Mesh to device
Fra:1 Mem:757.86M (Peak 1131.65M) | Time:00:00.37 | Mem:681.81M, Peak:681.81M | Scene, ViewLayer | Updating Objects Flags
Fra:1 Mem:757.86M (Peak 1131.65M) | Time:00:00.37 | Mem:681.81M, Peak:681.81M | Scene, ViewLayer | Updating Primitive Offsets
Fra:1 Mem:757.86M (Peak 1131.65M) | Time:00:00.37 | Mem:681.81M, Peak:681.81M | Scene, ViewLayer | Updating Images
Fra:1 Mem:757.86M (Peak 1131.65M) | Time:00:00.37 | Mem:681.81M, Peak:681.81M | Scene, ViewLayer | Updating Camera Volume
Fra:1 Mem:757.86M (Peak 1131.65M) | Time:00:00.37 | Mem:681.81M, Peak:681.81M | Scene, ViewLayer | Updating Lookup Tables
Fra:1 Mem:757.86M (Peak 1131.65M) | Time:00:00.37 | Mem:681.89M, Peak:681.89M | Scene, ViewLayer | Updating Lights
Fra:1 Mem:757.86M (Peak 1131.65M) | Time:00:00.37 | Mem:681.89M, Peak:681.89M | Scene, ViewLayer | Updating Lights | Computing tree
Fra:1 Mem:785.57M (Peak 1131.65M) | Time:00:00.62 | Mem:709.60M, Peak:709.60M | Scene, ViewLayer | Updating Integrator
Fra:1 Mem:785.57M (Peak 1131.65M) | Time:00:00.62 | Mem:709.60M, Peak:709.60M | Scene, ViewLayer | Updating Film
Fra:1 Mem:785.58M (Peak 1131.65M) | Time:00:00.62 | Mem:709.52M, Peak:709.60M | Scene, ViewLayer | Updating Lookup Tables
Fra:1 Mem:785.58M (Peak 1131.65M) | Time:00:00.62 | Mem:709.61M, Peak:709.61M | Scene, ViewLayer | Updating Baking
Fra:1 Mem:785.58M (Peak 1131.65M) | Time:00:00.62 | Mem:709.61M, Peak:709.61M | Scene, ViewLayer | Updating Device | Writing constant memory
Fra:1 Mem:785.58M (Peak 1131.65M) | Time:00:00.62 | Mem:709.61M, Peak:709.61M | Scene, ViewLayer | Sample 0/8
Fra:1 Mem:822.68M (Peak 1131.65M) | Time:00:00.85 | Remaining:00:01.60 | Mem:746.70M, Peak:746.70M | Scene, ViewLayer | Sample 1/8
Fra:1 Mem:839.16M (Peak 1131.65M) | Time:00:02.03 | Mem:746.70M, Peak:746.70M | Scene, ViewLayer | Sample 8/8
Fra:1 Mem:839.16M (Peak 1131.65M) | Time:00:02.03 | Mem:746.70M, Peak:746.70M | Scene, ViewLayer | Finished
Saved: '/workspace/apartment-design/multiple-angles/basement-living-dining/angle-2.png'
Time: 00:02.16 (Saving: 00:00.12)

Fra:1 Mem:76.19M (Peak 76.19M) | Time:00:00.00 | Mem:0.00M, Peak:0.00M | Scene, ViewLayer | Synchronizing object | Mesh_0
Fra:1 Mem:76.19M (Peak 76.19M) | Time:00:00.00 | Mem:0.00M, Peak:0.00M | Scene, ViewLayer | Synchronizing object | Mesh_10
Fra:1 Mem:78.49M (Peak 78.49M) | Time:00:00.00 | Mem:0.00M, Peak:0.00M | Scene, ViewLayer | Synchronizing object | Mesh_9
Fra:1 Mem:79.52M (Peak 79.52M) | Time:00:00.00 | Mem:0.00M, Peak:0.00M | Scene, ViewLayer | Synchronizing object | Mesh_3
Fra:1 Mem:81.56M (Peak 81.56M) | Time:00:00.00 | Mem:0.00M, Peak:0.00M | Scene, ViewLayer | Synchronizing object | Mesh_4
Fra:1 Mem:82.05M (Peak 82.05M) | Time:00:00.00 | Mem:0.00M, Peak:0.00M | Scene, ViewLayer | Synchronizing object | Mesh_5
Fra:1 Mem:82.10M (Peak 82.10M) | Time:00:00.00 | Mem:0.00M, Peak:0.00M | Scene, ViewLayer | Synchronizing object | Mesh_8
Fra:1 Mem:83.53M (Peak 83.53M) | Time:00:00.00 | Mem:0.00M, Peak:0.00M | Scene, ViewLayer | Synchronizing object | Mesh_7
Fra:1 Mem:83.84M (Peak 83.84M) | Time:00:00.00 | Mem:0.00M, Peak:0.00M | Scene, ViewLayer | Synchronizing object | Mesh_6
Fra:1 Mem:84.64M (Peak 85.26M) | Time:00:00.00 | Mem:0.00M, Peak:0.00M | Scene, ViewLayer | Initializing
Fra:1 Mem:84.59M (Peak 85.26M) | Time:00:00.00 | Mem:0.00M, Peak:0.00M | Scene, ViewLayer | Updating Images | Loading a682237f08f113c553587ed9f3adc739
Fra:1 Mem:84.59M (Peak 85.26M) | Time:00:00.00 | Mem:0.00M, Peak:0.00M | Scene, ViewLayer | Updating Images | Loading 424437e94f9e91f8b30cd110df137509
Fra:1 Mem:84.59M (Peak 85.26M) | Time:00:00.00 | Mem:0.00M, Peak:0.00M | Scene, ViewLayer | Updating Images | Loading a16774809e8025de1ea410d461175019
Fra:1 Mem:363.61M (Peak 409.61M) | Time:00:00.04 | Mem:23.00M, Peak:23.00M | Scene, ViewLayer | Updating Images | Loading 82172f0df74ed884585ea7e1e0ac3db4
Fra:1 Mem:555.62M (Peak 683.63M) | Time:00:00.11 | Mem:87.00M, Peak:87.00M | Scene, ViewLayer | Updating Images | Loading d6ba7a8a6dface2015f7b95825cf3202
Fra:1 Mem:619.62M (Peak 683.63M) | Time:00:00.11 | Mem:151.00M, Peak:151.00M | Scene, ViewLayer | Updating Images | Loading 99ec65919840ae6942c7be90a15efe6c
Fra:1 Mem:811.63M (Peak 939.64M) | Time:00:00.14 | Mem:215.00M, Peak:215.00M | Scene, ViewLayer | Updating Images | Loading 286162989f88e9da0aefe1b8c2b08d7c
Fra:1 Mem:747.62M (Peak 939.64M) | Time:00:00.15 | Mem:279.00M, Peak:279.00M | Scene, ViewLayer | Updating Images | Loading a946a532384e7687116a5fdac5d04788
Fra:1 Mem:683.61M (Peak 939.64M) | Time:00:00.15 | Mem:343.00M, Peak:343.00M | Scene, ViewLayer | Updating Images | Loading e75100ac1b020a5e16a8be11acc4a800
Fra:1 Mem:746.63M (Peak 1259.65M) | Time:00:00.30 | Mem:663.00M, Peak:663.00M | Scene, ViewLayer | Waiting for render to start
Fra:1 Mem:746.63M (Peak 1259.65M) | Time:00:00.30 | Mem:663.00M, Peak:663.00M | Scene, ViewLayer | Loading render kernels (may take a few minutes the first time)
Fra:1 Mem:746.63M (Peak 1259.65M) | Time:00:00.30 | Mem:663.00M, Peak:663.00M | Scene, ViewLayer | Updating Scene
Fra:1 Mem:746.63M (Peak 1259.65M) | Time:00:00.30 | Mem:663.00M, Peak:663.00M | Scene, ViewLayer | Updating Shaders
Fra:1 Mem:746.71M (Peak 1259.65M) | Time:00:00.30 | Mem:663.00M, Peak:663.00M | Scene, ViewLayer | Updating Procedurals
Fra:1 Mem:746.71M (Peak 1259.65M) | Time:00:00.30 | Mem:663.00M, Peak:663.00M | Scene, ViewLayer | Updating Background
Fra:1 Mem:746.71M (Peak 1259.65M) | Time:00:00.30 | Mem:663.00M, Peak:663.00M | Scene, ViewLayer | Updating Camera
Fra:1 Mem:746.71M (Peak 1259.65M) | Time:00:00.30 | Mem:663.00M, Peak:663.00M | Scene, ViewLayer | Updating Meshes Flags
Fra:1 Mem:746.71M (Peak 1259.65M) | Time:00:00.30 | Mem:663.00M, Peak:663.00M | Scene, ViewLayer | Updating Objects
Fra:1 Mem:746.71M (Peak 1259.65M) | Time:00:00.30 | Mem:663.00M, Peak:663.00M | Scene, ViewLayer | Updating Objects | Copying Transformations to device
Fra:1 Mem:746.71M (Peak 1259.65M) | Time:00:00.30 | Mem:663.00M, Peak:663.00M | Scene, ViewLayer | Updating Objects | Applying Static Transformations
Fra:1 Mem:746.71M (Peak 1259.65M) | Time:00:00.30 | Mem:663.00M, Peak:663.00M | Scene, ViewLayer | Updating Particle Systems
Fra:1 Mem:746.71M (Peak 1259.65M) | Time:00:00.30 | Mem:663.00M, Peak:663.00M | Scene, ViewLayer | Updating Particle Systems | Copying Particles to device
Fra:1 Mem:746.71M (Peak 1259.65M) | Time:00:00.30 | Mem:663.01M, Peak:663.01M | Scene, ViewLayer | Updating Meshes
Fra:1 Mem:748.98M (Peak 1259.65M) | Time:00:00.31 | Mem:663.01M, Peak:663.01M | Scene, ViewLayer | Updating Mesh | Computing attributes
Fra:1 Mem:752.37M (Peak 1259.65M) | Time:00:00.31 | Mem:663.01M, Peak:663.01M | Scene, ViewLayer | Updating Mesh | Copying Attributes to device
Fra:1 Mem:752.37M (Peak 1259.65M) | Time:00:00.31 | Mem:666.40M, Peak:666.40M | Scene, ViewLayer | Updating Scene BVH | Building
Fra:1 Mem:752.37M (Peak 1259.65M) | Time:00:00.31 | Mem:666.40M, Peak:666.40M | Scene, ViewLayer | Updating Scene BVH | Building BVH
Fra:1 Mem:752.37M (Peak 1259.65M) | Time:00:00.31 | Mem:670.93M, Peak:670.93M | Scene, ViewLayer | Updating Scene BVH | Building BVH 0%
Fra:1 Mem:752.37M (Peak 1259.65M) | Time:00:00.32 | Mem:676.32M, Peak:680.85M | Scene, ViewLayer | Updating Scene BVH | Copying BVH to device
Fra:1 Mem:752.37M (Peak 1259.65M) | Time:00:00.32 | Mem:676.32M, Peak:680.85M | Scene, ViewLayer | Updating Mesh | Computing normals
Fra:1 Mem:757.86M (Peak 1259.65M) | Time:00:00.32 | Mem:676.32M, Peak:680.85M | Scene, ViewLayer | Updating Mesh | Copying Mesh to device
Fra:1 Mem:757.86M (Peak 1259.65M) | Time:00:00.32 | Mem:681.81M, Peak:681.81M | Scene, ViewLayer | Updating Objects Flags
Fra:1 Mem:757.86M (Peak 1259.65M) | Time:00:00.32 | Mem:681.81M, Peak:681.81M | Scene, ViewLayer | Updating Primitive Offsets
Fra:1 Mem:757.86M (Peak 1259.65M) | Time:00:00.32 | Mem:681.81M, Peak:681.81M | Scene, ViewLayer | Updating Images
Fra:1 Mem:757.86M (Peak 1259.65M) | Time:00:00.32 | Mem:681.81M, Peak:681.81M | Scene, ViewLayer | Updating Camera Volume
Fra:1 Mem:757.86M (Peak 1259.65M) | Time:00:00.32 | Mem:681.81M, Peak:681.81M | Scene, ViewLayer | Updating Lookup Tables
Fra:1 Mem:757.86M (Peak 1259.65M) | Time:00:00.32 | Mem:681.89M, Peak:681.89M | Scene, ViewLayer | Updating Lights
Fra:1 Mem:757.86M (Peak 1259.65M) | Time:00:00.32 | Mem:681.89M, Peak:681.89M | Scene, ViewLayer | Updating Lights | Computing tree
Fra:1 Mem:785.57M (Peak 1259.65M) | Time:00:00.56 | Mem:709.60M, Peak:709.60M | Scene, ViewLayer | Updating Integrator
Fra:1 Mem:785.57M (Peak 1259.65M) | Time:00:00.56 | Mem:709.60M, Peak:709.60M | Scene, ViewLayer | Updating Film
Fra:1 Mem:785.58M (Peak 1259.65M) | Time:00:00.56 | Mem:709.52M, Peak:709.60M | Scene, ViewLayer | Updating Lookup Tables
Fra:1 Mem:785.58M (Peak 1259.65M) | Time:00:00.56 | Mem:709.61M, Peak:709.61M | Scene, ViewLayer | Updating Baking
Fra:1 Mem:785.58M (Peak 1259.65M) | Time:00:00.56 | Mem:709.61M, Peak:709.61M | Scene, ViewLayer | Updating Device | Writing constant memory
Fra:1 Mem:785.58M (Peak 1259.65M) | Time:00:00.56 | Mem:709.61M, Peak:709.61M | Scene, ViewLayer | Sample 0/8
Fra:1 Mem:822.68M (Peak 1259.65M) | Time:00:00.77 | Remaining:00:01.50 | Mem:746.70M, Peak:746.70M | Scene, ViewLayer | Sample 1/8
Fra:1 Mem:839.16M (Peak 1259.65M) | Time:00:02.02 | Mem:746.70M, Peak:746.70M | Scene, ViewLayer | Sample 8/8
Fra:1 Mem:839.16M (Peak 1259.65M) | Time:00:02.02 | Mem:746.70M, Peak:746.70M | Scene, ViewLayer | Finished
Saved: '/workspace/apartment-design/multiple-angles/basement-living-dining/angle-3.png'
Time: 00:02.13 (Saving: 00:00.10)

Fra:1 Mem:76.18M (Peak 76.18M) | Time:00:00.00 | Mem:0.00M, Peak:0.00M | Scene, ViewLayer | Synchronizing object | Mesh_0
Fra:1 Mem:76.19M (Peak 76.19M) | Time:00:00.00 | Mem:0.00M, Peak:0.00M | Scene, ViewLayer | Synchronizing object | Mesh_3
Fra:1 Mem:76.63M (Peak 76.63M) | Time:00:00.00 | Mem:0.00M, Peak:0.00M | Scene, ViewLayer | Synchronizing object | Mesh_10
Fra:1 Mem:80.07M (Peak 80.07M) | Time:00:00.00 | Mem:0.00M, Peak:0.00M | Scene, ViewLayer | Synchronizing object | Mesh_4
Fra:1 Mem:80.21M (Peak 80.21M) | Time:00:00.00 | Mem:0.00M, Peak:0.00M | Scene, ViewLayer | Synchronizing object | Mesh_9
Fra:1 Mem:81.94M (Peak 81.94M) | Time:00:00.00 | Mem:0.00M, Peak:0.00M | Scene, ViewLayer | Synchronizing object | Mesh_5
Fra:1 Mem:82.00M (Peak 82.00M) | Time:00:00.00 | Mem:0.00M, Peak:0.00M | Scene, ViewLayer | Synchronizing object | Mesh_7
Fra:1 Mem:83.13M (Peak 83.13M) | Time:00:00.00 | Mem:0.00M, Peak:0.00M | Scene, ViewLayer | Synchronizing object | Mesh_8
Fra:1 Mem:84.64M (Peak 84.64M) | Time:00:00.00 | Mem:0.00M, Peak:0.00M | Scene, ViewLayer | Initializing
Fra:1 Mem:84.59M (Peak 84.64M) | Time:00:00.00 | Mem:0.00M, Peak:0.00M | Scene, ViewLayer | Updating Images | Loading 82c34c5158e6b0b0a11a42ed684cacc2
Fra:1 Mem:84.60M (Peak 84.64M) | Time:00:00.00 | Mem:0.00M, Peak:0.00M | Scene, ViewLayer | Updating Images | Loading a682237f08f113c553587ed9f3adc739
Fra:1 Mem:84.60M (Peak 84.64M) | Time:00:00.00 | Mem:0.00M, Peak:0.00M | Scene, ViewLayer | Updating Images | Loading 6f64dc5f23c25de394aa7e16e5e32eea
Fra:1 Mem:84.60M (Peak 84.64M) | Time:00:00.00 | Mem:0.00M, Peak:0.00M | Scene, ViewLayer | Updating Images | Loading 424437e94f9e91f8b30cd110df137509
Fra:1 Mem:299.60M (Peak 299.60M) | Time:00:00.00 | Mem:0.00M, Peak:0.00M | Scene, ViewLayer | Updating Images | Loading a16774809e8025de1ea410d461175019
Fra:1 Mem:363.61M (Peak 409.61M) | Time:00:00.04 | Mem:23.00M, Peak:23.00M | Scene, ViewLayer | Updating Images | Loading 82172f0df74ed884585ea7e1e0ac3db4
Fra:1 Mem:811.64M (Peak 939.65M) | Time:00:00.13 | Mem:87.00M, Peak:87.00M | Scene, ViewLayer | Updating Images | Loading d6ba7a8a6dface2015f7b95825cf3202
Fra:1 Mem:683.63M (Peak 939.65M) | Time:00:00.13 | Mem:151.00M, Peak:151.00M | Scene, ViewLayer | Updating Images | Loading 99ec65919840ae6942c7be90a15efe6c
Fra:1 Mem:811.63M (Peak 939.65M) | Time:00:00.13 | Mem:215.00M, Peak:215.00M | Scene, ViewLayer | Updating Images | Loading a946a532384e7687116a5fdac5d04788
Fra:1 Mem:747.62M (Peak 939.65M) | Time:00:00.16 | Mem:279.00M, Peak:279.00M | Scene, ViewLayer | Updating Images | Loading e75100ac1b020a5e16a8be11acc4a800
Fra:1 Mem:683.61M (Peak 939.65M) | Time:00:00.17 | Mem:343.00M, Peak:343.00M | Scene, ViewLayer | Updating Images | Loading 286162989f88e9da0aefe1b8c2b08d7c
Fra:1 Mem:746.63M (Peak 1259.65M) | Time:00:00.31 | Mem:663.00M, Peak:663.00M | Scene, ViewLayer | Waiting for render to start
Fra:1 Mem:746.63M (Peak 1259.65M) | Time:00:00.31 | Mem:663.00M, Peak:663.00M | Scene, ViewLayer | Loading render kernels (may take a few minutes the first time)
Fra:1 Mem:746.63M (Peak 1259.65M) | Time:00:00.31 | Mem:663.00M, Peak:663.00M | Scene, ViewLayer | Updating Scene
Fra:1 Mem:746.63M (Peak 1259.65M) | Time:00:00.31 | Mem:663.00M, Peak:663.00M | Scene, ViewLayer | Updating Shaders
Fra:1 Mem:746.71M (Peak 1259.65M) | Time:00:00.31 | Mem:663.00M, Peak:663.00M | Scene, ViewLayer | Updating Procedurals
Fra:1 Mem:746.71M (Peak 1259.65M) | Time:00:00.31 | Mem:663.00M, Peak:663.00M | Scene, ViewLayer | Updating Background
Fra:1 Mem:746.71M (Peak 1259.65M) | Time:00:00.31 | Mem:663.00M, Peak:663.00M | Scene, ViewLayer | Updating Camera
Fra:1 Mem:746.71M (Peak 1259.65M) | Time:00:00.31 | Mem:663.00M, Peak:663.00M | Scene, ViewLayer | Updating Meshes Flags
Fra:1 Mem:746.71M (Peak 1259.65M) | Time:00:00.31 | Mem:663.00M, Peak:663.00M | Scene, ViewLayer | Updating Objects
Fra:1 Mem:746.71M (Peak 1259.65M) | Time:00:00.31 | Mem:663.00M, Peak:663.00M | Scene, ViewLayer | Updating Objects | Copying Transformations to device
Fra:1 Mem:746.71M (Peak 1259.65M) | Time:00:00.31 | Mem:663.00M, Peak:663.00M | Scene, ViewLayer | Updating Objects | Applying Static Transformations
Fra:1 Mem:746.71M (Peak 1259.65M) | Time:00:00.31 | Mem:663.00M, Peak:663.00M | Scene, ViewLayer | Updating Particle Systems
Fra:1 Mem:746.71M (Peak 1259.65M) | Time:00:00.31 | Mem:663.00M, Peak:663.00M | Scene, ViewLayer | Updating Particle Systems | Copying Particles to device
Fra:1 Mem:746.71M (Peak 1259.65M) | Time:00:00.31 | Mem:663.01M, Peak:663.01M | Scene, ViewLayer | Updating Meshes
Fra:1 Mem:748.98M (Peak 1259.65M) | Time:00:00.31 | Mem:663.01M, Peak:663.01M | Scene, ViewLayer | Updating Mesh | Computing attributes
Fra:1 Mem:752.37M (Peak 1259.65M) | Time:00:00.31 | Mem:663.01M, Peak:663.01M | Scene, ViewLayer | Updating Mesh | Copying Attributes to device
Fra:1 Mem:752.37M (Peak 1259.65M) | Time:00:00.31 | Mem:666.40M, Peak:666.40M | Scene, ViewLayer | Updating Scene BVH | Building
Fra:1 Mem:752.37M (Peak 1259.65M) | Time:00:00.31 | Mem:666.40M, Peak:666.40M | Scene, ViewLayer | Updating Scene BVH | Building BVH
Fra:1 Mem:752.37M (Peak 1259.65M) | Time:00:00.31 | Mem:670.93M, Peak:670.93M | Scene, ViewLayer | Updating Scene BVH | Building BVH 0%
Fra:1 Mem:752.37M (Peak 1259.65M) | Time:00:00.33 | Mem:676.32M, Peak:680.85M | Scene, ViewLayer | Updating Scene BVH | Copying BVH to device
Fra:1 Mem:752.37M (Peak 1259.65M) | Time:00:00.33 | Mem:676.32M, Peak:680.85M | Scene, ViewLayer | Updating Mesh | Computing normals
Fra:1 Mem:757.86M (Peak 1259.65M) | Time:00:00.33 | Mem:676.32M, Peak:680.85M | Scene, ViewLayer | Updating Mesh | Copying Mesh to device
Fra:1 Mem:757.86M (Peak 1259.65M) | Time:00:00.33 | Mem:681.81M, Peak:681.81M | Scene, ViewLayer | Updating Objects Flags
Fra:1 Mem:757.86M (Peak 1259.65M) | Time:00:00.33 | Mem:681.81M, Peak:681.81M | Scene, ViewLayer | Updating Primitive Offsets
Fra:1 Mem:757.86M (Peak 1259.65M) | Time:00:00.33 | Mem:681.81M, Peak:681.81M | Scene, ViewLayer | Updating Images
Fra:1 Mem:757.86M (Peak 1259.65M) | Time:00:00.33 | Mem:681.81M, Peak:681.81M | Scene, ViewLayer | Updating Camera Volume
Fra:1 Mem:757.86M (Peak 1259.65M) | Time:00:00.33 | Mem:681.81M, Peak:681.81M | Scene, ViewLayer | Updating Lookup Tables
Fra:1 Mem:757.86M (Peak 1259.65M) | Time:00:00.33 | Mem:681.89M, Peak:681.89M | Scene, ViewLayer | Updating Lights
Fra:1 Mem:757.86M (Peak 1259.65M) | Time:00:00.33 | Mem:681.89M, Peak:681.89M | Scene, ViewLayer | Updating Lights | Computing tree
Fra:1 Mem:785.57M (Peak 1259.65M) | Time:00:00.59 | Mem:709.60M, Peak:709.60M | Scene, ViewLayer | Updating Integrator
Fra:1 Mem:785.57M (Peak 1259.65M) | Time:00:00.59 | Mem:709.60M, Peak:709.60M | Scene, ViewLayer | Updating Film
Fra:1 Mem:785.58M (Peak 1259.65M) | Time:00:00.59 | Mem:709.52M, Peak:709.60M | Scene, ViewLayer | Updating Lookup Tables
Fra:1 Mem:785.58M (Peak 1259.65M) | Time:00:00.59 | Mem:709.61M, Peak:709.61M | Scene, ViewLayer | Updating Baking
Fra:1 Mem:785.58M (Peak 1259.65M) | Time:00:00.59 | Mem:709.61M, Peak:709.61M | Scene, ViewLayer | Updating Device | Writing constant memory
Fra:1 Mem:785.58M (Peak 1259.65M) | Time:00:00.59 | Mem:709.61M, Peak:709.61M | Scene, ViewLayer | Sample 0/8
Fra:1 Mem:822.68M (Peak 1259.65M) | Time:00:00.82 | Remaining:00:01.63 | Mem:746.70M, Peak:746.70M | Scene, ViewLayer | Sample 1/8
Fra:1 Mem:839.16M (Peak 1259.65M) | Time:00:01.96 | Mem:746.70M, Peak:746.70M | Scene, ViewLayer | Sample 8/8
Fra:1 Mem:839.16M (Peak 1259.65M) | Time:00:01.96 | Mem:746.70M, Peak:746.70M | Scene, ViewLayer | Finished
Saved: '/workspace/apartment-design/multiple-angles/basement-living-dining/angle-4.png'
Time: 00:02.05 (Saving: 00:00.09)

Fra:1 Mem:76.18M (Peak 76.18M) | Time:00:00.00 | Mem:0.00M, Peak:0.00M | Scene, ViewLayer | Synchronizing object | Mesh_0
Fra:1 Mem:76.19M (Peak 76.19M) | Time:00:00.00 | Mem:0.00M, Peak:0.00M | Scene, ViewLayer | Synchronizing object | Mesh_3
Fra:1 Mem:76.29M (Peak 76.29M) | Time:00:00.00 | Mem:0.00M, Peak:0.00M | Scene, ViewLayer | Synchronizing object | Mesh_10
Fra:1 Mem:80.01M (Peak 80.07M) | Time:00:00.00 | Mem:0.00M, Peak:0.00M | Scene, ViewLayer | Synchronizing object | Mesh_9
Fra:1 Mem:81.36M (Peak 81.36M) | Time:00:00.00 | Mem:0.00M, Peak:0.00M | Scene, ViewLayer | Synchronizing object | Mesh_4
Fra:1 Mem:80.92M (Peak 81.36M) | Time:00:00.00 | Mem:0.00M, Peak:0.00M | Scene, ViewLayer | Synchronizing object | Mesh_5
Fra:1 Mem:82.32M (Peak 82.32M) | Time:00:00.00 | Mem:0.00M, Peak:0.00M | Scene, ViewLayer | Synchronizing object | Mesh_6
Fra:1 Mem:83.04M (Peak 83.04M) | Time:00:00.00 | Mem:0.00M, Peak:0.00M | Scene, ViewLayer | Synchronizing object | Mesh_7
Fra:1 Mem:85.21M (Peak 85.21M) | Time:00:00.00 | Mem:0.00M, Peak:0.00M | Scene, ViewLayer | Synchronizing object | Mesh_8
Fra:1 Mem:84.64M (Peak 85.21M) | Time:00:00.00 | Mem:0.00M, Peak:0.00M | Scene, ViewLayer | Initializing
Fra:1 Mem:84.59M (Peak 85.21M) | Time:00:00.00 | Mem:0.00M, Peak:0.00M | Scene, ViewLayer | Updating Images | Loading a682237f08f113c553587ed9f3adc739
Fra:1 Mem:84.59M (Peak 85.21M) | Time:00:00.00 | Mem:0.00M, Peak:0.00M | Scene, ViewLayer | Updating Images | Loading 424437e94f9e91f8b30cd110df137509
Fra:1 Mem:363.61M (Peak 409.61M) | Time:00:00.04 | Mem:23.00M, Peak:23.00M | Scene, ViewLayer | Updating Images | Loading 82172f0df74ed884585ea7e1e0ac3db4
Fra:1 Mem:939.65M (Peak 939.65M) | Time:00:00.12 | Mem:87.00M, Peak:87.00M | Scene, ViewLayer | Updating Images | Loading d6ba7a8a6dface2015f7b95825cf3202
Fra:1 Mem:875.64M (Peak 1003.65M) | Time:00:00.12 | Mem:151.00M, Peak:151.00M | Scene, ViewLayer | Updating Images | Loading 99ec65919840ae6942c7be90a15efe6c
Fra:1 Mem:811.63M (Peak 1003.65M) | Time:00:00.13 | Mem:215.00M, Peak:215.00M | Scene, ViewLayer | Updating Images | Loading a946a532384e7687116a5fdac5d04788
Fra:1 Mem:747.62M (Peak 1003.65M) | Time:00:00.13 | Mem:279.00M, Peak:279.00M | Scene, ViewLayer | Updating Images | Loading e75100ac1b020a5e16a8be11acc4a800
Fra:1 Mem:683.61M (Peak 1003.65M) | Time:00:00.16 | Mem:343.00M, Peak:343.00M | Scene, ViewLayer | Updating Images | Loading 286162989f88e9da0aefe1b8c2b08d7c
Fra:1 Mem:746.63M (Peak 1259.65M) | Time:00:00.31 | Mem:663.00M, Peak:663.00M | Scene, ViewLayer | Waiting for render to start
Fra:1 Mem:746.63M (Peak 1259.65M) | Time:00:00.31 | Mem:663.00M, Peak:663.00M | Scene, ViewLayer | Loading render kernels (may take a few minutes the first time)
Fra:1 Mem:746.63M (Peak 1259.65M) | Time:00:00.31 | Mem:663.00M, Peak:663.00M | Scene, ViewLayer | Updating Scene
Fra:1 Mem:746.63M (Peak 1259.65M) | Time:00:00.31 | Mem:663.00M, Peak:663.00M | Scene, ViewLayer | Updating Shaders
Fra:1 Mem:746.71M (Peak 1259.65M) | Time:00:00.31 | Mem:663.00M, Peak:663.00M | Scene, ViewLayer | Updating Procedurals
Fra:1 Mem:746.71M (Peak 1259.65M) | Time:00:00.31 | Mem:663.00M, Peak:663.00M | Scene, ViewLayer | Updating Background
Fra:1 Mem:746.71M (Peak 1259.65M) | Time:00:00.31 | Mem:663.00M, Peak:663.00M | Scene, ViewLayer | Updating Camera
Fra:1 Mem:746.71M (Peak 1259.65M) | Time:00:00.31 | Mem:663.00M, Peak:663.00M | Scene, ViewLayer | Updating Meshes Flags
Fra:1 Mem:746.71M (Peak 1259.65M) | Time:00:00.31 | Mem:663.00M, Peak:663.00M | Scene, ViewLayer | Updating Objects
Fra:1 Mem:746.71M (Peak 1259.65M) | Time:00:00.31 | Mem:663.00M, Peak:663.00M | Scene, ViewLayer | Updating Objects | Copying Transformations to device
Fra:1 Mem:746.72M (Peak 1259.65M) | Time:00:00.31 | Mem:663.00M, Peak:663.00M | Scene, ViewLayer | Updating Objects | Applying Static Transformations
Fra:1 Mem:746.72M (Peak 1259.65M) | Time:00:00.31 | Mem:663.00M, Peak:663.00M | Scene, ViewLayer | Updating Particle Systems
Fra:1 Mem:746.72M (Peak 1259.65M) | Time:00:00.31 | Mem:663.00M, Peak:663.00M | Scene, ViewLayer | Updating Particle Systems | Copying Particles to device
Fra:1 Mem:746.72M (Peak 1259.65M) | Time:00:00.31 | Mem:663.01M, Peak:663.01M | Scene, ViewLayer | Updating Meshes
Fra:1 Mem:748.98M (Peak 1259.65M) | Time:00:00.31 | Mem:663.01M, Peak:663.01M | Scene, ViewLayer | Updating Mesh | Computing attributes
Fra:1 Mem:752.37M (Peak 1259.65M) | Time:00:00.32 | Mem:663.01M, Peak:663.01M | Scene, ViewLayer | Updating Mesh | Copying Attributes to device
Fra:1 Mem:752.37M (Peak 1259.65M) | Time:00:00.32 | Mem:666.40M, Peak:666.40M | Scene, ViewLayer | Updating Scene BVH | Building
Fra:1 Mem:752.37M (Peak 1259.65M) | Time:00:00.32 | Mem:666.40M, Peak:666.40M | Scene, ViewLayer | Updating Scene BVH | Building BVH
Fra:1 Mem:752.37M (Peak 1259.65M) | Time:00:00.32 | Mem:670.93M, Peak:670.93M | Scene, ViewLayer | Updating Scene BVH | Building BVH 0%
Fra:1 Mem:752.37M (Peak 1259.65M) | Time:00:00.34 | Mem:676.32M, Peak:680.85M | Scene, ViewLayer | Updating Scene BVH | Copying BVH to device
Fra:1 Mem:752.37M (Peak 1259.65M) | Time:00:00.34 | Mem:676.32M, Peak:680.85M | Scene, ViewLayer | Updating Mesh | Computing normals
Fra:1 Mem:757.86M (Peak 1259.65M) | Time:00:00.34 | Mem:676.32M, Peak:680.85M | Scene, ViewLayer | Updating Mesh | Copying Mesh to device
Fra:1 Mem:757.86M (Peak 1259.65M) | Time:00:00.34 | Mem:681.81M, Peak:681.81M | Scene, ViewLayer | Updating Objects Flags
Fra:1 Mem:757.86M (Peak 1259.65M) | Time:00:00.34 | Mem:681.81M, Peak:681.81M | Scene, ViewLayer | Updating Primitive Offsets
Fra:1 Mem:757.86M (Peak 1259.65M) | Time:00:00.34 | Mem:681.81M, Peak:681.81M | Scene, ViewLayer | Updating Images
Fra:1 Mem:757.86M (Peak 1259.65M) | Time:00:00.34 | Mem:681.81M, Peak:681.81M | Scene, ViewLayer | Updating Camera Volume
Fra:1 Mem:757.86M (Peak 1259.65M) | Time:00:00.34 | Mem:681.81M, Peak:681.81M | Scene, ViewLayer | Updating Lookup Tables
Fra:1 Mem:757.86M (Peak 1259.65M) | Time:00:00.34 | Mem:681.89M, Peak:681.89M | Scene, ViewLayer | Updating Lights
Fra:1 Mem:757.86M (Peak 1259.65M) | Time:00:00.34 | Mem:681.89M, Peak:681.89M | Scene, ViewLayer | Updating Lights | Computing tree
Fra:1 Mem:785.57M (Peak 1259.65M) | Time:00:00.62 | Mem:709.60M, Peak:709.60M | Scene, ViewLayer | Updating Integrator
Fra:1 Mem:785.57M (Peak 1259.65M) | Time:00:00.62 | Mem:709.60M, Peak:709.60M | Scene, ViewLayer | Updating Film
Fra:1 Mem:785.58M (Peak 1259.65M) | Time:00:00.62 | Mem:709.52M, Peak:709.60M | Scene, ViewLayer | Updating Lookup Tables
Fra:1 Mem:785.58M (Peak 1259.65M) | Time:00:00.62 | Mem:709.61M, Peak:709.61M | Scene, ViewLayer | Updating Baking
Fra:1 Mem:785.58M (Peak 1259.65M) | Time:00:00.62 | Mem:709.61M, Peak:709.61M | Scene, ViewLayer | Updating Device | Writing constant memory
Fra:1 Mem:785.58M (Peak 1259.65M) | Time:00:00.62 | Mem:709.61M, Peak:709.61M | Scene, ViewLayer | Sample 0/8
Fra:1 Mem:822.68M (Peak 1259.65M) | Time:00:00.83 | Remaining:00:01.46 | Mem:746.70M, Peak:746.70M | Scene, ViewLayer | Sample 1/8
Fra:1 Mem:839.16M (Peak 1259.65M) | Time:00:01.97 | Mem:746.70M, Peak:746.70M | Scene, ViewLayer | Sample 8/8
Fra:1 Mem:839.16M (Peak 1259.65M) | Time:00:01.97 | Mem:746.70M, Peak:746.70M | Scene, ViewLayer | Finished
Saved: '/workspace/apartment-design/multiple-angles/bedroom-flex-area/angle-1.png'
Time: 00:02.08 (Saving: 00:00.10)

Fra:1 Mem:76.18M (Peak 76.18M) | Time:00:00.00 | Mem:0.00M, Peak:0.00M | Scene, ViewLayer | Synchronizing object | Mesh_0
Fra:1 Mem:76.19M (Peak 76.19M) | Time:00:00.00 | Mem:0.00M, Peak:0.00M | Scene, ViewLayer | Synchronizing object | Mesh_2
Fra:1 Mem:76.95M (Peak 76.95M) | Time:00:00.00 | Mem:0.00M, Peak:0.00M | Scene, ViewLayer | Synchronizing object | Mesh_10
Fra:1 Mem:80.10M (Peak 80.10M) | Time:00:00.00 | Mem:0.00M, Peak:0.00M | Scene, ViewLayer | Synchronizing object | Mesh_9
Fra:1 Mem:79.92M (Peak 80.10M) | Time:00:00.00 | Mem:0.00M, Peak:0.00M | Scene, ViewLayer | Synchronizing object | Mesh_3
Fra:1 Mem:80.59M (Peak 80.59M) | Time:00:00.00 | Mem:0.00M, Peak:0.00M | Scene, ViewLayer | Synchronizing object | Mesh_4
Fra:1 Mem:80.98M (Peak 80.98M) | Time:00:00.00 | Mem:0.00M, Peak:0.00M | Scene, ViewLayer | Synchronizing object | Mesh_5
Fra:1 Mem:82.84M (Peak 82.84M) | Time:00:00.00 | Mem:0.00M, Peak:0.00M | Scene, ViewLayer | Synchronizing object | Mesh_6
Fra:1 Mem:83.04M (Peak 83.04M) | Time:00:00.00 | Mem:0.00M, Peak:0.00M | Scene, ViewLayer | Synchronizing object | Mesh_7
Fra:1 Mem:85.16M (Peak 85.30M) | Time:00:00.00 | Mem:0.00M, Peak:0.00M | Scene, ViewLayer | Synchronizing object | Mesh_8
Fra:1 Mem:84.64M (Peak 85.30M) | Time:00:00.00 | Mem:0.00M, Peak:0.00M | Scene, ViewLayer | Initializing
Fra:1 Mem:84.59M (Peak 85.30M) | Time:00:00.00 | Mem:0.00M, Peak:0.00M | Scene, ViewLayer | Updating Images | Loading 82c34c5158e6b0b0a11a42ed684cacc2
Fra:1 Mem:84.59M (Peak 85.30M) | Time:00:00.00 | Mem:0.00M, Peak:0.00M | Scene, ViewLayer | Updating Images | Loading a16774809e8025de1ea410d461175019
Fra:1 Mem:363.61M (Peak 409.61M) | Time:00:00.04 | Mem:23.00M, Peak:23.00M | Scene, ViewLayer | Updating Images | Loading 82172f0df74ed884585ea7e1e0ac3db4
Fra:1 Mem:811.64M (Peak 939.65M) | Time:00:00.11 | Mem:87.00M, Peak:87.00M | Scene, ViewLayer | Updating Images | Loading d6ba7a8a6dface2015f7b95825cf3202
Fra:1 Mem:747.64M (Peak 1003.65M) | Time:00:00.12 | Mem:151.00M, Peak:151.00M | Scene, ViewLayer | Updating Images | Loading 99ec65919840ae6942c7be90a15efe6c
Fra:1 Mem:747.63M (Peak 1003.65M) | Time:00:00.12 | Mem:215.00M, Peak:215.00M | Scene, ViewLayer | Updating Images | Loading a946a532384e7687116a5fdac5d04788
Fra:1 Mem:747.62M (Peak 1003.65M) | Time:00:00.13 | Mem:279.00M, Peak:279.00M | Scene, ViewLayer | Updating Images | Loading e75100ac1b020a5e16a8be11acc4a800
Fra:1 Mem:683.61M (Peak 1003.65M) | Time:00:00.15 | Mem:343.00M, Peak:343.00M | Scene, ViewLayer | Updating Images | Loading 286162989f88e9da0aefe1b8c2b08d7c
Fra:1 Mem:746.63M (Peak 1259.65M) | Time:00:00.29 | Mem:663.00M, Peak:663.00M | Scene, ViewLayer | Waiting for render to start
Fra:1 Mem:746.63M (Peak 1259.65M) | Time:00:00.29 | Mem:663.00M, Peak:663.00M | Scene, ViewLayer | Loading render kernels (may take a few minutes the first time)
Fra:1 Mem:746.63M (Peak 1259.65M) | Time:00:00.29 | Mem:663.00M, Peak:663.00M | Scene, ViewLayer | Updating Scene
Fra:1 Mem:746.63M (Peak 1259.65M) | Time:00:00.29 | Mem:663.00M, Peak:663.00M | Scene, ViewLayer | Updating Shaders
Fra:1 Mem:746.71M (Peak 1259.65M) | Time:00:00.29 | Mem:663.00M, Peak:663.00M | Scene, ViewLayer | Updating Procedurals
Fra:1 Mem:746.71M (Peak 1259.65M) | Time:00:00.29 | Mem:663.00M, Peak:663.00M | Scene, ViewLayer | Updating Background
Fra:1 Mem:746.71M (Peak 1259.65M) | Time:00:00.29 | Mem:663.00M, Peak:663.00M | Scene, ViewLayer | Updating Camera
Fra:1 Mem:746.71M (Peak 1259.65M) | Time:00:00.29 | Mem:663.00M, Peak:663.00M | Scene, ViewLayer | Updating Meshes Flags
Fra:1 Mem:746.71M (Peak 1259.65M) | Time:00:00.29 | Mem:663.00M, Peak:663.00M | Scene, ViewLayer | Updating Objects
Fra:1 Mem:746.71M (Peak 1259.65M) | Time:00:00.29 | Mem:663.00M, Peak:663.00M | Scene, ViewLayer | Updating Objects | Copying Transformations to device
Fra:1 Mem:746.72M (Peak 1259.65M) | Time:00:00.29 | Mem:663.00M, Peak:663.00M | Scene, ViewLayer | Updating Objects | Applying Static Transformations
Fra:1 Mem:746.72M (Peak 1259.65M) | Time:00:00.29 | Mem:663.00M, Peak:663.00M | Scene, ViewLayer | Updating Particle Systems
Fra:1 Mem:746.72M (Peak 1259.65M) | Time:00:00.29 | Mem:663.00M, Peak:663.00M | Scene, ViewLayer | Updating Particle Systems | Copying Particles to device
Fra:1 Mem:746.72M (Peak 1259.65M) | Time:00:00.29 | Mem:663.01M, Peak:663.01M | Scene, ViewLayer | Updating Meshes
Fra:1 Mem:748.98M (Peak 1259.65M) | Time:00:00.29 | Mem:663.01M, Peak:663.01M | Scene, ViewLayer | Updating Mesh | Computing attributes
Fra:1 Mem:752.37M (Peak 1259.65M) | Time:00:00.29 | Mem:663.01M, Peak:663.01M | Scene, ViewLayer | Updating Mesh | Copying Attributes to device
Fra:1 Mem:752.37M (Peak 1259.65M) | Time:00:00.29 | Mem:666.40M, Peak:666.40M | Scene, ViewLayer | Updating Scene BVH | Building
Fra:1 Mem:752.37M (Peak 1259.65M) | Time:00:00.29 | Mem:666.40M, Peak:666.40M | Scene, ViewLayer | Updating Scene BVH | Building BVH
Fra:1 Mem:752.37M (Peak 1259.65M) | Time:00:00.29 | Mem:670.93M, Peak:670.93M | Scene, ViewLayer | Updating Scene BVH | Building BVH 0%
Fra:1 Mem:752.37M (Peak 1259.65M) | Time:00:00.31 | Mem:676.32M, Peak:680.85M | Scene, ViewLayer | Updating Scene BVH | Copying BVH to device
Fra:1 Mem:752.37M (Peak 1259.65M) | Time:00:00.31 | Mem:676.32M, Peak:680.85M | Scene, ViewLayer | Updating Mesh | Computing normals
Fra:1 Mem:757.86M (Peak 1259.65M) | Time:00:00.31 | Mem:676.32M, Peak:680.85M | Scene, ViewLayer | Updating Mesh | Copying Mesh to device
Fra:1 Mem:757.86M (Peak 1259.65M) | Time:00:00.31 | Mem:681.81M, Peak:681.81M | Scene, ViewLayer | Updating Objects Flags
Fra:1 Mem:757.86M (Peak 1259.65M) | Time:00:00.31 | Mem:681.81M, Peak:681.81M | Scene, ViewLayer | Updating Primitive Offsets
Fra:1 Mem:757.86M (Peak 1259.65M) | Time:00:00.31 | Mem:681.81M, Peak:681.81M | Scene, ViewLayer | Updating Images
Fra:1 Mem:757.86M (Peak 1259.65M) | Time:00:00.31 | Mem:681.81M, Peak:681.81M | Scene, ViewLayer | Updating Camera Volume
Fra:1 Mem:757.86M (Peak 1259.65M) | Time:00:00.31 | Mem:681.81M, Peak:681.81M | Scene, ViewLayer | Updating Lookup Tables
Fra:1 Mem:757.86M (Peak 1259.65M) | Time:00:00.31 | Mem:681.89M, Peak:681.89M | Scene, ViewLayer | Updating Lights
Fra:1 Mem:757.86M (Peak 1259.65M) | Time:00:00.31 | Mem:681.89M, Peak:681.89M | Scene, ViewLayer | Updating Lights | Computing tree
Fra:1 Mem:785.57M (Peak 1259.65M) | Time:00:00.54 | Mem:709.60M, Peak:709.60M | Scene, ViewLayer | Updating Integrator
Fra:1 Mem:785.57M (Peak 1259.65M) | Time:00:00.54 | Mem:709.60M, Peak:709.60M | Scene, ViewLayer | Updating Film
Fra:1 Mem:785.58M (Peak 1259.65M) | Time:00:00.54 | Mem:709.52M, Peak:709.60M | Scene, ViewLayer | Updating Lookup Tables
Fra:1 Mem:785.58M (Peak 1259.65M) | Time:00:00.54 | Mem:709.61M, Peak:709.61M | Scene, ViewLayer | Updating Baking
Fra:1 Mem:785.58M (Peak 1259.65M) | Time:00:00.54 | Mem:709.61M, Peak:709.61M | Scene, ViewLayer | Updating Device | Writing constant memory
Fra:1 Mem:785.58M (Peak 1259.65M) | Time:00:00.54 | Mem:709.61M, Peak:709.61M | Scene, ViewLayer | Sample 0/8
Fra:1 Mem:822.68M (Peak 1259.65M) | Time:00:00.73 | Remaining:00:01.31 | Mem:746.70M, Peak:746.70M | Scene, ViewLayer | Sample 1/8
Fra:1 Mem:839.16M (Peak 1259.65M) | Time:00:01.90 | Mem:746.70M, Peak:746.70M | Scene, ViewLayer | Sample 8/8
Fra:1 Mem:839.16M (Peak 1259.65M) | Time:00:01.90 | Mem:746.70M, Peak:746.70M | Scene, ViewLayer | Finished
Saved: '/workspace/apartment-design/multiple-angles/bedroom-flex-area/angle-2.png'
Time: 00:01.99 (Saving: 00:00.09)

Fra:1 Mem:76.18M (Peak 76.18M) | Time:00:00.00 | Mem:0.00M, Peak:0.00M | Scene, ViewLayer | Synchronizing object | Mesh_0
Fra:1 Mem:76.19M (Peak 76.19M) | Time:00:00.00 | Mem:0.00M, Peak:0.00M | Scene, ViewLayer | Synchronizing object | Mesh_1
Fra:1 Mem:76.19M (Peak 76.19M) | Time:00:00.00 | Mem:0.00M, Peak:0.00M | Scene, ViewLayer | Synchronizing object | Mesh_10
Fra:1 Mem:77.27M (Peak 77.27M) | Time:00:00.00 | Mem:0.00M, Peak:0.00M | Scene, ViewLayer | Synchronizing object | Mesh_2
Fra:1 Mem:79.88M (Peak 79.88M) | Time:00:00.00 | Mem:0.00M, Peak:0.00M | Scene, ViewLayer | Synchronizing object | Mesh_9
Fra:1 Mem:80.26M (Peak 80.26M) | Time:00:00.00 | Mem:0.00M, Peak:0.00M | Scene, ViewLayer | Synchronizing object | Mesh_3
Fra:1 Mem:80.20M (Peak 80.26M) | Time:00:00.00 | Mem:0.00M, Peak:0.00M | Scene, ViewLayer | Synchronizing object | Mesh_4
Fra:1 Mem:82.27M (Peak 82.27M) | Time:00:00.00 | Mem:0.00M, Peak:0.00M | Scene, ViewLayer | Synchronizing object | Mesh_5
Fra:1 Mem:82.09M (Peak 82.27M) | Time:00:00.00 | Mem:0.00M, Peak:0.00M | Scene, ViewLayer | Synchronizing object | Mesh_6
Fra:1 Mem:82.22M (Peak 82.27M) | Time:00:00.00 | Mem:0.00M, Peak:0.00M | Scene, ViewLayer | Synchronizing object | Mesh_7
Fra:1 Mem:84.51M (Peak 84.96M) | Time:00:00.00 | Mem:0.00M, Peak:0.00M | Scene, ViewLayer | Synchronizing object | Mesh_8
Fra:1 Mem:84.64M (Peak 84.96M) | Time:00:00.00 | Mem:0.00M, Peak:0.00M | Scene, ViewLayer | Initializing
Fra:1 Mem:84.59M (Peak 84.96M) | Time:00:00.00 | Mem:0.00M, Peak:0.00M | Scene, ViewLayer | Updating Images | Loading 82c34c5158e6b0b0a11a42ed684cacc2
Fra:1 Mem:84.59M (Peak 84.96M) | Time:00:00.00 | Mem:0.00M, Peak:0.00M | Scene, ViewLayer | Updating Images | Loading a16774809e8025de1ea410d461175019
Fra:1 Mem:363.61M (Peak 409.61M) | Time:00:00.04 | Mem:23.00M, Peak:23.00M | Scene, ViewLayer | Updating Images | Loading 82172f0df74ed884585ea7e1e0ac3db4
Fra:1 Mem:811.64M (Peak 939.65M) | Time:00:00.10 | Mem:87.00M, Peak:87.00M | Scene, ViewLayer | Updating Images | Loading d6ba7a8a6dface2015f7b95825cf3202
Fra:1 Mem:875.64M (Peak 1003.65M) | Time:00:00.13 | Mem:151.00M, Peak:151.00M | Scene, ViewLayer | Updating Images | Loading 99ec65919840ae6942c7be90a15efe6c
Fra:1 Mem:811.63M (Peak 1003.65M) | Time:00:00.13 | Mem:215.00M, Peak:215.00M | Scene, ViewLayer | Updating Images | Loading a946a532384e7687116a5fdac5d04788
Fra:1 Mem:747.62M (Peak 1003.65M) | Time:00:00.14 | Mem:279.00M, Peak:279.00M | Scene, ViewLayer | Updating Images | Loading e75100ac1b020a5e16a8be11acc4a800
Fra:1 Mem:683.61M (Peak 1003.65M) | Time:00:00.17 | Mem:343.00M, Peak:343.00M | Scene, ViewLayer | Updating Images | Loading 286162989f88e9da0aefe1b8c2b08d7c
Fra:1 Mem:746.63M (Peak 1259.65M) | Time:00:00.29 | Mem:663.00M, Peak:663.00M | Scene, ViewLayer | Waiting for render to start
Fra:1 Mem:746.63M (Peak 1259.65M) | Time:00:00.29 | Mem:663.00M, Peak:663.00M | Scene, ViewLayer | Loading render kernels (may take a few minutes the first time)
Fra:1 Mem:746.63M (Peak 1259.65M) | Time:00:00.29 | Mem:663.00M, Peak:663.00M | Scene, ViewLayer | Updating Scene
Fra:1 Mem:746.63M (Peak 1259.65M) | Time:00:00.29 | Mem:663.00M, Peak:663.00M | Scene, ViewLayer | Updating Shaders
Fra:1 Mem:746.71M (Peak 1259.65M) | Time:00:00.29 | Mem:663.00M, Peak:663.00M | Scene, ViewLayer | Updating Procedurals
Fra:1 Mem:746.71M (Peak 1259.65M) | Time:00:00.29 | Mem:663.00M, Peak:663.00M | Scene, ViewLayer | Updating Background
Fra:1 Mem:746.71M (Peak 1259.65M) | Time:00:00.29 | Mem:663.00M, Peak:663.00M | Scene, ViewLayer | Updating Camera
Fra:1 Mem:746.71M (Peak 1259.65M) | Time:00:00.29 | Mem:663.00M, Peak:663.00M | Scene, ViewLayer | Updating Meshes Flags
Fra:1 Mem:746.71M (Peak 1259.65M) | Time:00:00.29 | Mem:663.00M, Peak:663.00M | Scene, ViewLayer | Updating Objects
Fra:1 Mem:746.71M (Peak 1259.65M) | Time:00:00.29 | Mem:663.00M, Peak:663.00M | Scene, ViewLayer | Updating Objects | Copying Transformations to device
Fra:1 Mem:746.72M (Peak 1259.65M) | Time:00:00.29 | Mem:663.00M, Peak:663.00M | Scene, ViewLayer | Updating Objects | Applying Static Transformations
Fra:1 Mem:746.72M (Peak 1259.65M) | Time:00:00.29 | Mem:663.00M, Peak:663.00M | Scene, ViewLayer | Updating Particle Systems
Fra:1 Mem:746.72M (Peak 1259.65M) | Time:00:00.29 | Mem:663.00M, Peak:663.00M | Scene, ViewLayer | Updating Particle Systems | Copying Particles to device
Fra:1 Mem:746.72M (Peak 1259.65M) | Time:00:00.29 | Mem:663.01M, Peak:663.01M | Scene, ViewLayer | Updating Meshes
Fra:1 Mem:748.98M (Peak 1259.65M) | Time:00:00.29 | Mem:663.01M, Peak:663.01M | Scene, ViewLayer | Updating Mesh | Computing attributes
Fra:1 Mem:752.38M (Peak 1259.65M) | Time:00:00.29 | Mem:663.01M, Peak:663.01M | Scene, ViewLayer | Updating Mesh | Copying Attributes to device
Fra:1 Mem:752.37M (Peak 1259.65M) | Time:00:00.29 | Mem:666.40M, Peak:666.40M | Scene, ViewLayer | Updating Scene BVH | Building
Fra:1 Mem:752.37M (Peak 1259.65M) | Time:00:00.29 | Mem:666.40M, Peak:666.40M | Scene, ViewLayer | Updating Scene BVH | Building BVH
Fra:1 Mem:752.37M (Peak 1259.65M) | Time:00:00.29 | Mem:670.93M, Peak:670.93M | Scene, ViewLayer | Updating Scene BVH | Building BVH 0%
Fra:1 Mem:752.37M (Peak 1259.65M) | Time:00:00.31 | Mem:676.32M, Peak:680.85M | Scene, ViewLayer | Updating Scene BVH | Copying BVH to device
Fra:1 Mem:752.37M (Peak 1259.65M) | Time:00:00.31 | Mem:676.32M, Peak:680.85M | Scene, ViewLayer | Updating Mesh | Computing normals
Fra:1 Mem:757.86M (Peak 1259.65M) | Time:00:00.31 | Mem:676.32M, Peak:680.85M | Scene, ViewLayer | Updating Mesh | Copying Mesh to device
Fra:1 Mem:757.86M (Peak 1259.65M) | Time:00:00.31 | Mem:681.81M, Peak:681.81M | Scene, ViewLayer | Updating Objects Flags
Fra:1 Mem:757.86M (Peak 1259.65M) | Time:00:00.31 | Mem:681.81M, Peak:681.81M | Scene, ViewLayer | Updating Primitive Offsets
Fra:1 Mem:757.86M (Peak 1259.65M) | Time:00:00.31 | Mem:681.81M, Peak:681.81M | Scene, ViewLayer | Updating Images
Fra:1 Mem:757.86M (Peak 1259.65M) | Time:00:00.31 | Mem:681.81M, Peak:681.81M | Scene, ViewLayer | Updating Camera Volume
Fra:1 Mem:757.86M (Peak 1259.65M) | Time:00:00.31 | Mem:681.81M, Peak:681.81M | Scene, ViewLayer | Updating Lookup Tables
Fra:1 Mem:757.86M (Peak 1259.65M) | Time:00:00.31 | Mem:681.89M, Peak:681.89M | Scene, ViewLayer | Updating Lights
Fra:1 Mem:757.86M (Peak 1259.65M) | Time:00:00.31 | Mem:681.89M, Peak:681.89M | Scene, ViewLayer | Updating Lights | Computing tree
Fra:1 Mem:785.57M (Peak 1259.65M) | Time:00:00.54 | Mem:709.60M, Peak:709.60M | Scene, ViewLayer | Updating Integrator
Fra:1 Mem:785.57M (Peak 1259.65M) | Time:00:00.54 | Mem:709.60M, Peak:709.60M | Scene, ViewLayer | Updating Film
Fra:1 Mem:785.58M (Peak 1259.65M) | Time:00:00.54 | Mem:709.52M, Peak:709.60M | Scene, ViewLayer | Updating Lookup Tables
Fra:1 Mem:785.58M (Peak 1259.65M) | Time:00:00.54 | Mem:709.61M, Peak:709.61M | Scene, ViewLayer | Updating Baking
Fra:1 Mem:785.58M (Peak 1259.65M) | Time:00:00.54 | Mem:709.61M, Peak:709.61M | Scene, ViewLayer | Updating Device | Writing constant memory
Fra:1 Mem:785.58M (Peak 1259.65M) | Time:00:00.54 | Mem:709.61M, Peak:709.61M | Scene, ViewLayer | Sample 0/8
Fra:1 Mem:822.68M (Peak 1259.65M) | Time:00:00.72 | Remaining:00:01.25 | Mem:746.70M, Peak:746.70M | Scene, ViewLayer | Sample 1/8
Fra:1 Mem:839.16M (Peak 1259.65M) | Time:00:01.80 | Mem:746.70M, Peak:746.70M | Scene, ViewLayer | Sample 8/8
Fra:1 Mem:839.16M (Peak 1259.65M) | Time:00:01.80 | Mem:746.70M, Peak:746.70M | Scene, ViewLayer | Finished
Saved: '/workspace/apartment-design/multiple-angles/bedroom-flex-area/angle-3.png'
Time: 00:01.94 (Saving: 00:00.13)

Fra:1 Mem:76.18M (Peak 76.18M) | Time:00:00.00 | Mem:0.00M, Peak:0.00M | Scene, ViewLayer | Synchronizing object | Mesh_0
Fra:1 Mem:76.19M (Peak 76.19M) | Time:00:00.00 | Mem:0.00M, Peak:0.00M | Scene, ViewLayer | Synchronizing object | Mesh_3
Fra:1 Mem:76.36M (Peak 76.36M) | Time:00:00.00 | Mem:0.00M, Peak:0.00M | Scene, ViewLayer | Synchronizing object | Mesh_10
Fra:1 Mem:78.60M (Peak 78.60M) | Time:00:00.00 | Mem:0.00M, Peak:0.00M | Scene, ViewLayer | Synchronizing object | Mesh_9
Fra:1 Mem:82.02M (Peak 82.02M) | Time:00:00.00 | Mem:0.00M, Peak:0.00M | Scene, ViewLayer | Synchronizing object | Mesh_4
Fra:1 Mem:81.28M (Peak 82.02M) | Time:00:00.00 | Mem:0.00M, Peak:0.00M | Scene, ViewLayer | Synchronizing object | Mesh_8
Fra:1 Mem:81.40M (Peak 82.02M) | Time:00:00.00 | Mem:0.00M, Peak:0.00M | Scene, ViewLayer | Synchronizing object | Mesh_6
Fra:1 Mem:83.70M (Peak 83.70M) | Time:00:00.00 | Mem:0.00M, Peak:0.00M | Scene, ViewLayer | Synchronizing object | Mesh_7
Fra:1 Mem:84.64M (Peak 85.06M) | Time:00:00.00 | Mem:0.00M, Peak:0.00M | Scene, ViewLayer | Initializing
Fra:1 Mem:84.59M (Peak 85.06M) | Time:00:00.00 | Mem:0.00M, Peak:0.00M | Scene, ViewLayer | Updating Images | Loading a682237f08f113c553587ed9f3adc739
Fra:1 Mem:84.59M (Peak 85.06M) | Time:00:00.00 | Mem:0.00M, Peak:0.00M | Scene, ViewLayer | Updating Images | Loading a16774809e8025de1ea410d461175019
Fra:1 Mem:363.61M (Peak 409.61M) | Time:00:00.04 | Mem:23.00M, Peak:23.00M | Scene, ViewLayer | Updating Images | Loading 82172f0df74ed884585ea7e1e0ac3db4
Fra:1 Mem:811.64M (Peak 939.65M) | Time:00:00.13 | Mem:87.00M, Peak:87.00M | Scene, ViewLayer | Updating Images | Loading d6ba7a8a6dface2015f7b95825cf3202
Fra:1 Mem:747.63M (Peak 939.65M) | Time:00:00.13 | Mem:151.00M, Peak:151.00M | Scene, ViewLayer | Updating Images | Loading 99ec65919840ae6942c7be90a15efe6c
Fra:1 Mem:683.62M (Peak 939.65M) | Time:00:00.14 | Mem:215.00M, Peak:215.00M | Scene, ViewLayer | Updating Images | Loading a946a532384e7687116a5fdac5d04788
Fra:1 Mem:619.61M (Peak 939.65M) | Time:00:00.15 | Mem:279.00M, Peak:279.00M | Scene, ViewLayer | Updating Images | Loading e75100ac1b020a5e16a8be11acc4a800
Fra:1 Mem:683.61M (Peak 939.65M) | Time:00:00.18 | Mem:343.00M, Peak:343.00M | Scene, ViewLayer | Updating Images | Loading 286162989f88e9da0aefe1b8c2b08d7c
Fra:1 Mem:746.63M (Peak 1259.65M) | Time:00:00.35 | Mem:663.00M, Peak:663.00M | Scene, ViewLayer | Waiting for render to start
Fra:1 Mem:746.63M (Peak 1259.65M) | Time:00:00.35 | Mem:663.00M, Peak:663.00M | Scene, ViewLayer | Loading render kernels (may take a few minutes the first time)
Fra:1 Mem:746.63M (Peak 1259.65M) | Time:00:00.35 | Mem:663.00M, Peak:663.00M | Scene, ViewLayer | Updating Scene
Fra:1 Mem:746.63M (Peak 1259.65M) | Time:00:00.35 | Mem:663.00M, Peak:663.00M | Scene, ViewLayer | Updating Shaders
Fra:1 Mem:746.71M (Peak 1259.65M) | Time:00:00.35 | Mem:663.00M, Peak:663.00M | Scene, ViewLayer | Updating Procedurals
Fra:1 Mem:746.71M (Peak 1259.65M) | Time:00:00.35 | Mem:663.00M, Peak:663.00M | Scene, ViewLayer | Updating Background
Fra:1 Mem:746.71M (Peak 1259.65M) | Time:00:00.35 | Mem:663.00M, Peak:663.00M | Scene, ViewLayer | Updating Camera
Fra:1 Mem:746.71M (Peak 1259.65M) | Time:00:00.35 | Mem:663.00M, Peak:663.00M | Scene, ViewLayer | Updating Meshes Flags
Fra:1 Mem:746.71M (Peak 1259.65M) | Time:00:00.35 | Mem:663.00M, Peak:663.00M | Scene, ViewLayer | Updating Objects
Fra:1 Mem:746.71M (Peak 1259.65M) | Time:00:00.35 | Mem:663.00M, Peak:663.00M | Scene, ViewLayer | Updating Objects | Copying Transformations to device
Fra:1 Mem:746.72M (Peak 1259.65M) | Time:00:00.35 | Mem:663.00M, Peak:663.00M | Scene, ViewLayer | Updating Objects | Applying Static Transformations
Fra:1 Mem:746.72M (Peak 1259.65M) | Time:00:00.35 | Mem:663.00M, Peak:663.00M | Scene, ViewLayer | Updating Particle Systems
Fra:1 Mem:746.72M (Peak 1259.65M) | Time:00:00.35 | Mem:663.00M, Peak:663.00M | Scene, ViewLayer | Updating Particle Systems | Copying Particles to device
Fra:1 Mem:746.72M (Peak 1259.65M) | Time:00:00.35 | Mem:663.01M, Peak:663.01M | Scene, ViewLayer | Updating Meshes
Fra:1 Mem:748.98M (Peak 1259.65M) | Time:00:00.35 | Mem:663.01M, Peak:663.01M | Scene, ViewLayer | Updating Mesh | Computing attributes
Fra:1 Mem:752.38M (Peak 1259.65M) | Time:00:00.35 | Mem:663.01M, Peak:663.01M | Scene, ViewLayer | Updating Mesh | Copying Attributes to device
Fra:1 Mem:752.37M (Peak 1259.65M) | Time:00:00.35 | Mem:666.40M, Peak:666.40M | Scene, ViewLayer | Updating Scene BVH | Building
Fra:1 Mem:752.37M (Peak 1259.65M) | Time:00:00.35 | Mem:666.40M, Peak:666.40M | Scene, ViewLayer | Updating Scene BVH | Building BVH
Fra:1 Mem:752.37M (Peak 1259.65M) | Time:00:00.35 | Mem:670.93M, Peak:670.93M | Scene, ViewLayer | Updating Scene BVH | Building BVH 0%
Fra:1 Mem:752.37M (Peak 1259.65M) | Time:00:00.37 | Mem:676.32M, Peak:680.85M | Scene, ViewLayer | Updating Scene BVH | Copying BVH to device
Fra:1 Mem:752.37M (Peak 1259.65M) | Time:00:00.37 | Mem:676.32M, Peak:680.85M | Scene, ViewLayer | Updating Mesh | Computing normals
Fra:1 Mem:757.86M (Peak 1259.65M) | Time:00:00.37 | Mem:676.32M, Peak:680.85M | Scene, ViewLayer | Updating Mesh | Copying Mesh to device
Fra:1 Mem:757.86M (Peak 1259.65M) | Time:00:00.37 | Mem:681.81M, Peak:681.81M | Scene, ViewLayer | Updating Objects Flags
Fra:1 Mem:757.86M (Peak 1259.65M) | Time:00:00.37 | Mem:681.81M, Peak:681.81M | Scene, ViewLayer | Updating Primitive Offsets
Fra:1 Mem:757.86M (Peak 1259.65M) | Time:00:00.37 | Mem:681.81M, Peak:681.81M | Scene, ViewLayer | Updating Images
Fra:1 Mem:757.86M (Peak 1259.65M) | Time:00:00.37 | Mem:681.81M, Peak:681.81M | Scene, ViewLayer | Updating Camera Volume
Fra:1 Mem:757.86M (Peak 1259.65M) | Time:00:00.37 | Mem:681.81M, Peak:681.81M | Scene, ViewLayer | Updating Lookup Tables
Fra:1 Mem:757.86M (Peak 1259.65M) | Time:00:00.37 | Mem:681.89M, Peak:681.89M | Scene, ViewLayer | Updating Lights
Fra:1 Mem:757.86M (Peak 1259.65M) | Time:00:00.37 | Mem:681.89M, Peak:681.89M | Scene, ViewLayer | Updating Lights | Computing tree
Fra:1 Mem:785.57M (Peak 1259.65M) | Time:00:00.60 | Mem:709.60M, Peak:709.60M | Scene, ViewLayer | Updating Integrator
Fra:1 Mem:785.57M (Peak 1259.65M) | Time:00:00.60 | Mem:709.60M, Peak:709.60M | Scene, ViewLayer | Updating Film
Fra:1 Mem:785.58M (Peak 1259.65M) | Time:00:00.60 | Mem:709.52M, Peak:709.60M | Scene, ViewLayer | Updating Lookup Tables
Fra:1 Mem:785.58M (Peak 1259.65M) | Time:00:00.60 | Mem:709.61M, Peak:709.61M | Scene, ViewLayer | Updating Baking
Fra:1 Mem:785.58M (Peak 1259.65M) | Time:00:00.60 | Mem:709.61M, Peak:709.61M | Scene, ViewLayer | Updating Device | Writing constant memory
Fra:1 Mem:785.58M (Peak 1259.65M) | Time:00:00.60 | Mem:709.61M, Peak:709.61M | Scene, ViewLayer | Sample 0/8
Fra:1 Mem:822.68M (Peak 1259.65M) | Time:00:00.78 | Remaining:00:01.23 | Mem:746.70M, Peak:746.70M | Scene, ViewLayer | Sample 1/8
Fra:1 Mem:839.16M (Peak 1259.65M) | Time:00:01.92 | Mem:746.70M, Peak:746.70M | Scene, ViewLayer | Sample 8/8
Fra:1 Mem:839.16M (Peak 1259.65M) | Time:00:01.92 | Mem:746.70M, Peak:746.70M | Scene, ViewLayer | Finished
Saved: '/workspace/apartment-design/multiple-angles/bedroom-flex-area/angle-4.png'
Time: 00:02.06 (Saving: 00:00.13)

Fra:1 Mem:76.19M (Peak 76.19M) | Time:00:00.00 | Mem:0.00M, Peak:0.00M | Scene, ViewLayer | Synchronizing object | Mesh_0
Fra:1 Mem:76.19M (Peak 76.19M) | Time:00:00.00 | Mem:0.00M, Peak:0.00M | Scene, ViewLayer | Synchronizing object | Mesh_10
Fra:1 Mem:78.60M (Peak 78.60M) | Time:00:00.00 | Mem:0.00M, Peak:0.00M | Scene, ViewLayer | Synchronizing object | Mesh_9
Fra:1 Mem:81.83M (Peak 81.83M) | Time:00:00.00 | Mem:0.00M, Peak:0.00M | Scene, ViewLayer | Synchronizing object | Mesh_4
Fra:1 Mem:81.44M (Peak 81.83M) | Time:00:00.00 | Mem:0.00M, Peak:0.00M | Scene, ViewLayer | Synchronizing object | Mesh_5
Fra:1 Mem:82.29M (Peak 82.29M) | Time:00:00.00 | Mem:0.00M, Peak:0.00M | Scene, ViewLayer | Synchronizing object | Mesh_6
Fra:1 Mem:83.04M (Peak 83.04M) | Time:00:00.00 | Mem:0.00M, Peak:0.00M | Scene, ViewLayer | Synchronizing object | Mesh_7
Fra:1 Mem:84.82M (Peak 84.82M) | Time:00:00.00 | Mem:0.00M, Peak:0.00M | Scene, ViewLayer | Synchronizing object | Mesh_8
Fra:1 Mem:84.64M (Peak 84.82M) | Time:00:00.00 | Mem:0.00M, Peak:0.00M | Scene, ViewLayer | Initializing
Fra:1 Mem:84.60M (Peak 84.82M) | Time:00:00.00 | Mem:0.00M, Peak:0.00M | Scene, ViewLayer | Updating Images | Loading a682237f08f113c553587ed9f3adc739
Fra:1 Mem:84.60M (Peak 84.82M) | Time:00:00.00 | Mem:0.00M, Peak:0.00M | Scene, ViewLayer | Updating Images | Loading 424437e94f9e91f8b30cd110df137509
Fra:1 Mem:363.61M (Peak 409.61M) | Time:00:00.04 | Mem:23.00M, Peak:23.00M | Scene, ViewLayer | Updating Images | Loading 82172f0df74ed884585ea7e1e0ac3db4
Fra:1 Mem:811.64M (Peak 939.65M) | Time:00:00.11 | Mem:87.00M, Peak:87.00M | Scene, ViewLayer | Updating Images | Loading d6ba7a8a6dface2015f7b95825cf3202
Fra:1 Mem:875.64M (Peak 1003.65M) | Time:00:00.11 | Mem:151.00M, Peak:151.00M | Scene, ViewLayer | Updating Images | Loading 99ec65919840ae6942c7be90a15efe6c
Fra:1 Mem:683.63M (Peak 1003.65M) | Time:00:00.11 | Mem:215.00M, Peak:215.00M | Scene, ViewLayer | Updating Images | Loading a946a532384e7687116a5fdac5d04788
Fra:1 Mem:747.62M (Peak 1003.65M) | Time:00:00.13 | Mem:279.00M, Peak:279.00M | Scene, ViewLayer | Updating Images | Loading e75100ac1b020a5e16a8be11acc4a800
Fra:1 Mem:683.61M (Peak 1003.65M) | Time:00:00.16 | Mem:343.00M, Peak:343.00M | Scene, ViewLayer | Updating Images | Loading 286162989f88e9da0aefe1b8c2b08d7c
Fra:1 Mem:746.63M (Peak 1259.65M) | Time:00:00.29 | Mem:663.00M, Peak:663.00M | Scene, ViewLayer | Waiting for render to start
Fra:1 Mem:746.63M (Peak 1259.65M) | Time:00:00.29 | Mem:663.00M, Peak:663.00M | Scene, ViewLayer | Loading render kernels (may take a few minutes the first time)
Fra:1 Mem:746.63M (Peak 1259.65M) | Time:00:00.29 | Mem:663.00M, Peak:663.00M | Scene, ViewLayer | Updating Scene
Fra:1 Mem:746.63M (Peak 1259.65M) | Time:00:00.29 | Mem:663.00M, Peak:663.00M | Scene, ViewLayer | Updating Shaders
Fra:1 Mem:746.71M (Peak 1259.65M) | Time:00:00.29 | Mem:663.00M, Peak:663.00M | Scene, ViewLayer | Updating Procedurals
Fra:1 Mem:746.71M (Peak 1259.65M) | Time:00:00.29 | Mem:663.00M, Peak:663.00M | Scene, ViewLayer | Updating Background
Fra:1 Mem:746.71M (Peak 1259.65M) | Time:00:00.29 | Mem:663.00M, Peak:663.00M | Scene, ViewLayer | Updating Camera
Fra:1 Mem:746.71M (Peak 1259.65M) | Time:00:00.29 | Mem:663.00M, Peak:663.00M | Scene, ViewLayer | Updating Meshes Flags
Fra:1 Mem:746.71M (Peak 1259.65M) | Time:00:00.29 | Mem:663.00M, Peak:663.00M | Scene, ViewLayer | Updating Objects
Fra:1 Mem:746.71M (Peak 1259.65M) | Time:00:00.29 | Mem:663.00M, Peak:663.00M | Scene, ViewLayer | Updating Objects | Copying Transformations to device
Fra:1 Mem:746.72M (Peak 1259.65M) | Time:00:00.29 | Mem:663.00M, Peak:663.00M | Scene, ViewLayer | Updating Objects | Applying Static Transformations
Fra:1 Mem:746.72M (Peak 1259.65M) | Time:00:00.29 | Mem:663.00M, Peak:663.00M | Scene, ViewLayer | Updating Particle Systems
Fra:1 Mem:746.72M (Peak 1259.65M) | Time:00:00.29 | Mem:663.00M, Peak:663.00M | Scene, ViewLayer | Updating Particle Systems | Copying Particles to device
Fra:1 Mem:746.72M (Peak 1259.65M) | Time:00:00.29 | Mem:663.01M, Peak:663.01M | Scene, ViewLayer | Updating Meshes
Fra:1 Mem:748.98M (Peak 1259.65M) | Time:00:00.29 | Mem:663.01M, Peak:663.01M | Scene, ViewLayer | Updating Mesh | Computing attributes
Fra:1 Mem:752.38M (Peak 1259.65M) | Time:00:00.29 | Mem:663.01M, Peak:663.01M | Scene, ViewLayer | Updating Mesh | Copying Attributes to device
Fra:1 Mem:752.37M (Peak 1259.65M) | Time:00:00.29 | Mem:666.40M, Peak:666.40M | Scene, ViewLayer | Updating Scene BVH | Building
Fra:1 Mem:752.37M (Peak 1259.65M) | Time:00:00.29 | Mem:666.40M, Peak:666.40M | Scene, ViewLayer | Updating Scene BVH | Building BVH
Fra:1 Mem:752.37M (Peak 1259.65M) | Time:00:00.29 | Mem:670.93M, Peak:670.93M | Scene, ViewLayer | Updating Scene BVH | Building BVH 0%
Fra:1 Mem:752.37M (Peak 1259.65M) | Time:00:00.31 | Mem:676.32M, Peak:680.85M | Scene, ViewLayer | Updating Scene BVH | Copying BVH to device
Fra:1 Mem:752.37M (Peak 1259.65M) | Time:00:00.31 | Mem:676.32M, Peak:680.85M | Scene, ViewLayer | Updating Mesh | Computing normals
Fra:1 Mem:757.86M (Peak 1259.65M) | Time:00:00.31 | Mem:676.32M, Peak:680.85M | Scene, ViewLayer | Updating Mesh | Copying Mesh to device
Fra:1 Mem:757.86M (Peak 1259.65M) | Time:00:00.31 | Mem:681.81M, Peak:681.81M | Scene, ViewLayer | Updating Objects Flags
Fra:1 Mem:757.86M (Peak 1259.65M) | Time:00:00.31 | Mem:681.81M, Peak:681.81M | Scene, ViewLayer | Updating Primitive Offsets
Fra:1 Mem:757.86M (Peak 1259.65M) | Time:00:00.31 | Mem:681.81M, Peak:681.81M | Scene, ViewLayer | Updating Images
Fra:1 Mem:757.86M (Peak 1259.65M) | Time:00:00.31 | Mem:681.81M, Peak:681.81M | Scene, ViewLayer | Updating Camera Volume
Fra:1 Mem:757.86M (Peak 1259.65M) | Time:00:00.31 | Mem:681.81M, Peak:681.81M | Scene, ViewLayer | Updating Lookup Tables
Fra:1 Mem:757.86M (Peak 1259.65M) | Time:00:00.31 | Mem:681.89M, Peak:681.89M | Scene, ViewLayer | Updating Lights
Fra:1 Mem:757.86M (Peak 1259.65M) | Time:00:00.31 | Mem:681.89M, Peak:681.89M | Scene, ViewLayer | Updating Lights | Computing tree
Fra:1 Mem:785.57M (Peak 1259.65M) | Time:00:00.55 | Mem:709.60M, Peak:709.60M | Scene, ViewLayer | Updating Integrator
Fra:1 Mem:785.57M (Peak 1259.65M) | Time:00:00.55 | Mem:709.60M, Peak:709.60M | Scene, ViewLayer | Updating Film
Fra:1 Mem:785.58M (Peak 1259.65M) | Time:00:00.55 | Mem:709.52M, Peak:709.60M | Scene, ViewLayer | Updating Lookup Tables
Fra:1 Mem:785.58M (Peak 1259.65M) | Time:00:00.55 | Mem:709.61M, Peak:709.61M | Scene, ViewLayer | Updating Baking
Fra:1 Mem:785.58M (Peak 1259.65M) | Time:00:00.55 | Mem:709.61M, Peak:709.61M | Scene, ViewLayer | Updating Device | Writing constant memory
Fra:1 Mem:785.58M (Peak 1259.65M) | Time:00:00.55 | Mem:709.61M, Peak:709.61M | Scene, ViewLayer | Sample 0/8
Fra:1 Mem:822.68M (Peak 1259.65M) | Time:00:00.75 | Remaining:00:01.44 | Mem:746.70M, Peak:746.70M | Scene, ViewLayer | Sample 1/8
Fra:1 Mem:839.16M (Peak 1259.65M) | Time:00:01.85 | Mem:746.70M, Peak:746.70M | Scene, ViewLayer | Sample 8/8
Fra:1 Mem:839.16M (Peak 1259.65M) | Time:00:01.85 | Mem:746.70M, Peak:746.70M | Scene, ViewLayer | Finished
Saved: '/workspace/apartment-design/multiple-angles/music-gym/angle-1.png'
Time: 00:01.97 (Saving: 00:00.11)

Fra:1 Mem:76.19M (Peak 76.19M) | Time:00:00.00 | Mem:0.00M, Peak:0.00M | Scene, ViewLayer | Synchronizing object | Mesh_0
Fra:1 Mem:76.19M (Peak 76.19M) | Time:00:00.00 | Mem:0.00M, Peak:0.00M | Scene, ViewLayer | Synchronizing object | Mesh_2
Fra:1 Mem:76.19M (Peak 76.19M) | Time:00:00.00 | Mem:0.00M, Peak:0.00M | Scene, ViewLayer | Synchronizing object | Mesh_10
Fra:1 Mem:79.15M (Peak 79.15M) | Time:00:00.00 | Mem:0.00M, Peak:0.00M | Scene, ViewLayer | Synchronizing object | Mesh_9
Fra:1 Mem:80.99M (Peak 80.99M) | Time:00:00.00 | Mem:0.00M, Peak:0.00M | Scene, ViewLayer | Synchronizing object | Mesh_4
Fra:1 Mem:81.34M (Peak 81.34M) | Time:00:00.00 | Mem:0.00M, Peak:0.00M | Scene, ViewLayer | Synchronizing object | Mesh_5
Fra:1 Mem:82.26M (Peak 82.26M) | Time:00:00.00 | Mem:0.00M, Peak:0.00M | Scene, ViewLayer | Synchronizing object | Mesh_6
Fra:1 Mem:83.43M (Peak 83.43M) | Time:00:00.00 | Mem:0.00M, Peak:0.00M | Scene, ViewLayer | Synchronizing object | Mesh_7
Fra:1 Mem:83.80M (Peak 83.80M) | Time:00:00.00 | Mem:0.00M, Peak:0.00M | Scene, ViewLayer | Synchronizing object | Mesh_8
Fra:1 Mem:84.64M (Peak 84.64M) | Time:00:00.00 | Mem:0.00M, Peak:0.00M | Scene, ViewLayer | Initializing
Fra:1 Mem:84.60M (Peak 84.64M) | Time:00:00.00 | Mem:0.00M, Peak:0.00M | Scene, ViewLayer | Updating Images | Loading a682237f08f113c553587ed9f3adc739
Fra:1 Mem:84.60M (Peak 84.64M) | Time:00:00.00 | Mem:0.00M, Peak:0.00M | Scene, ViewLayer | Updating Images | Loading a16774809e8025de1ea410d461175019
Fra:1 Mem:84.60M (Peak 84.64M) | Time:00:00.00 | Mem:0.00M, Peak:0.00M | Scene, ViewLayer | Updating Images | Loading 82c34c5158e6b0b0a11a42ed684cacc2
Fra:1 Mem:363.61M (Peak 409.61M) | Time:00:00.04 | Mem:23.00M, Peak:23.00M | Scene, ViewLayer | Updating Images | Loading 82172f0df74ed884585ea7e1e0ac3db4
Fra:1 Mem:811.64M (Peak 939.65M) | Time:00:00.10 | Mem:87.00M, Peak:87.00M | Scene, ViewLayer | Updating Images | Loading d6ba7a8a6dface2015f7b95825cf3202
Fra:1 Mem:747.63M (Peak 939.65M) | Time:00:00.10 | Mem:151.00M, Peak:151.00M | Scene, ViewLayer | Updating Images | Loading 99ec65919840ae6942c7be90a15efe6c
Fra:1 Mem:683.62M (Peak 939.65M) | Time:00:00.11 | Mem:215.00M, Peak:215.00M | Scene, ViewLayer | Updating Images | Loading a946a532384e7687116a5fdac5d04788
Fra:1 Mem:619.61M (Peak 939.65M) | Time:00:00.12 | Mem:279.00M, Peak:279.00M | Scene, ViewLayer | Updating Images | Loading e75100ac1b020a5e16a8be11acc4a800
Fra:1 Mem:683.61M (Peak 939.65M) | Time:00:00.16 | Mem:343.00M, Peak:343.00M | Scene, ViewLayer | Updating Images | Loading 286162989f88e9da0aefe1b8c2b08d7c
Fra:1 Mem:746.63M (Peak 1387.66M) | Time:00:00.28 | Mem:663.00M, Peak:663.00M | Scene, ViewLayer | Waiting for render to start
Fra:1 Mem:746.63M (Peak 1387.66M) | Time:00:00.28 | Mem:663.00M, Peak:663.00M | Scene, ViewLayer | Loading render kernels (may take a few minutes the first time)
Fra:1 Mem:746.63M (Peak 1387.66M) | Time:00:00.28 | Mem:663.00M, Peak:663.00M | Scene, ViewLayer | Updating Scene
Fra:1 Mem:746.63M (Peak 1387.66M) | Time:00:00.28 | Mem:663.00M, Peak:663.00M | Scene, ViewLayer | Updating Shaders
Fra:1 Mem:746.71M (Peak 1387.66M) | Time:00:00.28 | Mem:663.00M, Peak:663.00M | Scene, ViewLayer | Updating Procedurals
Fra:1 Mem:746.71M (Peak 1387.66M) | Time:00:00.28 | Mem:663.00M, Peak:663.00M | Scene, ViewLayer | Updating Background
Fra:1 Mem:746.71M (Peak 1387.66M) | Time:00:00.28 | Mem:663.00M, Peak:663.00M | Scene, ViewLayer | Updating Camera
Fra:1 Mem:746.71M (Peak 1387.66M) | Time:00:00.28 | Mem:663.00M, Peak:663.00M | Scene, ViewLayer | Updating Meshes Flags
Fra:1 Mem:746.71M (Peak 1387.66M) | Time:00:00.28 | Mem:663.00M, Peak:663.00M | Scene, ViewLayer | Updating Objects
Fra:1 Mem:746.71M (Peak 1387.66M) | Time:00:00.28 | Mem:663.00M, Peak:663.00M | Scene, ViewLayer | Updating Objects | Copying Transformations to device
Fra:1 Mem:746.72M (Peak 1387.66M) | Time:00:00.28 | Mem:663.00M, Peak:663.00M | Scene, ViewLayer | Updating Objects | Applying Static Transformations
Fra:1 Mem:746.72M (Peak 1387.66M) | Time:00:00.28 | Mem:663.00M, Peak:663.00M | Scene, ViewLayer | Updating Particle Systems
Fra:1 Mem:746.72M (Peak 1387.66M) | Time:00:00.28 | Mem:663.00M, Peak:663.00M | Scene, ViewLayer | Updating Particle Systems | Copying Particles to device
Fra:1 Mem:746.72M (Peak 1387.66M) | Time:00:00.28 | Mem:663.01M, Peak:663.01M | Scene, ViewLayer | Updating Meshes
Fra:1 Mem:748.98M (Peak 1387.66M) | Time:00:00.28 | Mem:663.01M, Peak:663.01M | Scene, ViewLayer | Updating Mesh | Computing attributes
Fra:1 Mem:752.38M (Peak 1387.66M) | Time:00:00.28 | Mem:663.01M, Peak:663.01M | Scene, ViewLayer | Updating Mesh | Copying Attributes to device
Fra:1 Mem:752.37M (Peak 1387.66M) | Time:00:00.28 | Mem:666.40M, Peak:666.40M | Scene, ViewLayer | Updating Scene BVH | Building
Fra:1 Mem:752.37M (Peak 1387.66M) | Time:00:00.28 | Mem:666.40M, Peak:666.40M | Scene, ViewLayer | Updating Scene BVH | Building BVH
Fra:1 Mem:752.37M (Peak 1387.66M) | Time:00:00.28 | Mem:670.93M, Peak:670.93M | Scene, ViewLayer | Updating Scene BVH | Building BVH 0%
Fra:1 Mem:752.37M (Peak 1387.66M) | Time:00:00.30 | Mem:676.32M, Peak:680.85M | Scene, ViewLayer | Updating Scene BVH | Copying BVH to device
Fra:1 Mem:752.37M (Peak 1387.66M) | Time:00:00.30 | Mem:676.32M, Peak:680.85M | Scene, ViewLayer | Updating Mesh | Computing normals
Fra:1 Mem:757.86M (Peak 1387.66M) | Time:00:00.30 | Mem:676.32M, Peak:680.85M | Scene, ViewLayer | Updating Mesh | Copying Mesh to device
Fra:1 Mem:757.86M (Peak 1387.66M) | Time:00:00.30 | Mem:681.81M, Peak:681.81M | Scene, ViewLayer | Updating Objects Flags
Fra:1 Mem:757.86M (Peak 1387.66M) | Time:00:00.30 | Mem:681.81M, Peak:681.81M | Scene, ViewLayer | Updating Primitive Offsets
Fra:1 Mem:757.86M (Peak 1387.66M) | Time:00:00.30 | Mem:681.81M, Peak:681.81M | Scene, ViewLayer | Updating Images
Fra:1 Mem:757.86M (Peak 1387.66M) | Time:00:00.30 | Mem:681.81M, Peak:681.81M | Scene, ViewLayer | Updating Camera Volume
Fra:1 Mem:757.86M (Peak 1387.66M) | Time:00:00.30 | Mem:681.81M, Peak:681.81M | Scene, ViewLayer | Updating Lookup Tables
Fra:1 Mem:757.86M (Peak 1387.66M) | Time:00:00.30 | Mem:681.89M, Peak:681.89M | Scene, ViewLayer | Updating Lights
Fra:1 Mem:757.86M (Peak 1387.66M) | Time:00:00.30 | Mem:681.89M, Peak:681.89M | Scene, ViewLayer | Updating Lights | Computing tree
Fra:1 Mem:785.57M (Peak 1387.66M) | Time:00:00.54 | Mem:709.60M, Peak:709.60M | Scene, ViewLayer | Updating Integrator
Fra:1 Mem:785.57M (Peak 1387.66M) | Time:00:00.54 | Mem:709.60M, Peak:709.60M | Scene, ViewLayer | Updating Film
Fra:1 Mem:785.58M (Peak 1387.66M) | Time:00:00.54 | Mem:709.52M, Peak:709.60M | Scene, ViewLayer | Updating Lookup Tables
Fra:1 Mem:785.58M (Peak 1387.66M) | Time:00:00.54 | Mem:709.61M, Peak:709.61M | Scene, ViewLayer | Updating Baking
Fra:1 Mem:785.58M (Peak 1387.66M) | Time:00:00.54 | Mem:709.61M, Peak:709.61M | Scene, ViewLayer | Updating Device | Writing constant memory
Fra:1 Mem:785.58M (Peak 1387.66M) | Time:00:00.54 | Mem:709.61M, Peak:709.61M | Scene, ViewLayer | Sample 0/8
Fra:1 Mem:822.68M (Peak 1387.66M) | Time:00:00.75 | Remaining:00:01.43 | Mem:746.70M, Peak:746.70M | Scene, ViewLayer | Sample 1/8
Fra:1 Mem:839.16M (Peak 1387.66M) | Time:00:01.86 | Mem:746.70M, Peak:746.70M | Scene, ViewLayer | Sample 8/8
Fra:1 Mem:839.16M (Peak 1387.66M) | Time:00:01.86 | Mem:746.70M, Peak:746.70M | Scene, ViewLayer | Finished
Saved: '/workspace/apartment-design/multiple-angles/music-gym/angle-2.png'
Time: 00:01.95 (Saving: 00:00.08)

Fra:1 Mem:76.19M (Peak 76.19M) | Time:00:00.00 | Mem:0.00M, Peak:0.00M | Scene, ViewLayer | Synchronizing object | Mesh_0
Fra:1 Mem:76.19M (Peak 76.19M) | Time:00:00.00 | Mem:0.00M, Peak:0.00M | Scene, ViewLayer | Synchronizing object | Mesh_10
Fra:1 Mem:78.50M (Peak 78.50M) | Time:00:00.00 | Mem:0.00M, Peak:0.00M | Scene, ViewLayer | Synchronizing object | Mesh_9
Fra:1 Mem:80.66M (Peak 80.66M) | Time:00:00.00 | Mem:0.00M, Peak:0.00M | Scene, ViewLayer | Synchronizing object | Mesh_4
Fra:1 Mem:81.13M (Peak 81.13M) | Time:00:00.00 | Mem:0.00M, Peak:0.00M | Scene, ViewLayer | Synchronizing object | Mesh_5
Fra:1 Mem:81.45M (Peak 81.45M) | Time:00:00.00 | Mem:0.00M, Peak:0.00M | Scene, ViewLayer | Synchronizing object | Mesh_6
Fra:1 Mem:82.71M (Peak 82.71M) | Time:00:00.00 | Mem:0.00M, Peak:0.00M | Scene, ViewLayer | Synchronizing object | Mesh_8
Fra:1 Mem:84.11M (Peak 84.11M) | Time:00:00.00 | Mem:0.00M, Peak:0.00M | Scene, ViewLayer | Synchronizing object | Mesh_7
Fra:1 Mem:84.64M (Peak 84.64M) | Time:00:00.00 | Mem:0.00M, Peak:0.00M | Scene, ViewLayer | Initializing
Fra:1 Mem:84.60M (Peak 84.64M) | Time:00:00.00 | Mem:0.00M, Peak:0.00M | Scene, ViewLayer | Updating Images | Loading a682237f08f113c553587ed9f3adc739
Fra:1 Mem:84.60M (Peak 84.64M) | Time:00:00.00 | Mem:0.00M, Peak:0.00M | Scene, ViewLayer | Updating Images | Loading 424437e94f9e91f8b30cd110df137509
Fra:1 Mem:299.60M (Peak 299.60M) | Time:00:00.01 | Mem:0.00M, Peak:0.00M | Scene, ViewLayer | Updating Images | Loading a16774809e8025de1ea410d461175019
Fra:1 Mem:363.61M (Peak 409.61M) | Time:00:00.03 | Mem:23.00M, Peak:23.00M | Scene, ViewLayer | Updating Images | Loading 82172f0df74ed884585ea7e1e0ac3db4
Fra:1 Mem:939.65M (Peak 1067.66M) | Time:00:00.14 | Mem:87.00M, Peak:87.00M | Scene, ViewLayer | Updating Images | Loading d6ba7a8a6dface2015f7b95825cf3202
Fra:1 Mem:875.64M (Peak 1067.66M) | Time:00:00.14 | Mem:151.00M, Peak:151.00M | Scene, ViewLayer | Updating Images | Loading 286162989f88e9da0aefe1b8c2b08d7c
Fra:1 Mem:811.63M (Peak 1067.66M) | Time:00:00.15 | Mem:215.00M, Peak:215.00M | Scene, ViewLayer | Updating Images | Loading 99ec65919840ae6942c7be90a15efe6c
Fra:1 Mem:683.62M (Peak 1067.66M) | Time:00:00.16 | Mem:279.00M, Peak:279.00M | Scene, ViewLayer | Updating Images | Loading a946a532384e7687116a5fdac5d04788
Fra:1 Mem:683.61M (Peak 1067.66M) | Time:00:00.16 | Mem:343.00M, Peak:343.00M | Scene, ViewLayer | Updating Images | Loading e75100ac1b020a5e16a8be11acc4a800
Fra:1 Mem:746.63M (Peak 1259.65M) | Time:00:00.32 | Mem:663.00M, Peak:663.00M | Scene, ViewLayer | Waiting for render to start
Fra:1 Mem:746.63M (Peak 1259.65M) | Time:00:00.32 | Mem:663.00M, Peak:663.00M | Scene, ViewLayer | Loading render kernels (may take a few minutes the first time)
Fra:1 Mem:746.63M (Peak 1259.65M) | Time:00:00.32 | Mem:663.00M, Peak:663.00M | Scene, ViewLayer | Updating Scene
Fra:1 Mem:746.63M (Peak 1259.65M) | Time:00:00.32 | Mem:663.00M, Peak:663.00M | Scene, ViewLayer | Updating Shaders
Fra:1 Mem:746.71M (Peak 1259.65M) | Time:00:00.32 | Mem:663.00M, Peak:663.00M | Scene, ViewLayer | Updating Procedurals
Fra:1 Mem:746.71M (Peak 1259.65M) | Time:00:00.32 | Mem:663.00M, Peak:663.00M | Scene, ViewLayer | Updating Background
Fra:1 Mem:746.71M (Peak 1259.65M) | Time:00:00.32 | Mem:663.00M, Peak:663.00M | Scene, ViewLayer | Updating Camera
Fra:1 Mem:746.71M (Peak 1259.65M) | Time:00:00.32 | Mem:663.00M, Peak:663.00M | Scene, ViewLayer | Updating Meshes Flags
Fra:1 Mem:746.71M (Peak 1259.65M) | Time:00:00.32 | Mem:663.00M, Peak:663.00M | Scene, ViewLayer | Updating Objects
Fra:1 Mem:746.71M (Peak 1259.65M) | Time:00:00.32 | Mem:663.00M, Peak:663.00M | Scene, ViewLayer | Updating Objects | Copying Transformations to device
Fra:1 Mem:746.72M (Peak 1259.65M) | Time:00:00.32 | Mem:663.00M, Peak:663.00M | Scene, ViewLayer | Updating Objects | Applying Static Transformations
Fra:1 Mem:746.72M (Peak 1259.65M) | Time:00:00.32 | Mem:663.00M, Peak:663.00M | Scene, ViewLayer | Updating Particle Systems
Fra:1 Mem:746.72M (Peak 1259.65M) | Time:00:00.32 | Mem:663.00M, Peak:663.00M | Scene, ViewLayer | Updating Particle Systems | Copying Particles to device
Fra:1 Mem:746.72M (Peak 1259.65M) | Time:00:00.32 | Mem:663.01M, Peak:663.01M | Scene, ViewLayer | Updating Meshes
Fra:1 Mem:748.98M (Peak 1259.65M) | Time:00:00.32 | Mem:663.01M, Peak:663.01M | Scene, ViewLayer | Updating Mesh | Computing attributes
Fra:1 Mem:752.38M (Peak 1259.65M) | Time:00:00.32 | Mem:663.01M, Peak:663.01M | Scene, ViewLayer | Updating Mesh | Copying Attributes to device
Fra:1 Mem:752.37M (Peak 1259.65M) | Time:00:00.32 | Mem:666.40M, Peak:666.40M | Scene, ViewLayer | Updating Scene BVH | Building
Fra:1 Mem:752.37M (Peak 1259.65M) | Time:00:00.32 | Mem:666.40M, Peak:666.40M | Scene, ViewLayer | Updating Scene BVH | Building BVH
Fra:1 Mem:752.37M (Peak 1259.65M) | Time:00:00.32 | Mem:670.93M, Peak:670.93M | Scene, ViewLayer | Updating Scene BVH | Building BVH 0%
Fra:1 Mem:752.37M (Peak 1259.65M) | Time:00:00.34 | Mem:676.32M, Peak:680.85M | Scene, ViewLayer | Updating Scene BVH | Copying BVH to device
Fra:1 Mem:752.37M (Peak 1259.65M) | Time:00:00.34 | Mem:676.32M, Peak:680.85M | Scene, ViewLayer | Updating Mesh | Computing normals
Fra:1 Mem:757.86M (Peak 1259.65M) | Time:00:00.34 | Mem:676.32M, Peak:680.85M | Scene, ViewLayer | Updating Mesh | Copying Mesh to device
Fra:1 Mem:757.86M (Peak 1259.65M) | Time:00:00.34 | Mem:681.81M, Peak:681.81M | Scene, ViewLayer | Updating Objects Flags
Fra:1 Mem:757.86M (Peak 1259.65M) | Time:00:00.34 | Mem:681.81M, Peak:681.81M | Scene, ViewLayer | Updating Primitive Offsets
Fra:1 Mem:757.86M (Peak 1259.65M) | Time:00:00.34 | Mem:681.81M, Peak:681.81M | Scene, ViewLayer | Updating Images
Fra:1 Mem:757.86M (Peak 1259.65M) | Time:00:00.34 | Mem:681.81M, Peak:681.81M | Scene, ViewLayer | Updating Camera Volume
Fra:1 Mem:757.86M (Peak 1259.65M) | Time:00:00.34 | Mem:681.81M, Peak:681.81M | Scene, ViewLayer | Updating Lookup Tables
Fra:1 Mem:757.86M (Peak 1259.65M) | Time:00:00.34 | Mem:681.89M, Peak:681.89M | Scene, ViewLayer | Updating Lights
Fra:1 Mem:757.86M (Peak 1259.65M) | Time:00:00.34 | Mem:681.89M, Peak:681.89M | Scene, ViewLayer | Updating Lights | Computing tree
Fra:1 Mem:785.57M (Peak 1259.65M) | Time:00:00.60 | Mem:709.60M, Peak:709.60M | Scene, ViewLayer | Updating Integrator
Fra:1 Mem:785.57M (Peak 1259.65M) | Time:00:00.60 | Mem:709.60M, Peak:709.60M | Scene, ViewLayer | Updating Film
Fra:1 Mem:785.58M (Peak 1259.65M) | Time:00:00.60 | Mem:709.52M, Peak:709.60M | Scene, ViewLayer | Updating Lookup Tables
Fra:1 Mem:785.58M (Peak 1259.65M) | Time:00:00.60 | Mem:709.61M, Peak:709.61M | Scene, ViewLayer | Updating Baking
Fra:1 Mem:785.58M (Peak 1259.65M) | Time:00:00.60 | Mem:709.61M, Peak:709.61M | Scene, ViewLayer | Updating Device | Writing constant memory
Fra:1 Mem:785.58M (Peak 1259.65M) | Time:00:00.60 | Mem:709.61M, Peak:709.61M | Scene, ViewLayer | Sample 0/8
Fra:1 Mem:822.68M (Peak 1259.65M) | Time:00:00.79 | Remaining:00:01.38 | Mem:746.70M, Peak:746.70M | Scene, ViewLayer | Sample 1/8
Fra:1 Mem:839.16M (Peak 1259.65M) | Time:00:01.84 | Mem:746.70M, Peak:746.70M | Scene, ViewLayer | Sample 8/8
Fra:1 Mem:839.16M (Peak 1259.65M) | Time:00:01.84 | Mem:746.70M, Peak:746.70M | Scene, ViewLayer | Finished
Saved: '/workspace/apartment-design/multiple-angles/music-gym/angle-3.png'
Time: 00:01.94 (Saving: 00:00.09)

Fra:1 Mem:76.19M (Peak 76.19M) | Time:00:00.00 | Mem:0.00M, Peak:0.00M | Scene, ViewLayer | Synchronizing object | Mesh_0
Fra:1 Mem:76.19M (Peak 76.19M) | Time:00:00.00 | Mem:0.00M, Peak:0.00M | Scene, ViewLayer | Synchronizing object | Mesh_10
Fra:1 Mem:79.24M (Peak 79.24M) | Time:00:00.00 | Mem:0.00M, Peak:0.00M | Scene, ViewLayer | Synchronizing object | Mesh_9
Fra:1 Mem:80.65M (Peak 80.65M) | Time:00:00.00 | Mem:0.00M, Peak:0.00M | Scene, ViewLayer | Synchronizing object | Mesh_3
Fra:1 Mem:81.14M (Peak 81.14M) | Time:00:00.00 | Mem:0.00M, Peak:0.00M | Scene, ViewLayer | Synchronizing object | Mesh_4
Fra:1 Mem:81.06M (Peak 81.14M) | Time:00:00.00 | Mem:0.00M, Peak:0.00M | Scene, ViewLayer | Synchronizing object | Mesh_5
Fra:1 Mem:83.25M (Peak 83.25M) | Time:00:00.00 | Mem:0.00M, Peak:0.00M | Scene, ViewLayer | Synchronizing object | Mesh_6
Fra:1 Mem:83.46M (Peak 83.46M) | Time:00:00.00 | Mem:0.00M, Peak:0.00M | Scene, ViewLayer | Synchronizing object | Mesh_8
Fra:1 Mem:84.04M (Peak 84.04M) | Time:00:00.00 | Mem:0.00M, Peak:0.00M | Scene, ViewLayer | Synchronizing object | Mesh_7
Fra:1 Mem:84.64M (Peak 85.26M) | Time:00:00.00 | Mem:0.00M, Peak:0.00M | Scene, ViewLayer | Initializing
Fra:1 Mem:84.60M (Peak 85.26M) | Time:00:00.00 | Mem:0.00M, Peak:0.00M | Scene, ViewLayer | Updating Images | Loading a682237f08f113c553587ed9f3adc739
Fra:1 Mem:84.60M (Peak 85.26M) | Time:00:00.00 | Mem:0.00M, Peak:0.00M | Scene, ViewLayer | Updating Images | Loading 424437e94f9e91f8b30cd110df137509
Fra:1 Mem:299.60M (Peak 299.60M) | Time:00:00.00 | Mem:0.00M, Peak:0.00M | Scene, ViewLayer | Updating Images | Loading a16774809e8025de1ea410d461175019
Fra:1 Mem:363.61M (Peak 409.61M) | Time:00:00.05 | Mem:23.00M, Peak:23.00M | Scene, ViewLayer | Updating Images | Loading 82172f0df74ed884585ea7e1e0ac3db4
Fra:1 Mem:747.64M (Peak 939.65M) | Time:00:00.10 | Mem:87.00M, Peak:87.00M | Scene, ViewLayer | Updating Images | Loading d6ba7a8a6dface2015f7b95825cf3202
Fra:1 Mem:747.63M (Peak 939.65M) | Time:00:00.10 | Mem:151.00M, Peak:151.00M | Scene, ViewLayer | Updating Images | Loading 99ec65919840ae6942c7be90a15efe6c
Fra:1 Mem:683.62M (Peak 939.65M) | Time:00:00.11 | Mem:215.00M, Peak:215.00M | Scene, ViewLayer | Updating Images | Loading a946a532384e7687116a5fdac5d04788
Fra:1 Mem:619.61M (Peak 939.65M) | Time:00:00.11 | Mem:279.00M, Peak:279.00M | Scene, ViewLayer | Updating Images | Loading e75100ac1b020a5e16a8be11acc4a800
Fra:1 Mem:683.61M (Peak 939.65M) | Time:00:00.17 | Mem:343.00M, Peak:343.00M | Scene, ViewLayer | Updating Images | Loading 286162989f88e9da0aefe1b8c2b08d7c
Fra:1 Mem:746.63M (Peak 1259.65M) | Time:00:00.29 | Mem:663.00M, Peak:663.00M | Scene, ViewLayer | Waiting for render to start
Fra:1 Mem:746.63M (Peak 1259.65M) | Time:00:00.29 | Mem:663.00M, Peak:663.00M | Scene, ViewLayer | Loading render kernels (may take a few minutes the first time)
Fra:1 Mem:746.63M (Peak 1259.65M) | Time:00:00.29 | Mem:663.00M, Peak:663.00M | Scene, ViewLayer | Updating Scene
Fra:1 Mem:746.63M (Peak 1259.65M) | Time:00:00.29 | Mem:663.00M, Peak:663.00M | Scene, ViewLayer | Updating Shaders
Fra:1 Mem:746.71M (Peak 1259.65M) | Time:00:00.29 | Mem:663.00M, Peak:663.00M | Scene, ViewLayer | Updating Procedurals
Fra:1 Mem:746.71M (Peak 1259.65M) | Time:00:00.29 | Mem:663.00M, Peak:663.00M | Scene, ViewLayer | Updating Background
Fra:1 Mem:746.71M (Peak 1259.65M) | Time:00:00.29 | Mem:663.00M, Peak:663.00M | Scene, ViewLayer | Updating Camera
Fra:1 Mem:746.71M (Peak 1259.65M) | Time:00:00.29 | Mem:663.00M, Peak:663.00M | Scene, ViewLayer | Updating Meshes Flags
Fra:1 Mem:746.71M (Peak 1259.65M) | Time:00:00.29 | Mem:663.00M, Peak:663.00M | Scene, ViewLayer | Updating Objects
Fra:1 Mem:746.71M (Peak 1259.65M) | Time:00:00.29 | Mem:663.00M, Peak:663.00M | Scene, ViewLayer | Updating Objects | Copying Transformations to device
Fra:1 Mem:746.72M (Peak 1259.65M) | Time:00:00.29 | Mem:663.00M, Peak:663.00M | Scene, ViewLayer | Updating Objects | Applying Static Transformations
Fra:1 Mem:746.72M (Peak 1259.65M) | Time:00:00.29 | Mem:663.00M, Peak:663.00M | Scene, ViewLayer | Updating Particle Systems
Fra:1 Mem:746.72M (Peak 1259.65M) | Time:00:00.29 | Mem:663.00M, Peak:663.00M | Scene, ViewLayer | Updating Particle Systems | Copying Particles to device
Fra:1 Mem:746.72M (Peak 1259.65M) | Time:00:00.29 | Mem:663.01M, Peak:663.01M | Scene, ViewLayer | Updating Meshes
Fra:1 Mem:748.98M (Peak 1259.65M) | Time:00:00.29 | Mem:663.01M, Peak:663.01M | Scene, ViewLayer | Updating Mesh | Computing attributes
Fra:1 Mem:752.38M (Peak 1259.65M) | Time:00:00.29 | Mem:663.01M, Peak:663.01M | Scene, ViewLayer | Updating Mesh | Copying Attributes to device
Fra:1 Mem:752.37M (Peak 1259.65M) | Time:00:00.29 | Mem:666.40M, Peak:666.40M | Scene, ViewLayer | Updating Scene BVH | Building
Fra:1 Mem:752.37M (Peak 1259.65M) | Time:00:00.29 | Mem:666.40M, Peak:666.40M | Scene, ViewLayer | Updating Scene BVH | Building BVH
Fra:1 Mem:752.37M (Peak 1259.65M) | Time:00:00.29 | Mem:670.93M, Peak:670.93M | Scene, ViewLayer | Updating Scene BVH | Building BVH 0%
Fra:1 Mem:752.37M (Peak 1259.65M) | Time:00:00.31 | Mem:676.32M, Peak:680.85M | Scene, ViewLayer | Updating Scene BVH | Copying BVH to device
Fra:1 Mem:752.37M (Peak 1259.65M) | Time:00:00.31 | Mem:676.32M, Peak:680.85M | Scene, ViewLayer | Updating Mesh | Computing normals
Fra:1 Mem:757.86M (Peak 1259.65M) | Time:00:00.31 | Mem:676.32M, Peak:680.85M | Scene, ViewLayer | Updating Mesh | Copying Mesh to device
Fra:1 Mem:757.86M (Peak 1259.65M) | Time:00:00.31 | Mem:681.81M, Peak:681.81M | Scene, ViewLayer | Updating Objects Flags
Fra:1 Mem:757.86M (Peak 1259.65M) | Time:00:00.31 | Mem:681.81M, Peak:681.81M | Scene, ViewLayer | Updating Primitive Offsets
Fra:1 Mem:757.86M (Peak 1259.65M) | Time:00:00.31 | Mem:681.81M, Peak:681.81M | Scene, ViewLayer | Updating Images
Fra:1 Mem:757.86M (Peak 1259.65M) | Time:00:00.31 | Mem:681.81M, Peak:681.81M | Scene, ViewLayer | Updating Camera Volume
Fra:1 Mem:757.86M (Peak 1259.65M) | Time:00:00.31 | Mem:681.81M, Peak:681.81M | Scene, ViewLayer | Updating Lookup Tables
Fra:1 Mem:757.86M (Peak 1259.65M) | Time:00:00.31 | Mem:681.89M, Peak:681.89M | Scene, ViewLayer | Updating Lights
Fra:1 Mem:757.86M (Peak 1259.65M) | Time:00:00.31 | Mem:681.89M, Peak:681.89M | Scene, ViewLayer | Updating Lights | Computing tree
Fra:1 Mem:785.57M (Peak 1259.65M) | Time:00:00.56 | Mem:709.60M, Peak:709.60M | Scene, ViewLayer | Updating Integrator
Fra:1 Mem:785.57M (Peak 1259.65M) | Time:00:00.56 | Mem:709.60M, Peak:709.60M | Scene, ViewLayer | Updating Film
Fra:1 Mem:785.58M (Peak 1259.65M) | Time:00:00.56 | Mem:709.52M, Peak:709.60M | Scene, ViewLayer | Updating Lookup Tables
Fra:1 Mem:785.58M (Peak 1259.65M) | Time:00:00.56 | Mem:709.61M, Peak:709.61M | Scene, ViewLayer | Updating Baking
Fra:1 Mem:785.58M (Peak 1259.65M) | Time:00:00.57 | Mem:709.61M, Peak:709.61M | Scene, ViewLayer | Updating Device | Writing constant memory
Fra:1 Mem:785.58M (Peak 1259.65M) | Time:00:00.57 | Mem:709.61M, Peak:709.61M | Scene, ViewLayer | Sample 0/8
Fra:1 Mem:822.68M (Peak 1259.65M) | Time:00:00.75 | Remaining:00:01.31 | Mem:746.70M, Peak:746.70M | Scene, ViewLayer | Sample 1/8
Fra:1 Mem:839.17M (Peak 1259.65M) | Time:00:01.89 | Mem:746.70M, Peak:746.70M | Scene, ViewLayer | Sample 8/8
Fra:1 Mem:839.17M (Peak 1259.65M) | Time:00:01.89 | Mem:746.70M, Peak:746.70M | Scene, ViewLayer | Finished
Saved: '/workspace/apartment-design/multiple-angles/music-gym/angle-4.png'
Time: 00:01.98 (Saving: 00:00.08)


Blender quit
